DB Index,Part Name,Batch Name,Log Date,Temp,PTI State,Comment,Ref,VIPR Code/Note,Part Class,Critical Defect,Dimensional,EC,Failure Type,LPI,Picked,SubGroup,Visual,intSite,Fail Reason,NDT_Comment,Tracker Result,MfgMonth,MfgYear (YY),Result,%PeaksIn,PTIScore,Freq 1,Freq 2,Freq 3,Freq 4,Freq 5,Freq 6,Freq 7,Freq 8,Freq 9,Freq 10,Freq 11,Freq 12,Freq 13,Freq 14,Freq 15,Freq 16,Freq 17,Freq 18,Freq 19,Freq 20,Freq 21,Freq 22,Freq 23,Freq 24,Freq 25,Freq 26,Freq 27,Freq 28,Freq 1,Amp 1,ZW 1,D2 1,Q 1,Freq 2,Amp 2,ZW 2,D2 2,Q 2,Freq 3,Amp 3,ZW 3,D2 3,Q 3,Freq 4,Amp 4,ZW 4,D2 4,Q 4,Freq 5,Amp 5,ZW 5,D2 5,Q 5,Freq 6,Amp 6,ZW 6,D2 6,Q 6,Freq 7,Amp 7,ZW 7,D2 7,Q 7,Freq 8,Amp 8,ZW 8,D2 8,Q 8,Freq 9,Amp 9,ZW 9,D2 9,Q 9,Freq 10,Amp 10,ZW 10,D2 10,Q 10,Freq 11,Amp 11,ZW 11,D2 11,Q 11,Freq 12,Amp 12,ZW 12,D2 12,Q 12,Freq 13,Amp 13,ZW 13,D2 13,Q 13,Freq 14,Amp 14,ZW 14,D2 14,Q 14,Freq 15,Amp 15,ZW 15,D2 15,Q 15,Freq 16,Amp 16,ZW 16,D2 16,Q 16,Freq 17,Amp 17,ZW 17,D2 17,Q 17,Freq 18,Amp 18,ZW 18,D2 18,Q 18,Freq 19,Amp 19,ZW 19,D2 19,Q 19,Freq 20,Amp 20,ZW 20,D2 20,Q 20,Freq 21,Amp 21,ZW 21,D2 21,Q 21,Freq 22,Amp 22,ZW 22,D2 22,Q 22,Freq 23,Amp 23,ZW 23,D2 23,Q 23,Freq 24,Amp 24,ZW 24,D2 24,Q 24,Freq 25,Amp 25,ZW 25,D2 25,Q 25,Freq 26,Amp 26,ZW 26,D2 26,Q 26,Freq 27,Amp 27,ZW 27,D2 27,Q 27,Freq 28,Amp 28,ZW 28,D2 28,Q 28
,,,,,,,,,,,,,,,,,,,,,,,,,,,,,,,,,,,,,,,,,,,,,,,,,,,,,,,,,,,,,,,,,,,,,,,,,,,,,,,,,,,,,,,,,,,,,,,,,,,,,,,,,,,,,,,,,,,,,,,,,,,,,,,,,,,,,,,,,,,,,,,,,,,,,,,,,,,,,,,,,,,,,,,,,,,,,,,,,,,,,,,,,,,,,,,,,,
0,1051,45760439_1450,9/12/2023 18:54,23.3,2,,TRUE,,GD,No Defect,Not Done,Pass,,Not Done,Pass,,Pass,110_LVL (new),none,,,2,2000,Fail,0,0,-0.143,0.216,0.238,0.022,-0.321,-0.085,0.03,-0.122,-0.086,0.862,-0.057,-0.086,0,-0.088,-0.042,-0.048,0.465,-0.081,-0.048,1.06,-0.012,-100,0.004,-100,-0.109,-0.048,-0.071,-0.076,-0.143,1.04,-33.139,51.48,49.351,0.216,1463.379,87.896,47.59,-46.664,0.238,1581.35,47.941,-177.558,-32.245,0.022,1065.274,-8.148,-81.515,8.895,-0.321,390.741,-5.662,-31.992,5.662,-0.085,731.436,9.723,-70.444,-8.938,0.03,1715.768,-18.079,-138.636,22.105,-0.122,552.153,3.807,-90.857,-3.785,-0.086,900.031,7.987,-75.474,-7.476,0.862,378.013,-29.795,-95.072,43.669,-0.057,13.007,37.972,18.051,-27.563,-0.086,1026.414,9.957,-54.959,-9.134,0,809.875,-4.129,-39.374,4.307,-0.088,676.028,-6.489,-23.593,6.846,-0.042,985.161,38.817,-40.827,-27.993,-0.048,1069.272,33.974,-262.999,-25.395,0.465,4.341,-5.397,-72.239,6.196,-0.081,638.166,26.587,19.678,-21.067,-0.048,2680.175,29.952,2.414,-23.085,1.06,1663.759,-3.025,-288.679,4.213,-0.012,88.248,1.119,-29.168,-1.119,-100,-100,-100,100,-100,0.004,281.184,-24.324,-173.968,32.147,-100,-100,-100,100,-100,-0.109,-62.075,22.4,40.899,-18.39,-0.048,388.712,38.077,37.105,-27.612,-0.071,420.705,13.099,-46.903,-11.645,-0.076,-82.72,46.694,40.812,-31.883
1,2386,45404810_86833,3/17/2023 15:20,23.1,2,,TRUE,,GD,No Defect,Not Done,Pass,Green,Not Done,Pass,Green,Pass,110_LVL (new),none,,,11,2003,Fail,0,0,-0.304,0.806,0.316,0.371,0.158,0.423,0.268,0.306,0.417,0.422,0.394,0.3,0.365,0.365,0.277,0.395,0.093,0.281,0.229,0.3,0.348,-100,0.37,0.377,0.317,0.455,0.322,-100,-0.304,304.623,-71.172,82.877,245.83,0.806,556.437,60.525,83.63,-37.202,0.316,669.247,3.711,-12.768,-3.274,0.371,681.863,-28.633,-83.204,40.64,0.158,1056.413,48.824,75.381,-32.701,0.423,800.631,-2.739,-38.772,3.251,0.268,344.924,7.093,-19.364,-6.373,0.306,776.441,-25.28,-52.274,34.243,0.417,457.76,-23.473,-76.175,31.219,0.422,461.694,-53.508,-261.903,115.998,0.394,-16.233,-25.172,-85.294,34.166,0.3,863.351,-6.978,-68.009,7.823,0.365,413.35,-20.055,-36.357,25.543,0.365,1.551,-4.693,-22.784,5.307,0.277,-11.522,-23.232,-57.75,30.624,0.395,820.139,-38.694,-194.395,63.761,0.093,91.451,-5.839,-69.368,6.299,0.281,-12.998,-2.104,-0.956,2.437,0.229,23.295,-15.115,-34.281,18.076,0.3,-57.854,23.972,-76.213,-19.094,0.348,95.145,-32.909,-138.051,49.569,-100,-100,-100,100,-100,0.37,496.905,-51.694,-522.536,107.78,0.377,926.087,-30.228,-124.292,43.863,0.317,-36.709,-43.103,-35.644,76.314,0.455,335.222,-46.851,19.243,89.008,0.322,9.559,-16.34,-23.137,19.915,-100,-100,-100,100,-100
2,2546,45681871_1450,7/27/2023 17:53,24.8,2,,TRUE,,GD,No Defect,Not Done,Pass,Green,Not Done,Pass,Green,Pass,300_FW,none,,,0,0,Fail,0,0,0.254,0.235,-0.006,0.003,-0.341,0.04,0.059,-0.032,0.048,0.047,0.069,0.028,0.062,0.056,0.002,-0.003,0.028,0.016,-0.012,-0.005,0.034,0.007,-0.007,0.064,-0.058,-0.018,0.026,-0.012,0.254,770.523,-23.371,1.203,30.83,0.235,832.519,28.626,35.939,-22.073,-0.006,771.592,8.788,-24.893,-8.083,0.003,760.511,-24.751,-130.893,32.896,-0.341,163.658,109.535,19.117,-52.438,0.04,578.857,26.662,-14.36,-21.018,0.059,906.842,-17.039,-164.357,20.61,-0.032,366.589,17.325,-25.745,-14.795,0.048,570.49,-8.024,-39.406,8.776,0.047,772.716,-0.175,-116.567,0.223,0.069,-25.038,-6.175,-2.39,6.655,0.028,573.913,16.962,-37.376,-14.479,0.062,437.239,39.211,27.664,-28.122,0.056,441.201,7.717,-52.562,-7.112,0.002,19.053,32.767,26.564,-24.679,-0.003,577.273,-2.736,-92.23,2.81,0.028,574.779,-15.905,-70.203,18.946,0.016,-24.762,4.791,18.91,-4.557,-0.012,1568.188,50.201,39.77,-33.43,-0.005,-41.053,42.033,41.264,-29.597,0.034,-5.322,2.191,-20.927,-2.111,0.007,-22.899,-14.332,-43.575,16.738,-0.007,-27.617,11.52,16.009,-10.336,0.064,500.595,-5.643,-66.228,6.048,-0.058,-57.357,61.533,67.919,-38.129,-0.018,-49.414,38.853,46.002,-27.994,0.026,312.917,10.104,-20.942,-9.153,-0.012,-77.814,8.483,37.352,-7.831
3,2798,45523806_1450,5/8/2023 19:51,23.4,2,,TRUE,,GD,No Defect,Pass,Pass,Green,Not Done,Pass,Green,Pass,400_LA (new),none,,,4,2006,Fail,0,0,-0.443,-1.298,-0.079,-0.022,-0.176,-0.045,0.05,-0.067,0.023,-0.671,0.137,0.067,0.122,-0.005,0.015,0.029,0.055,-0.016,-0.04,0.018,0.04,-0.005,-0.029,0.04,-0.081,-0.031,-0.027,-0.146,-0.443,-64.855,3.582,-595.618,-3.886,-1.298,-20.587,-66.188,-284.859,191.917,-0.079,660.472,-16.872,3.475,20.201,-0.022,393.155,19.97,35.323,-16.664,-0.176,21.622,83.672,-33.44,-45.651,-0.045,406.216,38.909,-36.661,-28.042,0.05,1130.876,-20.731,-58.952,26.217,-0.067,237.605,-27.484,-93.62,37.808,0.023,444.46,1.462,-3.709,-1.418,-0.671,272.458,-3.536,3.584,2.97,0.137,1061.584,28.529,6.231,-22.09,0.067,596.984,-3.462,-11.272,3.656,0.122,523.606,39.626,46.105,-28.293,-0.005,425.702,8.765,25.622,-8.063,0.015,1028.452,24.118,-22.104,-19.419,0.029,14.274,-13.108,49.077,15.119,0.055,926.217,17.982,16.051,-15.195,-0.016,508.943,1.824,0.625,-1.807,-0.04,363.807,10.627,-32.132,-9.642,0.018,544.134,-42.376,78.83,73.57,0.04,601.957,11.708,23.47,-10.445,-0.005,870.396,36.332,-92.35,-26.653,-0.029,450.246,1.825,15.805,-1.82,0.04,222.748,36.785,39.513,-26.863,-0.081,-41.586,21.765,-3.246,-17.941,-0.031,587.985,37.94,-6.306,-27.527,-0.027,217.088,-34.481,-61.124,52.586,-0.146,40.89,-84.559,69.776,546.677
4,3171,45744613_1450,8/26/2023 18:53,24.8,2,,TRUE,,GD,No Defect,Pass,Pass,,Not Done,Pass,,Pass,300_FW,none,,,8,2007,Fail,0,0,-0.156,0.813,0.058,0.013,0.053,0.05,-0.099,0.093,0.024,-0.039,-0.03,-0.008,-0.091,0.067,-0.027,-0.032,-0.008,0.01,0.02,0.014,-0.024,0.002,-0.006,-100,0.049,-0.042,0.055,0.072,-0.156,-28.81,74.219,57.318,-42.691,0.813,-49.961,420.146,89.62,-80.618,0.058,-14.911,7.14,13.088,-6.61,0.013,-40.54,10.488,24.967,-9.481,0.053,-18.27,32.11,30.547,-24.266,0.05,-29.228,-4.902,6.215,5.208,-0.099,-72.468,56.134,48.369,-36.016,0.093,17.653,-10.447,8.219,11.769,0.024,-45.152,-0.244,-3.205,0.268,-0.039,-65.14,6.907,-38.821,-6.498,-0.03,-86.829,65.069,67.774,-39.438,-0.008,-58.29,3.523,27.322,-3.411,-0.091,-56.646,22.858,26.375,-18.679,0.067,6.122,20.154,-51.153,-16.718,-0.027,-68.794,-8.171,3.522,8.868,-0.032,-41.947,-19.112,-69.636,23.588,-0.008,-91.376,-13.43,3.714,15.505,0.01,-57.571,1.101,4.288,-1.079,0.02,-56.215,12.1,3.91,-10.776,0.014,-42.305,-12.423,-26.972,14.201,-0.024,-56.539,-3.272,-12.755,3.358,0.002,-71.377,27.793,40.425,-21.747,-0.006,-72.344,-11.513,-28.42,13.004,-100,-100,-100,100,-100,0.049,-41.157,-2.408,-1.288,2.518,-0.042,-38.82,-12.983,-33.032,14.872,0.055,-17.851,10.648,17.456,-9.573,0.072,-52.484,0.624,-167.299,-0.549
5,4102P,45533791_1450,5/11/2023 23:30,25.2,2,,TRUE,,GD,No Defect,Pass,Pass,Green,Not Done,Pass,Green,Pass,300_FW,none,,,11,2010,Fail,0,0,-0.67,-0.161,-0.526,-0.309,-0.463,0,-0.102,-0.015,0.015,-0.023,-0.366,-0.154,0.116,0.06,0.061,0.095,0.122,-0.106,-0.055,0.018,0.245,0.317,-0.087,0.043,-0.049,-0.269,0.067,0.071,-0.67,374.181,-7.191,73.662,7.026,-0.161,256.596,-59.802,87.8,148.371,-0.526,416.059,3.002,-74.033,-3.425,-0.309,340.117,-10.787,-32.829,11.745,-0.463,722.753,134.197,39.519,-57.498,0,464.12,15.453,6.718,-13.385,-0.102,514.829,14.686,-17.161,-12.894,-0.015,297.878,-25.898,-76.904,34.928,0.015,447.502,-8.42,-35.874,9.211,-0.023,738.145,-19.038,-119.9,23.486,-0.366,677.44,-3.874,-68.614,3.649,-0.154,449.731,-13.385,-111.69,15.276,0.116,395.287,0.174,-17.7,-0.058,0.06,524.716,9.017,-8.341,-8.216,0.061,-29.496,18.444,-4.548,-15.52,0.095,748.188,5.391,-112.487,-5.025,0.122,1340.423,28.318,-131.344,-21.973,-0.106,854.558,-17.9,-181.712,21.673,-0.055,-47.506,15.627,43.883,-13.563,0.018,623.744,215.839,-208.763,-68.333,0.245,10.704,-23.51,-105.817,31.057,0.317,-63.41,-42.844,-157.987,75.515,-0.087,12.813,-33.463,-52.886,50.162,0.043,368.34,46.903,36.727,-31.899,-0.049,158.465,-19.472,45.221,24.12,-0.269,133.396,-12.795,9.889,14.364,0.067,52.188,-6.002,-15.921,6.456,0.071,-70.155,38.343,63.176,-27.665
6,4237,45827890_1450,10/17/2023 14:58,22.4,2,,TRUE,,GD,No Defect,Not Done,Pass,,Not Done,Pass,,Pass,110_LVL (new),none,0,,10,2011,Fail,0,0,0.101,0.278,-0.025,-0.051,-0.236,-0.01,-0.039,-0.091,-0.016,0.008,0.015,-0.055,0.028,-0.049,-0.038,-0.023,-0.005,-0.018,-0.038,-0.461,0.013,-0.019,-0.012,-100,-0.072,-0.027,-0.289,-0.032,0.101,1008.253,7.179,-11.357,-6.605,0.278,1227.957,7.609,32.79,-6.813,-0.025,1740.242,-17.793,-215.919,21.613,-0.051,823.656,-14.318,-106.126,16.651,-0.236,202.374,31.707,-100.276,-24.253,-0.01,1224.116,-22.22,-270.592,28.554,-0.039,1207.765,14.852,-82.067,-12.966,-0.091,535.671,-12.349,-158.288,13.985,-0.016,821.873,-1.471,-73.858,1.476,0.008,1114.045,17.431,-49.288,-14.837,0.015,14.412,25.849,21.073,-20.528,-0.055,1147.443,-26.328,-166.01,35.662,0.028,878.541,5.151,-44.268,-4.872,-0.049,512.302,-12.529,-45.074,14.267,-0.038,517.656,29.242,-17.005,-22.655,-0.023,1000.732,4.678,-139.608,-4.492,-0.005,1044,5.21,-113.996,-4.957,-0.018,700.162,47.736,38.428,-32.323,-0.038,2390.93,26.515,21.269,-20.988,-0.461,183.145,-31.568,-68.109,45.457,0.013,91.603,-9.244,-53.205,10.2,-0.019,146.001,-8.635,-70.059,9.43,-0.012,326.197,-9.804,-65.027,10.856,-100,-100,-100,100,-100,-0.072,-67.86,-26.539,51.41,36.03,-0.027,476.985,42.521,9.007,-29.854,-0.289,81.145,-17.581,26.034,20.98,-0.032,-85.188,7.798,38.105,-7.263
7,4258,45323100_1450,1/20/2023 18:52,24.4,2,,TRUE,,GD,No Defect,Not Done,Pass,Green,Not Done,Pass,Green,Pass,300_FW,none,,,0,0,Fail,0,0,0.025,0.236,0.185,0.188,0.075,0.221,0.087,0.11,0.143,0.121,0.07,0.115,0.11,0.116,0.099,0.134,0.105,0.144,0.133,0.619,0.147,0.049,0.121,0.126,0.164,0.106,0.268,0.131,0.025,190.886,31.921,34.364,-24.178,0.236,324.47,10.946,45.065,-9.653,0.185,301.522,-20.209,-13.564,25.559,0.188,260.4,-9.839,-40.657,11.121,0.075,263.458,-40.027,-140.608,66.867,0.221,279.149,-3.75,-24.775,4.126,0.087,148.91,-20.605,-30.586,26.063,0.11,296.457,-32.679,-173.885,48.704,0.143,186.517,-14.369,-44.305,16.948,0.121,214.313,-18.856,-63.992,23.388,0.07,111.289,-21.056,-67.616,26.76,0.115,187.49,-19.399,-60.477,24.21,0.11,-67.795,-10.404,7.766,11.735,0.116,264.569,-23.507,-150.015,30.883,0.099,-52.991,-36.594,-94.738,57.869,0.134,376.969,-34.149,-238.156,52.062,0.105,376.804,-47.415,-339.508,90.368,0.144,308.262,-31.022,-157.639,45.182,0.133,485.165,-16.746,-182.058,20.273,0.619,-36.687,29.4,-16.075,-22.242,0.147,-46.266,-29.713,-110.634,42.484,0.049,-88.168,-37.227,0.413,59.382,0.121,-77.534,-44.881,-128.524,81.646,0.126,255.248,-29.089,-150.359,41.199,0.164,-27.978,-36.121,-144.214,56.802,0.106,39.264,1.898,35.404,-1.759,0.268,-36.097,-47.789,-82.581,92.043,0.131,-72.592,3.327,55.389,-3.093
8,4268,45725950_1450,8/18/2023 0:03,30.2,2,,TRUE,,GD,No Defect,Pass,Pass,Green,Not Done,Pass,Green,Pass,400_LA (new),none,,,1,2012,Fail,0,0,-0.279,-0.343,-0.043,-0.052,-0.001,0,0.029,-0.031,0.015,0.039,0,-0.008,-0.023,-0.063,0.002,-0.013,-0.027,-0.027,-0.025,0.066,-0.022,-100,-0.031,-0.355,-0.011,-0.053,-0.019,0.009,-0.279,120.299,-69.883,-153.186,231.113,-0.343,145.336,-49.664,-69.202,97.982,-0.043,185.177,24.159,37.022,-19.493,-0.052,226.423,1.116,14.562,-1.155,-0.001,163.242,22.701,26.088,-18.502,0,194.195,1.916,1.702,-1.88,0.029,279.683,-35.753,-80.733,55.695,-0.031,188.137,1.443,-7.947,-1.453,0.015,230.031,-4.121,-2.146,4.315,0.039,270.793,-3.812,-24.508,4.003,0,205.958,10.811,20.505,-9.756,-0.008,220.457,2.368,-3.094,-2.321,-0.023,220.267,-0.406,-24.611,0.384,-0.063,157.352,-32.34,-50.923,47.704,0.002,249.591,-38.076,-33.463,61.491,-0.013,142.244,6.732,17.681,-6.32,-0.027,132.941,-6.951,1.088,7.441,-0.027,133.001,11.706,16.361,-10.504,-0.025,166.243,8.878,-46.064,-8.178,0.066,55.992,-0.027,-41.104,0.093,-0.022,229.228,-18.792,-74.379,23.114,-100,-100,-100,100,-100,-0.031,-75.519,-12.653,4.155,14.45,-0.355,146.373,-39.042,-40.981,63.466,-0.011,122.772,6.892,-24.933,-6.458,-0.053,173.565,42.488,29.248,-29.856,-0.019,52.203,9.426,29.547,-8.631,0.009,22.797,-22.618,-77.305,29.241
9,4282,45753578_1450,9/7/2023 15:06,22.8,2,,TRUE,,GD,No Defect,Not Done,Pass,,Not Done,Pass,,Pass,110_LVL (new),none,,,1,2012,Fail,0,0,-0.275,-0.636,-0.132,-0.091,-0.094,-0.1,-0.079,-0.08,-0.071,-0.031,-0.007,-0.042,-0.017,-0.048,-0.061,-0.057,-0.053,-0.051,-0.07,-0.068,-0.047,-0.071,-0.044,-100,-0.091,-0.043,-100,-0.012,-0.275,251.975,32.341,-228.302,-24.646,-0.636,316.574,11.21,-317.351,-10.652,-0.132,178.677,67.824,35.457,-40.492,-0.091,294.494,8.073,6.446,-7.554,-0.094,192.894,57.102,55.04,-36.407,-0.1,418.056,-23.398,-104.276,30.413,-0.079,373.28,21.724,4.109,-17.912,-0.08,319.81,-18.028,-61.222,21.895,-0.071,362.98,-1.669,-56.267,1.625,-0.031,403.368,7.84,-11.048,-7.299,-0.007,403.86,20.862,17.651,-17.267,-0.042,399.52,0,-21.347,-0.042,-0.017,458.441,-4.777,7.597,4.999,-0.048,381.713,-9.903,-25.082,10.938,-0.061,391.338,-3.226,-47.779,3.271,-0.057,242.771,16.489,16.048,-14.204,-0.053,317.433,6.896,0.1,-6.5,-0.051,251.02,43.51,55.872,-30.354,-0.07,345.534,-19.959,-47.505,24.849,-0.068,176.963,11.772,16.42,-10.593,-0.047,489.047,-6.142,-25.571,6.493,-0.071,-34.448,-13.882,46.719,16.038,-0.044,-30.036,-3.632,2.014,3.723,-100,-100,-100,100,-100,-0.091,-60.754,-36.937,-140.485,58.427,-0.043,334.575,44.584,20.836,-30.866,-100,-100,-100,100,-100,-0.012,-48.973,9.518,-9.28,-8.702
10,4289,45876558_1450,11/7/2023 20:09,22.6,2,,TRUE,,GD,No Defect,Not Done,Pass,,Not Done,Pass,,Pass,110_LVL (new),none,0,,2,2012,Fail,0,0,0.306,0.537,0.153,0,0.33,0.01,0.01,0.031,0.039,0.016,0.046,0.009,0.053,0.037,0.008,0.01,0.037,-0.048,-0.035,0.053,0.005,0.01,-0.003,0.064,-0.029,-0.14,0.252,0.056,0.306,-73.26,-34.087,54.638,52.18,0.537,-74.569,-63.079,73.4,172.307,0.153,16.422,8.948,-108.369,-8.073,0,-18.032,0.708,26.121,-0.703,0.33,-39.874,-36.376,10.882,57.692,0.01,-7.174,-17.796,-17.08,21.661,0.01,-30.836,59.298,32.571,-37.218,0.031,-24.445,-8.328,28.623,9.119,0.039,-19.085,0.712,-12.774,-0.668,0.016,-30.569,12.37,43.366,-10.995,0.046,-24.141,5.241,8.972,-4.936,0.009,-13.49,-0.851,-26.97,0.868,0.053,-5.384,7.588,0.482,-7.003,0.037,17.152,-10.565,-58.836,11.855,0.008,-32.29,-8.997,1.05,9.895,0.01,-28.194,7.887,10.023,-7.301,0.037,-27.716,-3.188,-7.212,3.332,-0.048,-48.221,26.793,37.451,-21.169,-0.035,-39.499,13.795,-11.679,-12.154,0.053,-12.884,5.922,-4.778,-5.541,0.005,-28.192,5.709,19.066,-5.396,0.01,8.191,-28.864,-30.521,40.589,-0.003,-27.494,8.008,22.06,-7.417,0.064,-2.423,-3.73,-5.454,3.941,-0.029,-75.667,-21.345,8.883,27.1,-0.14,-29.976,-6.359,-16.424,6.642,0.252,83.586,50.882,-70.786,-33.556,0.056,-58.791,-56.443,15.769,129.715
11,4291,45569124_1450,5/31/2023 21:13,24.1,2,,TRUE,,GD,No Defect,Pass,Pass,Green,Not Done,Pass,Green,Pass,400_LA (new),none,,,2,2012,Fail,0,0,-1.436,-1.003,-0.048,0.061,0.059,0.121,0.06,0.017,0.071,0.063,0.081,0.037,0.05,0.033,0.02,0.04,0.074,0.002,0,0.305,0.013,0.043,-0.019,-0.085,0.014,0.101,0.03,0.104,-1.436,40.083,-53.239,29.067,110.784,-1.003,207.803,49.541,69.265,-33.8,-0.048,1530.33,52.614,9.207,-34.507,0.061,1565.398,44.186,-65.734,-30.603,0.059,4724.078,-6.814,-63.71,7.375,0.121,2139.256,-25.856,-160.63,35.036,0.06,1207.061,-8.646,-58.155,9.53,0.017,1552.493,37.542,-31.559,-27.282,0.071,1566.694,41.286,-89.36,-29.171,0.063,1492.925,2.338,-86.848,-2.223,0.081,23.877,-11.31,73.458,12.844,0.037,1629.941,-24.293,-202.872,32.137,0.05,1993.105,-10.786,-82.606,12.145,0.033,6872.331,1.307,-100.802,-1.258,0.02,-29.912,13.542,-59.16,-11.909,0.04,1567.426,0.042,-107.619,-0.002,0.074,1735.506,-1.511,-152.182,1.61,0.002,554.554,166.888,85.659,-62.53,0,429.482,6.302,-117.208,-5.928,0.305,927.992,61.567,-48.315,-37.917,0.013,1370.17,19.532,-39.201,-16.33,0.043,352.432,-11.185,-92.121,12.642,-0.019,45.214,-16.972,-159.274,20.418,-0.085,6935.652,209.161,-335.984,-67.682,0.014,195.26,-18.524,-340.144,22.753,0.101,1655.548,54.231,-41.381,-35.097,0.03,2038.022,26.307,-63.533,-20.804,0.104,138.047,-76.274,25.275,321.923
12,4292,45637613_1450,7/5/2023 23:53,27,2,,TRUE,,GD,No Defect,Not Done,Pass,Green,Not Done,Pass,Green,Pass,300_FW,none,,,0,0,Fail,0,0,-0.335,-0.449,-0.027,-0.011,-0.056,0.01,-0.029,0,0.015,0.008,-0.015,-0.051,-0.02,-0.033,-0.023,-0.012,-0.006,-0.011,-0.045,0.264,-0.041,-0.035,-0.032,-100,0,-0.047,-0.006,-0.042,-0.335,225.827,-51.77,45.12,106.646,-0.449,25.368,-63.763,75.959,174.725,-0.027,351.417,17.823,20.631,-15.149,-0.011,260.664,27.153,12.345,-21.363,-0.056,14.448,-4.082,-14.952,4.198,0.01,285.092,-2.46,-11.735,2.532,-0.029,287.037,15.87,6.069,-13.722,0,219.512,-37.322,-28.935,59.546,0.015,278.392,-16.146,-72.052,19.272,0.008,404.167,-13.793,-61.324,16.008,-0.015,-64.666,-6.375,-19.129,6.793,-0.051,219.88,-1.852,2.771,1.835,-0.02,305.112,3.026,7.995,-2.957,-0.033,373.177,-16.44,-33.177,19.635,-0.023,-26.87,1.345,7.898,-1.35,-0.012,355.431,-2.204,-11.526,2.242,-0.006,301.818,-10.233,-31.781,11.392,-0.011,265.149,-5.062,-4.755,5.319,-0.045,256.435,-5.378,-95.659,5.636,0.264,274.004,55.461,-14.414,-35.505,-0.041,227.734,13.402,13.178,-11.854,-0.035,207.04,3.761,-4.462,-3.658,-0.032,-49.696,4.708,-1.618,-4.527,-100,-100,-100,100,-100,0,-48.646,-6.027,5.889,6.414,-0.047,295.871,5.958,23.201,-5.667,-0.006,323.241,-13.502,-39.772,15.602,-0.042,-13.821,-2.269,-6.094,2.279
13,4299,45873841_1450,11/3/2023 20:16,22.4,2,,TRUE,,GD,No Defect,Not Done,Pass,,Not Done,Pass,,Pass,110_LVL (new),none,0,,2,2012,Fail,0,0,0.609,0.135,0.07,0.01,0.061,0,-0.129,0.083,0.039,-0.008,-0.046,-0.036,-0.078,0.041,-0.069,-0.02,-0.032,-0.032,-0.035,-0.033,-0.013,-0.012,-0.032,-100,-0.044,-0.095,0.236,0.082,0.609,29.846,64.39,-393.36,-38.799,0.135,-17.761,-19.282,-224.026,24.056,0.07,-27.012,23.131,-56.659,-18.729,0.01,-12.231,-6.124,-22.931,6.534,0.061,-0.206,-1.079,6.419,1.153,0,-13.373,-1.646,-4.847,1.673,-0.129,-53.909,-25.884,-25.025,34.749,0.083,69.483,3.773,-1.434,-3.556,0.039,-24.515,6.236,16.943,-5.832,-0.008,-32.975,-5.982,-22.992,6.354,-0.046,-51.783,2.195,-16.432,-2.193,-0.036,-41.713,8.008,-42.97,-7.448,-0.078,-32.522,-24.038,-60.703,31.542,0.041,33.583,-10.621,-50.308,11.929,-0.069,-54.37,-12.243,-42.515,13.872,-0.02,-34.567,7.391,32.919,-6.901,-0.032,-47.697,-21.78,-51.247,27.804,-0.032,-51.1,21.604,42.916,-17.792,-0.035,-51.83,34.813,37.355,-25.849,-0.033,2.186,-13.303,-10.887,15.306,-0.013,-16.865,-8.028,-22.88,8.715,-0.012,-12.817,-8.308,36.169,9.047,-0.032,-42.244,-14.636,-34.069,17.108,-100,-100,-100,100,-100,-0.044,-71.165,-11.515,5.5,12.965,-0.095,-35.926,5.535,28.799,-5.334,0.236,8.08,28.567,-60.907,-22.036,0.082,5.105,179.945,-44.998,-64.249
14,4308,45635149_1450,7/4/2023 0:58,27,2,,TRUE,,GD,,,,,,Pass,,,300_FW,,,,,,Fail,0,0,0.159,0.827,-0.003,0.034,0.137,0.03,0.01,-0.051,0.079,0.055,0.037,0.038,0.137,0.06,0.058,0.12,0.086,0.046,0.01,-0.404,0.106,0.113,0.063,-100,0.041,-0.061,0.048,0.012,0.159,946.214,95.057,79.616,-48.651,0.827,1223.532,24.005,71.767,-18.691,-0.003,1497.795,-17.706,-118.896,21.511,0.034,873.201,-14.826,-116.191,17.446,0.137,16.119,-67.636,-253.695,209.409,0.03,574.674,19.349,-11.005,-16.187,0.01,1122.698,-27.138,-116.13,37.26,-0.051,458.806,-6.257,-113.241,6.62,0.079,741.627,-4.48,-94.736,4.773,0.055,1227.59,2.925,-171.389,-2.789,0.037,660.684,2.711,-130.6,-2.603,0.038,735.516,-12.288,-180.022,14.053,0.137,781.039,-12.884,-125.191,14.947,0.06,709.486,-28.956,-228.817,40.843,0.058,474.04,-10.659,-40.959,11.997,0.12,2023.116,0.67,-606.777,-0.546,0.086,1424.413,-16.726,-311.938,20.189,0.046,98.943,-31.61,-213.929,46.288,0.01,1789.826,50.916,-77.141,-33.732,-0.404,-56.155,-37.163,-5.886,58.5,0.106,69.882,-28.595,-188.618,40.194,0.113,57.588,2.634,-103.177,-2.456,0.063,214.235,-26.732,-176.939,36.572,-100,-100,-100,100,-100,0.041,16.809,5.019,-59.439,-4.74,-0.061,318.366,-21.032,7.588,26.556,0.048,62.312,18.881,-49.043,-15.842,0.012,-55.508,4.292,15.129,-4.104
15,4309,45597637_1450,6/13/2023 18:00,25.1,2,,TRUE,,GD,No Defect,Pass,Pass,Green,Not Done,Pass,Green,Pass,300_FW,none,,,2,2012,Fail,0,0,-0.531,0.74,0.176,0.056,-0.567,0.06,0.049,0.007,0.033,0.079,0.009,0.065,0.142,0.1,0.069,0.187,0.071,0.113,0.112,0.067,0.237,0.305,0.292,0.07,0.099,0.04,0.111,0.219,-0.531,280.65,-73.77,87.902,279.218,0.74,368.963,-54.838,63.198,123.062,0.176,342.412,-47.873,-205.285,92.176,0.056,361.696,-37.444,-121.951,59.947,-0.567,261.341,-22.511,66.96,28.318,0.06,293.748,-16.764,-43.892,20.213,0.049,277.609,-2.779,-22.35,2.909,0.007,268.771,-41.012,-45.723,69.538,0.033,182.464,-12.198,-46.649,13.93,0.079,304.6,-21.444,-101.587,27.399,0.009,-68.718,-20.441,-5.96,25.704,0.065,579,-13.86,-115.123,16.165,0.142,269.373,17.104,13.411,-14.484,0.1,743.1,-15.417,-139.305,18.344,0.069,-15.113,-29.473,-59.943,41.888,0.187,1202.014,-61.117,-701.932,157.661,0.071,915.497,-28.286,-269.575,39.543,0.113,23.415,-40.203,-232.057,67.423,0.112,-32.337,3.739,-12.201,-3.496,0.067,-34.689,-14.134,-6.378,16.538,0.237,37.525,-43.341,-220.302,76.912,0.305,-7.561,-38.212,-146.271,62.337,0.292,18.8,-23.547,-102.937,31.181,0.07,-8.629,-1.339,-50.174,1.428,0.099,-4.891,-31.025,-54.625,45.123,0.04,-75.259,-32.64,-49.109,48.516,0.111,-12.071,-23.313,-40.21,30.544,0.219,-71.626,9.736,35.953,-8.673
16,4310,45493854_1450,4/19/2023 15:18,25.5,2,,TRUE,,GD,No Defect,Pass,Pass,Green,Not Done,Pass,Green,Pass,300_FW,none,,,2,2012,Fail,0,0,2.25,-0.07,0.06,-0.01,0.09,0.172,0.15,0.09,0.136,0.047,0.062,0.073,-0.01,0.066,0.04,0.089,0.061,0.054,0.065,0.089,-0.015,0.015,0.024,0.146,0.117,-0.025,0.076,0.047,2.25,-29.566,164.528,-701.268,-61.346,-0.07,326.105,14.196,-199.713,-12.492,0.06,165.78,-24.101,-51.961,31.833,-0.01,143.795,0.475,10.497,-0.483,0.09,-64.944,-8.033,2.19,8.833,0.172,225.878,-29.53,-69.656,42.147,0.15,89.868,92.769,44.726,-48.046,0.09,144.003,15.578,-5.659,-13.401,0.136,166.812,-7.039,-19.063,7.718,0.047,129.848,-21.323,-33.538,27.162,0.062,58.05,7.61,2.822,-7.015,0.073,94.721,2.595,-2.117,-2.458,-0.01,65.591,53.117,34.262,-34.697,0.066,84.027,9.914,12.356,-8.959,0.04,129.8,2.471,15.707,-2.372,0.089,124.183,-8.985,4.678,9.97,0.061,32.814,-2.206,8.847,2.318,0.054,87.438,-0.112,-0.643,0.167,0.065,128.445,24.949,25.982,-19.915,0.089,-3.513,0.986,30.205,-0.888,-0.015,59.246,1.239,2.239,-1.238,0.015,10.17,9.359,-14.547,-8.544,0.024,-92.847,-3.26,15.509,3.395,0.146,93.07,-4.68,-16.648,5.063,0.117,175.379,-8.674,-12.929,9.626,-0.025,106.639,7.019,33.088,-6.582,0.076,103.62,14.375,0.346,-12.502,0.047,-84.339,-21.195,47.611,26.955
17,4315,45534850_1450,5/16/2023 20:56,25.1,2,,TRUE,,GD,No Defect,Not Done,Pass,Green,Not Done,Pass,Green,Pass,110_LVL (new),none,,,2,2012,Fail,0,0,-1.26,-1.007,0.039,-0.206,0.429,-0.111,0.098,-0.159,0.024,0.11,0.185,0.081,0.088,-0.08,0.106,0.019,0.061,0.005,0.02,0.048,-0.046,-0.068,0.056,-100,0.012,0.024,-100,0.055,-1.26,-52.587,-48.193,6.947,90.592,-1.007,101.713,-16.496,1.998,18.548,0.039,258.613,-29.251,-42.661,41.399,-0.206,145.094,7.722,20.146,-7.36,0.429,-83.304,53.077,60.531,-34.393,-0.111,116.928,6.878,3.755,-6.539,0.098,604.104,17.808,24.814,-15.033,-0.159,-20.221,-64.693,72.361,182.78,0.024,228.153,-2.268,-34.369,2.345,0.11,384.071,-16.311,25.755,19.621,0.185,281.437,31.436,35.211,-23.777,0.081,412.756,5.259,6.088,-4.92,0.088,313.255,-0.172,3.969,0.26,-0.08,72.278,0.066,-31.595,-0.145,0.106,462.299,28.281,36.047,-21.964,0.019,152.264,10.424,1.621,-9.422,0.061,210.356,7.79,22.227,-7.17,0.005,182.653,7.605,12.663,-7.063,0.02,311.578,-6.963,-56.667,7.506,0.048,201.03,-1.693,-53.517,1.771,-0.046,123.222,-3.849,-8.285,3.955,-0.068,-90.614,-17.122,58.539,20.576,0.056,-56.932,17.118,20.537,-14.568,-100,-100,-100,100,-100,0.012,-91.794,-40.443,38.422,67.927,0.024,171.742,78.686,41.996,-44.022,-100,-100,-100,100,-100,0.055,-35.08,-6.225,-16.476,6.697
18,4587,45442187_1450,3/22/2023 21:28,20.6,2,,TRUE,,B3,,,,,,Pass,,,400_LA (new),,,,,,Fail,0,0,-0.428,0.135,-0.107,-0.172,-0.053,-0.01,0.177,-0.118,-0.136,0.116,0.307,0.315,0.074,0.87,0.173,-0.175,-0.081,-0.072,-0.082,-100,1.162,-0.01,-0.027,-0.083,0.003,0.228,-0.055,-0.003,-0.428,49.15,18.67,-198.641,-16.093,0.135,449.974,112.376,-64.422,-52.85,-0.107,270.692,132.903,43.472,-57.11,-0.172,188.189,-5.834,-5.136,6.013,-0.053,-80.47,-67.557,-69.705,208.065,-0.01,439.095,30.181,-30.434,-23.192,0.177,1462.272,41.853,31.826,-29.38,-0.118,233.53,4.649,-39.594,-4.555,-0.136,231.162,1.456,48.014,-1.569,0.116,539.858,10.887,30.381,-9.713,0.307,1543.853,94.01,50.053,-48.298,0.315,1747.963,28.071,13.941,-21.672,0.074,743.556,-9.888,-8.533,11.055,0.87,248.966,-9.737,-75.174,11.751,0.173,1111.433,65.166,44.464,-39.35,-0.175,179.774,66.186,-28.092,-39.932,-0.081,77.477,-11.705,-38.712,13.165,-0.072,300.213,48.565,51.661,-32.738,-0.082,-54.936,-30.559,15.856,43.89,-100,-100,-100,100,-100,1.162,146.64,62.149,62.282,-37.612,-0.01,25.541,-21.395,-57.013,27.206,-0.027,-12.43,35.142,23.694,-26.024,-0.083,351.792,-55.296,-44.453,123.507,0.003,-25.905,10.139,37.91,-9.202,0.228,287.172,13.688,29.439,-11.84,-0.055,550.377,-9.746,-25.619,10.737,-0.003,-63.94,-25.104,49.782,33.513
19,4730,45541507_1450,5/16/2023 17:43,25.6,2,,TRUE,,GD,No Defect,Pass,Pass,Green,Not Done,Pass,Green,Pass,300_FW,none,,,11,2012,Fail,0,0,-0.745,-1.127,0.053,0.002,-0.022,0.11,0.02,0.074,0.119,0.062,-0.069,0.055,0.008,0.043,0.062,0.066,0.051,0.048,0.065,0.081,0.009,0.045,0.012,-100,0.075,0.059,0.053,0.036,-0.745,40.711,32.779,52.312,-25.248,-1.127,74.088,-35.059,58.735,52.249,0.053,175.094,-12.582,-10.011,14.454,0.002,126.342,20.015,32.021,-16.675,-0.022,153.185,28.469,9.543,-22.178,0.11,182.021,-2.783,-9.345,2.976,0.02,114.518,-9,-8.61,9.912,0.074,118.628,-6.307,-9.695,6.81,0.119,153.475,-16.523,-60.625,19.935,0.062,130.536,-8.264,-15.412,9.076,-0.069,46.779,54.087,34.279,-35.146,0.055,81.908,-1.779,-22.448,1.868,0.008,68.555,-1.774,-2.136,1.815,0.043,60.547,39.153,34.659,-28.106,0.062,135.33,13.093,17.312,-11.522,0.066,155.204,-11.157,-11.418,12.632,0.051,46.225,-9.074,-18.679,10.036,0.048,81.635,-1.098,-9.201,1.159,0.065,189.255,-26.766,-85.594,36.639,0.081,97.233,5.247,-51.655,-4.908,0.009,54.484,5.248,-0.941,-4.977,0.045,-88.171,-4.888,15.992,5.187,0.012,-89.975,1.452,9.843,-1.419,-100,-100,-100,100,-100,0.075,74.199,15.602,20.01,-13.431,0.059,114.751,87.234,14.404,-46.559,0.053,102.329,16.97,-38.376,-14.463,0.036,-59.439,4.307,16.852,-4.095
20,4798,45559317_1450,5/23/2023 2:46,25.1,2,,TRUE,,GD,No Defect,Pass,Pass,Green,Not Done,Pass,Green,Pass,400_LA (new),none,,,12,2012,Fail,0,0,0.138,-0.132,0.113,0.098,-0.026,0.08,0.038,0.018,0.087,0.125,0.214,0.064,0.213,0.098,0.114,0.105,0.142,0.122,0.089,0.409,0.155,0.263,0.146,0.082,-100,0.138,0.088,0.073,0.138,833.203,-37.304,60.698,59.721,-0.132,673.258,-53.368,78.911,114.164,0.113,1784.378,-0.689,-51.633,0.807,0.098,993.638,16.022,5.068,-13.725,-0.026,1389.637,0.625,-58.498,-0.648,0.08,1272.669,-17.258,-110.975,20.954,0.038,1682.229,-10.36,-79.17,11.601,0.018,1116.523,-24.819,-243.891,33.037,0.087,968.391,29.411,-40.869,-22.659,0.125,1453.296,-4.757,-55.647,5.125,0.214,81.483,25.535,-21.293,-20.17,0.064,1716.924,-12.334,-56.423,14.142,0.213,1190.795,-6.218,-32.063,6.857,0.098,1299.94,-23.268,-110.462,30.451,0.114,182.249,1.772,-37.606,-1.63,0.105,2043.59,-15.233,-294.239,18.094,0.142,2779.097,-16.05,-145.721,19.288,0.122,2535.73,-13.411,-122.585,15.629,0.089,3813.965,49.241,38.077,-32.935,0.409,398.765,268.2,-920.544,-72.73,0.155,322.501,-31.745,-179.148,46.736,0.263,825.367,45.543,-65.717,-31.111,0.146,1141.341,1.926,-126.786,-1.747,0.082,1151.171,-38.421,-74.118,62.527,-100,-100,-100,100,-100,0.138,4.997,-34.843,-17.499,53.687,0.088,1391.564,21.042,-109.753,-17.312,0.073,-79.679,-54.885,31.518,121.82
21,5394,45481222_1450,4/12/2023 22:27,26,2,,TRUE,,GD,No Defect,Pass,Pass,Green,Not Done,Pass,Green,Pass,300_FW,none,,,12,2014,Fail,0,0,-1.208,0.442,-0.05,-0.092,-0.032,0,-0.02,-0.049,-0.004,-0.055,-0.069,-0.044,-0.119,-0.058,-0.031,-0.064,-0.009,-0.039,-0.01,-0.014,-0.093,-0.055,-0.058,-0.029,-0.013,-0.06,-0.211,-0.044,-1.208,159.28,-4.474,67.206,3.42,0.442,61.322,-74.712,81.323,297.196,-0.05,148.174,-5.666,-16.19,5.953,-0.092,120.399,20.439,30.145,-17.047,-0.032,119.643,7.63,-3.156,-7.118,0,144.941,33.643,10.423,-25.174,-0.02,132.198,-17.621,-14.855,21.366,-0.049,135.776,15.689,9.333,-13.604,-0.004,147.557,-20.462,-14.741,25.721,-0.055,121.635,8.959,1.484,-8.273,-0.069,59.011,8.404,7.398,-7.816,-0.044,84.197,14.551,3.085,-12.741,-0.119,62.068,10.362,14.681,-9.497,-0.058,92.623,141.995,29.217,-58.701,-0.031,137.316,6.628,17.849,-6.245,-0.064,112.159,-3.393,1.598,3.446,-0.009,-70.979,-7.802,-4.766,8.452,-0.039,75.799,-2.39,-10.493,2.409,-0.01,142.564,2.876,1.356,-2.806,-0.014,63.548,15.399,-20.449,-13.356,-0.093,35.551,-6.798,-3.127,7.195,-0.055,-20.936,3.469,5.893,-3.406,-0.058,-94.194,4.225,38.751,-4.109,-0.029,90.883,10.994,-0.472,-9.932,-0.013,71.208,115.475,42.836,-53.597,-0.06,54.505,-15.189,0.314,17.838,-0.211,-8.223,18.184,-15.063,-15.565,-0.044,-46.838,8.361,12.582,-7.757
22,5482,45397471_1450,2/24/2023 21:47,20.5,2,,TRUE,,GD,No Defect,Pass,Pass,Green,Not Done,Pass,Green,Pass,200_LA (old),none,,,4,2014,Fail,0,0,-1.204,-0.498,-0.007,-0.062,0.03,-0.01,-0.049,-0.003,0.024,-0.008,0.053,-0.013,0.038,0.547,0.005,0.11,0.006,-0.032,0.135,-0.144,-0.015,0.118,-0.043,0.048,-0.028,0.039,-0.18,0.035,-1.204,15.48,-36.493,-40.763,55.568,-0.498,272.864,24.9,-47.476,-20.335,-0.007,467.282,15.42,37.231,-13.365,-0.062,163.683,3.051,-6.647,-3.021,0.03,472.593,12.317,10.73,-10.939,-0.01,248.243,2.734,-24.946,-2.671,-0.049,427.866,-17.388,-10.551,20.989,-0.003,397.656,-6.151,-17.069,6.551,0.024,228.493,-2.49,3.163,2.578,-0.008,267.582,6.128,8.31,-5.782,0.053,165.606,2.91,-1.5,-2.776,-0.013,179.102,14.377,21.607,-12.581,0.038,188.042,24.595,33.232,-19.709,0.547,109.671,-30.213,-93.491,44.076,0.005,382.222,1.233,4.868,-1.213,0.11,124.377,-29.346,-18.92,41.69,0.006,81.289,0.681,-5.148,-0.67,-0.032,214.07,3.568,-3.945,-3.476,0.135,105.707,-78.152,58.72,358.326,-0.144,820.493,87.829,-94.914,-46.837,-0.015,221.6,-9.226,-29.938,10.148,0.118,187.986,-37.024,-141.658,58.978,-0.043,27.139,-7.983,-48.857,8.629,0.048,158.109,34.063,21.99,-25.372,-0.028,-9.6,-31.185,-139.243,45.278,0.039,1001.886,37.122,-23.027,-27.044,-0.18,170.171,31.966,23.241,-24.359,0.035,-78.649,-29.89,23.271,42.682
23,6139,45483807_1450,4/13/2023 19:36,25.9,2,,TRUE,,GD,No Defect,Pass,Pass,Green,Not Done,Pass,Green,Pass,300_FW,none,,,4,2015,Fail,0,0,-0.569,0.703,0.15,0.138,-0.309,0.111,-0.03,0.008,0.055,0.078,0.069,0.001,0.106,0.072,0.026,0.094,0.089,0.066,0.113,0.085,0.099,0.095,0.089,0.059,0.049,0,0.11,-0.011,-0.569,544.818,-72.422,94.836,260.54,0.703,887.797,-7.488,81.513,8.854,0.15,1069.225,67.205,-74.149,-40.103,0.138,862.501,-2.199,-47.524,2.389,-0.309,209.79,-30.024,-37.266,42.464,0.111,971.376,-17.127,-101.99,20.8,-0.03,1115.107,-35.239,-193.086,54.367,0.008,921.998,-32.616,-391.114,48.414,0.055,755.535,-10.391,-108.712,11.657,0.078,1260.885,-23.863,-217.641,31.445,0.069,-13.564,-11.913,-73.117,13.602,0.001,1126.263,-27.241,-176.543,37.441,0.106,643.794,-0.902,-42.971,1.017,0.072,8.268,-25.269,-135.769,33.91,0.026,554.86,34.807,-77.719,-25.801,0.094,1782.6,-30.538,-561.644,44.098,0.089,1799.647,27.017,-362.81,-21.2,0.066,92.2,-23.199,-145.953,30.292,0.113,2391.58,18.449,-11.006,-15.48,0.085,13.031,-0.457,-34.388,0.545,0.099,97.027,-28.105,-237.08,39.23,0.095,177.088,154.525,-156.405,-60.674,0.089,329.299,-19.086,-118.025,23.697,0.059,681.466,-3.297,-115.989,3.47,0.049,13.348,-4.879,-43.335,5.181,0,372.742,40.92,37.721,-29.038,0.11,141.669,3.407,-1.005,-3.188,-0.011,26.728,-8.922,21.209,9.784
24,6141,45427917_1450,3/13/2023 20:58,22.6,2,,TRUE,,GD,No Defect,Pass,Pass,Green,Not Done,Pass,Green,Pass,200_LA (old),none,,,4,2015,Fail,0,0,0.388,1.417,0.483,0.681,0.563,0.725,0.547,0.586,0.647,0.83,0.676,0.555,0.648,0.594,0.578,0.643,0.626,0.58,0.551,0.624,0.624,0.641,0.611,0.327,0.666,0.732,0.606,0.621,0.388,254.835,-72.206,45.066,261.18,1.417,426.842,33.751,60.87,-24.174,0.483,1379.932,8.875,35.353,-7.708,0.681,811.948,-12.5,-108.361,15.063,0.563,2542.58,-15.334,-91.944,18.777,0.725,788.813,12.295,-64.315,-10.303,0.547,1052.494,-16.787,-126.535,20.831,0.586,1595.313,230.036,-142.935,-69.523,0.647,548.307,13.357,-50.327,-11.213,0.83,829.058,14.178,-133.67,-11.69,0.676,-41.416,5.606,-21.964,-4.668,0.555,970.894,-0.212,-103.656,0.769,0.648,351.359,2.618,-9.819,-1.92,0.594,57.401,-42.371,-279.033,74.555,0.578,2019.727,-19.557,-57.558,25.03,0.643,846.254,1.154,-241.306,-0.505,0.626,813.961,-18.358,-459.321,23.254,0.58,802.78,-8.52,-123.657,9.947,0.551,5126.958,22.31,-68.834,-17.791,0.624,441.706,-24.14,-118.051,32.645,0.624,112.8,-54.102,-491.582,119.237,0.641,79.274,-9.129,-167.757,10.752,0.611,1039.799,-13.631,-244.335,16.489,0.327,174.683,-74.226,77.754,289.265,0.666,89.657,-21.248,-97.761,27.827,0.732,1465.757,3.314,-53.865,-2.499,0.606,835.597,-10.209,-25.617,12.044,0.621,-26.718,17.446,-56.46,-14.326
25,6144,45790264_1450,9/20/2023 19:46,24.1,2,,TRUE,,GD,No Defect,Not Done,Pass,,Not Done,Pass,,Pass,300_FW,none,0,,0,0,Fail,0,0,-1.183,-0.062,-0.094,-0.095,-0.206,-0.03,-0.02,0.025,0.072,0.016,-0.173,0.008,-0.136,-0.023,-0.005,0.02,-0.055,0.005,0.06,0.013,-0.037,-0.016,-0.02,-100,0.016,-0.206,0.019,0.008,-1.183,54.556,175.452,82.907,-64.125,-0.062,9.864,88.731,76.604,-47.048,-0.094,100.099,-20.755,-3.064,26.072,-0.095,70.443,10.827,33.413,-9.855,-0.206,5.231,63.426,48.682,-38.936,-0.03,98.707,3.094,9.031,-3.03,-0.02,24.921,14.847,45.761,-12.946,0.025,77.018,34.55,25.691,-25.66,0.072,114.081,-16.848,-52.999,20.348,0.016,111.491,8.811,-28.005,-8.083,-0.173,56.554,1.72,-67.429,-1.861,0.008,56.79,1.017,-5.797,-0.999,-0.136,45.528,0.221,12.209,-0.356,-0.023,36.184,42.127,34.607,-29.657,-0.005,98.585,-8.867,-10.854,9.724,0.02,110.216,5.331,21.264,-5.042,-0.055,31.451,-9.61,-17.865,10.571,0.005,30.833,6.056,12.711,-5.705,0.06,143.587,-16.672,-22.609,20.079,0.013,47.619,7.948,-19.387,-7.35,-0.037,85.485,2.042,-26.758,-2.038,-0.016,-32.518,35.728,26.101,-26.335,-0.02,-38.123,-9.596,5.904,10.593,-100,-100,-100,100,-100,0.016,52.043,26.651,-6.236,-21.03,-0.206,65.057,39.108,59.217,-28.261,0.019,28.692,-17.184,17.702,20.773,0.008,-56.548,-9.189,2.484,10.127
26,6146,45870905_1450,10/30/2023 19:38,24.5,2,,TRUE,,GD,No Defect,Pass,Pass,,Not Done,Pass,,Pass,300_FW,none,0,,4,2015,Fail,0,0,-1.855,0.327,-0.028,-0.092,inf,-0.09,-0.09,-0.131,-0.064,-0.055,-0.054,-0.09,-0.059,-0.027,-0.061,-0.04,-0.065,-0.073,-0.055,-0.058,-0.066,-0.048,-0.065,-100,-0.25,-0.049,-0.041,-0.052,-1.855,-40.901,-60.645,74.364,149.385,0.327,-47.068,88.438,77.536,-46.758,-0.028,37.694,23.873,24.966,-19.295,-0.092,3.833,10.415,18.585,-9.516,inf,inf,inf,#NAME?,inf,-0.09,0.924,15.139,25.075,-13.227,-0.09,27.64,-26.687,-59.876,36.279,-0.131,-16.462,-17.407,18.321,20.917,-0.064,-9.392,13.331,7.32,-11.819,-0.055,1.874,12.528,-1.718,-11.182,-0.054,-12.878,0.058,1.77,-0.112,-0.09,-21.474,37.888,33.268,-27.542,-0.059,14.438,-5.086,-2.782,5.296,-0.027,26.834,-0.38,6.728,0.354,-0.061,-6.056,-13.809,-23.288,15.95,-0.04,17.085,-1.055,-40.691,1.026,-0.065,11.495,-2.025,-4.408,2,-0.073,5.145,5.535,6.61,-5.314,-0.055,35.868,-3.497,-1.027,3.567,-0.058,23.333,0.655,-17.34,-0.708,-0.066,-1.796,-5.787,-5.101,6.073,-0.048,4.15,-26.775,-69.918,36.499,-0.065,44.572,13.996,25.168,-12.335,-100,-100,-100,100,-100,-0.25,826.96,336.877,21.447,-77.168,-0.049,-7.413,3.961,54.181,-3.857,-0.041,150.971,10.279,-10.847,-9.358,-0.052,17.047,25.955,16.446,-20.647
27,6147,45883863_1450,11/5/2023 17:50,23.7,2,,TRUE,,GD,No Defect,Pass,Pass,,Not Done,Pass,,Pass,300_FW,none,0,,4,2015,Fail,0,0,0.378,-0.045,-0.01,0.034,-0.387,0.03,-0.04,0.04,0.079,0.059,0.061,0.031,0.031,0.06,0.058,0.066,0.028,0.017,0.035,0.01,-0.01,0,0.005,-0.238,0.044,-0.02,0.029,-0.014,0.378,-2.241,64.095,-68.801,-38.829,-0.045,25.556,69.602,-138.101,-41.065,-0.01,-11.239,-20.518,-106.274,25.802,0.034,-27.761,-4.193,5.455,4.411,-0.387,34.656,-26.184,-3.518,34.947,0.03,-38.92,12.828,18.335,-11.342,-0.04,-41.18,15.254,-1.366,-13.27,0.04,-32.051,-6.614,9.434,7.125,0.079,-15.578,-3.179,-33.54,3.366,0.059,-24.821,30.847,-21.103,-23.53,0.061,-39.184,-10.088,-5.382,11.289,0.031,-33.01,-8.767,-15.176,9.644,0.031,-36.337,26.786,27.368,-21.103,0.06,3.971,-1.076,-22.8,1.149,0.058,1.884,-12.708,0.073,14.624,0.066,-20.158,-10.664,-23.578,12.011,0.028,-15.257,-27.762,-102.153,38.469,0.017,-34.858,-4.823,-3.301,5.086,0.035,-35.425,10.598,-31.779,-9.551,0.01,-42.352,-6.666,-7.563,7.152,-0.01,-38.787,2.602,-0.101,-2.546,0,-49.283,9.811,29.077,-8.935,0.005,-52.442,-6.847,-8.275,7.356,-0.238,58.026,25.627,-83.071,-20.589,0.044,-25.025,-33.836,-116.552,51.206,-0.02,-39.124,-18.541,15.946,22.736,0.029,-50.806,-13.457,-6.173,15.584,-0.014,199.83,253.415,-254.66,-71.709
28,6149,45647062_1450,7/11/2023 19:56,25.1,2,,TRUE,,GD,No Defect,Not Done,Pass,Green,Not Done,Pass,Green,Pass,300_FW,none,,,0,0,Fail,0,0,-0.984,-0.007,0.01,-0.122,0.307,-0.111,-0.03,-0.025,-0.001,-0.078,-0.107,-0.065,-0.146,-0.092,-0.072,-0.104,-0.105,-0.047,0.005,-0.023,-0.112,-0.098,-0.076,-100,-0.071,-0.227,-0.013,-0.053,-0.984,108.971,112.954,47.906,-53.504,-0.007,84.669,2.795,68.6,-2.725,0.01,170.122,-8.233,-52.493,8.983,-0.122,96.608,18.504,38.642,-15.718,0.307,-69.212,17.869,-39.677,-14.899,-0.111,100.209,22.542,20.025,-18.485,-0.03,69.221,9.932,11.342,-9.062,-0.025,95.047,8.228,13.794,-7.625,-0.001,113.265,2.868,-3.319,-2.789,-0.078,102.74,-15.956,-4.294,18.892,-0.107,21.573,40.466,32.036,-28.885,-0.065,79.986,-8.576,-36.419,9.309,-0.146,46.46,4.655,21.26,-4.587,-0.092,63.788,16.276,18.653,-14.077,-0.072,144.967,0.963,25.962,-1.025,-0.104,128.069,37.755,32.535,-27.482,-0.105,56.973,3.833,-1.331,-3.793,-0.047,48.203,13.389,19.176,-11.85,0.005,135.545,8.524,-36.719,-7.85,-0.023,58.654,8.36,-15.282,-7.736,-0.112,74.98,7.295,18.28,-6.903,-0.098,-91.46,11.709,44.273,-10.569,-0.076,-86.537,-13.168,-9.057,15.077,-100,-100,-100,100,-100,-0.071,119.286,6.348,12.083,-6.036,-0.227,130.843,-9.699,-168.02,10.489,-0.013,61.616,17.969,3.507,-15.242,-0.053,-62.317,-18.876,-15.613,23.203
29,6221,45711728_1450,8/17/2023 21:19,23.5,2,,TRUE,,B3,No Defect,Not Done,Pass,,Not Done,Pass,,Pass,110_LVL (new),none,,,5,2015,Fail,0,0,-1.093,-0.411,0.076,0.007,0,-0.02,0.019,-0.025,0.008,0.054,0.065,0.08,0.129,0.036,0.031,0.005,0.027,-0.026,-0.02,-0.002,0.169,-0.447,0.255,-100,-0.018,0.088,0.006,0.037,-1.093,134.647,-33.843,67.785,49.504,-0.411,123.396,-61.568,72.111,159.132,0.076,386.532,-11.212,32.2,12.713,0.007,400.282,9.906,18.697,-9.006,0,350.415,30.037,51.837,-23.099,-0.02,525.833,-16.158,-15.778,19.248,0.019,641.798,37.154,37.8,-27.075,-0.025,378.808,5.662,11.802,-5.382,0.008,461.252,13.039,-7.453,-11.528,0.054,596.127,9.367,13.26,-8.515,0.065,631.53,6.606,13.35,-6.136,0.08,646.715,-15.967,-67.333,19.097,0.129,762.118,-22.189,-65.371,28.683,0.036,465.86,50.078,28.358,-33.344,0.031,643.11,0.953,-16.924,-0.913,0.005,311.061,8.246,-2.006,-7.613,0.027,695.956,-7.029,-20.312,7.589,-0.026,330.821,11.194,22.143,-10.09,-0.02,573.142,-35.57,-112.954,55.176,-0.002,134.568,-2.013,-42.609,2.052,0.169,777.484,2.909,-19.844,-2.663,-0.447,-76.617,-27.047,25.881,36.462,0.255,-63.149,-68.789,86.416,221.214,-100,-100,-100,100,-100,-0.018,-29.031,-30.317,-188.881,43.482,0.088,686.209,33.477,24.501,-25.015,0.006,267.426,-1.202,-30.238,1.223,0.037,-76.27,266.01,74.623,-72.668
30,6230,45652329_1450,7/13/2023 21:23,28.4,2,,TRUE,,GD,No Defect,Pass,Pass,Green,Not Done,Pass,Green,Pass,400_LA (new),none,,,6,2015,Fail,0,0,-0.476,0.144,0.136,0.038,-0.042,-0.02,-0.029,0.001,0.008,0.016,0.053,-0.008,0.051,0.028,-0.015,0.454,-0.374,-0.023,-0.04,-0.932,0.028,0.01,-0.037,-100,0.002,0.042,-100,-0.007,-0.476,404.807,47.199,64.956,-32.388,0.144,100.92,60.121,76.285,-37.457,0.136,1013.601,-35.231,-103.167,54.606,0.038,451.257,21.298,31.932,-17.527,-0.042,1028.977,11.018,-79.846,-9.962,-0.02,405.12,54.248,44.85,-35.182,-0.029,585.865,18.416,19.384,-15.577,0.001,686.909,-26.065,-88.599,35.256,0.008,490.062,-3.002,9.042,3.103,0.016,522.769,17.285,25.031,-14.724,0.053,676.102,-5.559,-35.625,5.942,-0.008,512.58,5.499,-22.832,-5.22,0.051,494.65,-10.243,-10.544,11.468,0.028,547.654,14.302,4.793,-12.488,-0.015,-35.63,-11.536,-566.856,13.023,0.454,2041.024,87.837,5.225,-46.521,-0.374,514.397,82.671,23.35,-45.462,-0.023,508.454,11.986,13.707,-10.724,-0.04,208.904,30.765,20.076,-23.558,-0.932,27.589,8.75,18.945,-8.903,0.028,515.97,17.464,24.257,-14.844,0.01,884.8,19.986,-43.626,-16.649,-0.037,498.462,7.585,-24.743,-7.084,-100,-100,-100,100,-100,0.002,-1.204,-22.841,-70.24,29.606,0.042,624.296,31.614,-3.096,-23.988,-100,-100,-100,100,-100,-0.007,-68.084,-19.918,14.357,24.863
31,6365,45550621_1450,5/24/2023 15:34,24.9,2,,TRUE,,GD,No Defect,Not Done,Pass,Green,Not Done,Pass,Green,Pass,110_LVL (new),none,,,9,2015,Fail,0,0,0.637,0.788,0.369,0.44,0.446,0.493,0.405,0.636,0.473,0.438,0.509,0.417,0.499,0.414,0.781,0.471,0.466,0.382,0.323,0.439,0.495,0.505,0.457,inf,0.435,0.387,0.491,0.404,0.637,769.852,-8,13.834,9.388,0.788,858.022,18.748,7.605,-15.125,0.369,943.211,0.083,-74.605,0.286,0.44,1058.066,-20.764,-106.65,26.761,0.446,140.025,-53.274,-245.831,114.968,0.493,942.613,-14.613,-155.539,17.692,0.405,1012.505,-6.268,-125.77,7.119,0.636,1568.249,275.666,-879.022,-73.211,0.473,727.698,-4.547,-58.115,5.259,0.438,1362.951,-33.348,-310.09,50.691,0.509,27.361,-15.514,-101.984,18.966,0.417,1055.351,-21.637,-190.637,28.142,0.499,796.626,-1.705,-54.362,2.243,0.414,821.493,-23.9,-217.474,31.95,0.781,542.671,203.662,-290.71,-66.812,0.471,1556.251,288.109,-141.393,-74.113,0.466,1254.637,-13.584,-253.454,16.258,0.382,35.134,25.742,6.915,-20.168,0.323,1827.138,31.019,-72.226,-23.429,0.439,1646.649,12.312,-129.484,-10.571,0.495,254.239,-42.862,-316.363,75.881,0.505,509.186,-18.5,-255.168,23.32,0.457,728.64,-7.149,-213.753,8.193,inf,inf,inf,#NAME?,inf,0.435,-44.349,-19.29,-82.815,24.44,0.387,663.65,32.836,-61.57,-24.428,0.491,440.557,-22.932,-69.581,30.392,0.404,-44.15,-82.829,16.662,484.739
32,6393,45525890_1450,5/9/2023 3:21,25.6,2,,TRUE,,GD,No Defect,Pass,Pass,Green,Not Done,Pass,Green,Pass,400_LA (new),none,,,9,2015,Fail,0,0,-0.138,-0.125,0.164,0.159,0.084,0.19,0.158,0.036,0.056,0.079,0.098,0.131,0.146,0.1,0.051,0.081,0.08,0.079,0.092,0.384,0.125,0.131,0.106,0.056,-0.148,0.09,-0.142,-0.032,-0.138,-38.936,-54.212,26.718,118.097,-0.125,-23.748,-13.779,55.398,15.835,0.164,862.841,70.074,41.337,-41.106,0.159,43.425,6.411,-87.476,-5.876,0.084,679.591,-5.926,22.287,6.388,0.19,643.041,28.813,-12.454,-22.22,0.158,492,97.442,29.134,-49.272,0.036,443.427,-23.812,-87.19,31.301,0.056,459.291,-4.988,-57.573,5.309,0.079,532.526,-11.357,-15.78,12.901,0.098,585.781,-7.317,-24.638,8.001,0.131,394.564,-46.625,-71.414,87.597,0.146,386.968,47.909,44.303,-32.292,0.1,621.601,-2.603,5.078,2.775,0.051,-24.186,-17.545,-50.355,21.34,0.081,842.782,-33.447,-172.154,50.378,0.08,939.671,-40.295,-272.989,67.626,0.079,592.937,-24.481,-59.428,32.523,0.092,292.8,-13.246,12.79,15.375,0.384,39.655,42.121,-30.902,-29.367,0.125,-2.645,-18.301,-45.236,22.554,0.131,12.006,-25.297,-49.963,34.039,0.106,15.426,-15.789,-43.023,18.875,0.056,477.461,-27.536,-47.886,38.077,-0.148,-35.736,-44.5,14.432,79.915,0.09,-57.12,60.297,49.609,-37.56,-0.142,161.27,-36.615,-61.121,57.541,-0.032,-64.105,-62.219,58.793,164.595
33,6407,45456773_1450,3/31/2023 18:50,20.4,2,,TRUE,,GD,No Defect,Pass,Pass,Green,Not Done,Pass,Green,Pass,400_LA (new),none,,,9,2015,Fail,0,0,-1.184,-0.134,-0.599,-0.222,-0.401,-0.284,-0.018,-0.284,-0.26,-0.132,0.038,0.031,-0.035,-0.232,-0.155,-0.201,-0.167,-0.775,-0.51,-0.234,-0.134,-0.304,-0.031,0.146,-0.265,-0.23,-0.239,-0.22,-1.184,-89.273,4.88,-7.655,-5.783,-0.134,-79.693,-45.891,80.817,84.566,-0.599,1091.629,2.128,90.566,-2.67,-0.222,320.739,105.641,73.967,-51.479,-0.401,46.582,65.421,7.004,-39.791,-0.284,653.757,36.524,35.59,-26.961,-0.018,1327.731,43.919,52.86,-30.529,-0.284,167.917,-0.642,13.241,0.361,-0.26,482.116,-3.788,-3.681,3.666,-0.132,941.823,30.453,20.114,-23.445,0.038,969.799,49.329,47.519,-33.008,0.031,1195.058,49.954,26.759,-33.292,-0.035,763.89,76.033,52.249,-43.213,-0.232,413.64,65.88,29.362,-39.856,-0.155,996.614,14.235,41.99,-12.597,-0.201,-13.599,-0.038,47.051,-0.163,-0.167,606.518,22.912,45.222,-18.777,-0.775,543.549,16.829,40.61,-15.068,-0.51,247.697,22.946,31.644,-19.079,-0.234,390.506,-33.94,52.434,51.023,-0.134,208.516,25.777,55.586,-20.601,-0.304,421.965,-8.164,-2.875,8.559,-0.031,-28.043,34.243,65.886,-25.532,0.146,394.424,-23.282,21.5,30.537,-0.265,5.504,25.265,26.824,-20.381,-0.23,683.445,117.346,53.744,-54.096,-0.239,3.508,-6.458,19.747,6.649,-0.22,-18.855,25.088,56.244,-20.232
34,6529P,45553187_1450,5/21/2023 17:53,26.1,2,,TRUE,,GD,No Defect,Not Done,Pass,Green,Not Done,Pass,Green,Pass,300_FW,none,,,0,0,Fail,0,0,-0.201,-0.239,0.154,-0.018,-0.06,0.029,0.086,0.089,0.055,0.023,0.015,0.009,-0.029,0.062,0.078,-0.051,0.048,0.049,0.095,0.309,0.037,0.066,0.081,0.039,0.106,0.025,0.086,0.107,-0.201,103.819,74.121,-34.074,-42.684,-0.239,151.486,-23.488,-31.824,30.387,0.154,222.889,199.598,-138.577,-66.57,-0.018,137.733,-1.672,9.916,1.683,-0.06,83.608,200.948,-25.023,-66.792,0.029,194.49,-22.197,-23.851,28.568,0.086,118.059,-27.83,-42.562,38.681,0.089,128.819,-5.907,-48.418,6.373,0.055,135.773,-11.941,-1.046,13.623,0.023,104.93,10.371,9.233,-9.375,0.015,69.523,-23.744,-74.072,31.158,0.009,86.758,-9.013,-23.886,9.916,-0.029,74.518,48.905,30.796,-32.863,0.062,98.487,91.02,34.461,-47.617,0.078,125.353,80.906,15.075,-44.68,-0.051,90.929,-17.579,-1.295,21.267,0.048,79.884,1.702,-14.525,-1.626,0.049,71.527,5.501,17.118,-5.168,0.095,207.178,12.239,-45.493,-10.819,0.309,449.87,367.96,-727.123,-78.565,0.037,84.49,-6.759,-31.623,7.288,0.066,-12.779,9.248,-8.634,-8.405,0.081,-87.605,-13.323,5.061,15.464,0.039,98.054,6.552,-13.005,-6.113,0.106,-65.109,-2.546,38.532,2.721,0.025,79.48,-7.514,0.846,8.152,0.086,68.347,57.773,15.554,-36.563,0.107,-32.213,-25.24,-56.628,33.905
35,6549,45907197_1450,11/17/2023 1:56,24.5,2,,TRUE,,GD,No Defect,Not Done,Pass,,Not Done,Pass,,Pass,300_FW,none,0,,12,2015,Fail,0,0,0.158,0.1,-0.055,0.044,0.415,0.09,0.029,0.101,0.024,0.008,0.009,0.017,-0.003,0.051,0.026,0.062,0.567,0.043,0.045,0.008,0.01,0.009,-0.038,0.044,0.063,-0.014,0.038,-0.003,0.158,79.133,8.45,-130.368,-7.646,0.1,2.182,9.14,-48.41,-8.283,-0.055,-3.653,1.315,6.951,-1.352,0.044,15.355,-12.466,-42.063,14.291,0.415,-34.309,60.832,-500.576,-37.565,0.09,-15.638,-11.936,3.848,13.657,0.029,-17.216,-3.559,-5.925,3.721,0.101,7.176,-17.126,-29.75,20.786,0.024,-12.672,10.574,32.704,-9.541,0.008,-14.61,-11.153,-21.003,12.562,0.009,-33.285,-10.483,-0.1,11.721,0.017,-16.957,14.785,17.767,-12.866,-0.003,-33.292,5.876,21.037,-5.552,0.051,-7.629,21.011,15.627,-17.32,0.026,-32.521,3.549,1.016,-3.402,0.062,-19.234,0.371,3.202,-0.308,0.567,-94.786,-8.636,34.216,10.072,0.043,-8.591,-35.239,-118.234,54.48,0.045,-7.318,8.548,5.624,-7.833,0.008,-42.12,-44.938,31.683,81.629,0.01,-46.028,2.047,-0.057,-1.997,0.009,-51.255,-3.682,-27.07,3.832,-0.038,-57.669,-39.656,-122.352,65.654,0.044,12.198,-17.55,-80.361,21.34,0.063,91.753,-14.38,-82.52,16.869,-0.014,-7.981,-19.319,-39.498,23.928,0.038,-3.929,-7.566,-15.944,8.226,-0.003,16.201,18.351,-1.891,-15.508
36,6551,45894407_1450,11/16/2023 18:01,22.3,2,,TRUE,,GD,No Defect,Pass,Pass,,Not Done,Pass,,Pass,110_LVL (new),none,0,,12,2015,Fail,0,0,0.035,0.575,0.024,0.069,-0.028,0.01,-0.059,-0.058,-0.017,-0.031,0.43,-0.052,0.011,-0.279,-0.019,0.067,-0.025,-0.047,-0.003,0.509,0.065,0.004,0.028,-0.005,-0.058,0.016,-0.027,0,0.035,66.482,-59.791,-21.711,148.788,0.575,161.785,52.039,22.429,-33.849,0.024,1899.878,-33.88,-152.362,51.277,0.069,1440.144,-4.913,-111.957,5.239,-0.028,127.98,21.908,-45.238,-17.994,0.01,1172.133,-6.38,-136.348,6.826,-0.059,1598.04,-11.124,-211.904,12.45,-0.058,1259.099,64.45,-159.773,-39.227,-0.017,1012.335,6.807,-93.448,-6.389,-0.031,1786,-30.102,-249.035,43.022,0.43,1431.317,-15.989,-218.527,19.543,-0.052,1410.152,23.048,-226.157,-18.774,0.011,1045.559,15.02,-88.189,-13.049,-0.279,2646.329,190.199,-154.477,-65.637,-0.019,133.524,-10.734,0.102,12.003,0.067,2393.107,281.083,-197.865,-73.741,-0.025,2517.223,-38.744,-517.399,63.209,-0.047,84.193,-23.398,-108.693,30.483,-0.003,1311.177,31.324,6.676,-23.855,0.509,326.873,118.094,-81.656,-53.915,0.065,231.424,-32.834,-248.411,48.982,0.004,177.251,-7.295,-65.531,7.873,0.028,688.686,12.446,-125.792,-11.044,-0.005,817.548,31.608,-49.98,-24.021,-0.058,-45.331,-22.941,-8.489,29.695,0.016,510.65,29.349,11.992,-22.677,-0.027,16.949,-39.036,-31.206,63.988,0,-86.732,-26.964,20.893,36.918
37,6551,45217029_355,11/22/2022 20:23,22.7,2,,TRUE,,GD,No Defect,Not Done,Pass,Green,Not Done,Pass,Green,Pass,100_LVL (old),none,,,12,2015,Fail,0,0,0.472,-0.045,0.318,0.205,0.285,0.313,0.272,0.341,0.355,0.336,-0.085,0.325,0.329,0.563,0.286,0.237,0.311,0.266,0.225,0.405,0.26,0.301,0.246,0.376,0.358,0.277,0.29,0.307,0.472,-58.577,-21.551,18.111,28.074,-0.045,-60.682,41.62,60.546,-29.421,0.318,-73.554,-4.653,33.791,5.213,0.205,-61.983,-1.114,7.727,1.334,0.285,-44.051,-24.834,-3.206,33.417,0.313,-49.668,-17.481,19.092,21.564,0.272,-74.593,-9.181,46.334,10.408,0.341,-57.132,-60.486,-18.082,153.936,0.355,-65.811,-9.842,28.267,11.31,0.336,-75.022,4.521,39.248,-4.004,-0.085,-72.798,7.676,51.656,-7.208,0.325,-66.944,-32.325,49.488,48.245,0.329,-70.216,3.699,45.963,-3.25,0.563,-83.157,-65.897,41.294,194.878,0.286,61.85,-34.014,-89.958,51.98,0.237,-73.532,-83.227,-16.294,497.62,0.311,-72.452,-15.744,17.104,19.055,0.266,-75.011,5.828,35.742,-5.256,0.225,-95.279,-43.591,-73.328,77.676,0.405,-68.811,-28.704,38.274,40.827,0.26,-66.616,-22.194,4.607,28.858,0.301,-80.316,-29.083,28.923,41.434,0.246,-88.39,-29.926,31.628,43.058,0.376,-54.72,-18.486,34.249,23.14,0.358,-4.969,-40.916,-70.625,69.855,0.277,-60.095,-12.728,16.703,14.901,0.29,187.581,29.54,-11.553,-22.58,0.307,23.876,-19.21,6.342,24.157
38,8036,45447508_1450,3/24/2023 21:00,20.2,2,,TRUE,,GD,No Defect,Pass,Pass,Green,Not Done,Pass,Green,Pass,400_LA (new),none,,,8,2017,Fail,0,0,-0.505,0.043,-0.109,-0.044,-0.054,0.02,-0.02,-0.041,0.024,0.016,0.061,0.03,0.02,0.03,0.015,0.02,0.028,-0.026,-0.02,0.009,0.021,0.025,-0.01,0.296,-100,0.084,0.002,-0.005,-0.505,181.034,5.813,11.188,-5.971,0.043,140.355,47.25,13.939,-32.059,-0.109,342.588,-24.578,34.911,32.443,-0.044,352.93,26.482,23.731,-20.972,-0.054,334.89,-1.411,10.031,1.376,0.02,354.728,11.139,14.699,-10.004,-0.02,568.282,16.237,-2.699,-13.986,-0.041,354.839,-5.101,-31.468,5.331,0.024,350.817,7.252,-2.256,-6.74,0.016,471.89,2.169,-10.111,-2.108,0.061,581.659,-1.748,-12.691,1.842,0.03,454.873,-12.81,-24.472,14.727,0.02,325.252,10.996,25.059,-9.889,0.03,316.8,-29.345,-24.454,41.575,0.015,519.295,9.323,8.508,-8.514,0.02,336.02,8.746,2.709,-8.024,0.028,392.731,14.432,-31.189,-12.587,-0.026,560.422,4.683,-13.37,-4.498,-0.02,333.206,1.695,5.041,-1.686,0.009,13.011,-0.972,4.406,0.99,0.021,473.016,8.015,15.138,-7.401,0.025,509.53,63.298,-0.873,-38.747,-0.01,-32.662,-11.043,-9.261,12.402,0.296,296.724,-3.303,-9.369,3.722,-100,-100,-100,100,-100,0.084,527.915,1.725,6.265,-1.613,0.002,311.801,-32.061,-2.694,47.194,-0.005,-44.787,-45.214,4.743,82.518
39,8060,45278392_1450,12/27/2022 20:51,20.5,2,,TRUE,,GD,No Defect,Not Done,Pass,Green,Not Done,Pass,Green,Pass,110_LVL (new),none,,,8,2017,Fail,0,0,-0.098,0.418,0.021,0.022,-0.157,-0.03,-0.016,-0.103,-0.054,0.012,-0.055,-0.027,-0.007,-0.037,-0.028,-0.038,-0.021,-0.045,-0.038,-0.076,0.032,0.284,0.03,-0.081,0.061,-0.034,-0.034,-0.032,-0.098,40.82,-67.244,69.351,204.99,0.418,268.656,39.837,78.874,-28.189,0.021,358.256,20.421,-27.467,-16.941,0.022,415.435,-6.493,-24.662,6.968,-0.157,452.488,17.726,-0.251,-15.191,-0.03,493.848,20.295,-25.665,-16.896,-0.016,374.733,-56.957,8.28,132.286,-0.103,467.073,-41.343,-342.802,70.308,-0.054,312.165,-9.931,-44.931,10.966,0.012,569.984,-35.439,-276.604,54.91,-0.055,419.775,-22.097,-59.085,28.294,-0.027,525.587,-11.122,-108.547,12.483,-0.007,-38.679,2.883,2.417,-2.809,-0.037,486.835,-33.926,-211.943,51.288,-0.028,452.444,-18.741,-83.651,23.029,-0.038,680.26,-44.143,-389.897,78.961,-0.021,985.873,-48.424,-377.374,93.848,-0.045,556.022,-37.54,-183.357,60.032,-0.038,414.857,-13.291,-26.001,15.284,-0.076,-25,-53.012,53.203,112.659,0.032,31.989,-38.481,-263.276,62.604,0.284,-2.169,-17.171,-10.123,21.074,0.03,44.982,-58.207,-303.929,139.346,-0.081,-33.701,-40.506,-122.723,67.95,0.061,-15.705,45.622,-702.609,-31.287,-0.034,238.671,-3.18,-70.136,3.249,-0.034,336.465,-25.481,-76.407,34.15,-0.032,-83.015,-29.811,24.489,42.427
40,8077,45631989_1450,6/30/2023 16:57,25.7,2,,TRUE,,GD,No Defect,Not Done,Pass,Green,Not Done,Pass,Green,Pass,300_FW,none,,,0,0,Fail,0,0,-0.41,0.836,0.026,0.052,0.306,0.06,-0.011,-0.015,0.032,0.008,0.023,-0.013,0.051,0.025,0.018,0.057,0.007,0.023,0.03,0.54,0.024,0.086,0.03,-100,-0.009,-0.002,-0.182,0.001,-0.41,256.734,10.572,88.859,-9.932,0.836,339.167,72.715,89.385,-41.617,0.026,452.883,-14.198,-64.193,16.578,0.052,413.727,-5.331,-10.232,5.686,0.306,-14.437,-53.663,-148.542,116.471,0.06,477.396,17.262,-9.962,-14.67,-0.011,404.71,-1.317,-25.902,1.323,-0.015,248.071,-21.048,-61.853,26.64,0.032,332.493,-5.606,-42.328,5.972,0.008,460.345,-4.557,-54.523,4.783,0.023,301.246,-7.616,-39.238,8.269,-0.013,394.612,-17.527,-85.637,21.236,0.051,343.113,3.033,9.234,-2.895,0.025,534.378,14.339,-10.91,-12.52,0.018,-35.117,6.42,6.814,-6.016,0.057,743.325,-21.723,-151.432,27.824,0.007,841.97,-32.716,-213.481,48.634,0.023,550.246,-1.103,-36.801,1.138,0.03,-47.471,28.319,56.637,-22.046,0.54,775.059,111.701,-25.462,-52.508,0.024,-4.114,-28.654,-111.288,40.196,0.086,-28.783,-18.941,-4.697,23.472,0.03,-19.903,-22.99,-59.611,29.891,-100,-100,-100,100,-100,-0.009,-37.119,11.004,27.536,-9.922,-0.002,211.769,-13.363,-14.693,15.422,-0.182,194.334,49.492,26.462,-33.228,0.001,-85.104,35.423,51.59,-26.156
41,9015,45633942_1450,7/4/2023 16:06,25.4,2,,TRUE,,B3,No Defect,Not Done,Pass,Green,Pass,Pass,Green,Pass,300_FW,none,,,0,0,Fail,0,0,-0.6,0.535,0.393,0.053,-0.022,0.13,0.004,0.186,0.151,-0.07,-0.161,-0.213,-0.118,0.09,-0.084,0.017,0.023,0.016,0.06,0.158,-0.005,-0.003,-0.013,-100,0.118,0.011,0.098,0.048,-0.6,129.208,219.787,58.221,-68.917,0.535,25.433,72.793,-12.067,-41.818,0.393,307.098,172.877,-128.751,-63.209,0.053,167.233,-2.7,1.95,2.83,-0.022,165.441,40.89,37.561,-29.038,0.13,145.587,11.407,18.558,-10.122,0.004,43.765,-26.595,-15.801,36.236,0.186,451.75,205.779,-42.026,-67.236,0.151,147.69,17.582,-22.078,-14.825,-0.07,111.803,1.818,-13.659,-1.854,-0.161,6.04,87.28,-0.678,-46.69,-0.213,22.997,-25.484,17.258,33.915,-0.118,32.627,11.529,-12.915,-10.443,0.09,142.166,-15.889,26.869,18.998,-0.084,17.594,23.747,19.527,-19.258,0.017,116.564,-7.807,-7.433,8.487,0.023,4.63,-26.107,-48.021,35.362,0.016,36.541,-10.178,-40.176,11.349,0.06,156.523,-1.761,-53.412,1.853,0.158,78.706,1.295,-39.799,-1.123,-0.005,78.946,12.521,0.029,-11.132,-0.003,-23.915,66.931,31.181,-40.097,-0.013,-90.039,-10.821,4.356,12.119,-100,-100,-100,100,-100,0.118,-50.415,-15.737,32.079,18.815,0.011,99.79,-18.975,-27.042,23.432,0.098,288.548,30.56,-18.598,-23.331,0.048,-70.25,-36.139,-115.709,56.666
42,9065,45459487_1450,4/1/2023 17:17,21.4,2,,TRUE,,GD,No Defect,Pass,Pass,Green,Not Done,Pass,Green,Pass,400_LA (new),none,,,9,2018,Fail,0,0,-0.976,-0.513,-0.108,-0.054,0.009,0.03,-0.078,0.014,0.031,0.008,0.008,-0.059,-0.045,0.001,-0.057,-0.007,-0.001,-0.043,-0.075,0.012,-0.037,-0.047,-0.05,0.035,-0.044,0.044,-0.022,-0.037,-0.976,196.653,-35.19,85.257,52.793,-0.513,54.775,-35.605,56.365,54.496,-0.108,339.958,139.826,71.221,-58.348,-0.054,540.595,7.158,19.775,-6.73,0.009,537.64,34.021,36.957,-25.378,0.03,588.123,8.244,-8.727,-7.588,-0.078,391.667,31.197,-0.256,-23.838,0.014,579.861,1.577,-28.258,-1.539,0.031,439.507,3.839,-22.875,-3.667,0.008,449.006,6.845,-8.779,-6.399,0.008,438.091,-9.793,2.089,10.865,-0.059,321.223,12.301,-3.781,-11.006,-0.045,292.957,49.786,49.387,-33.268,0.001,481.069,0.634,55.512,-0.628,-0.057,281.315,5.191,-53.407,-4.989,-0.007,341.638,18.596,33.816,-15.686,-0.001,356.463,1.481,13.175,-1.461,-0.043,450.485,8.436,-8.779,-7.819,-0.075,152.987,43.849,36.551,-30.535,0.012,374.39,-8.93,-62.165,9.82,-0.037,381.731,-2.548,8.098,2.577,-0.047,-42.388,-25.306,39.041,33.817,-0.05,-52.163,-8.799,-1.5,9.593,0.035,570.372,38.111,20.482,-27.569,-0.044,10.96,-50.64,38.129,102.504,0.044,548.855,47.483,21.361,-32.166,-0.022,456.773,18.366,3.281,-15.536,-0.037,-73.175,-27.039,26.741,37.009
43,9066,45481233_1450,4/12/2023 23:37,25.2,2,,TRUE,,B3,No Defect,Pass,Pass,Green,Pass,Pass,Green,Pass,300_FW,none,,,9,2018,Fail,0,0,-0.529,-0.312,0.061,0.054,-0.081,0.11,-0.04,-0.055,0.063,0,0.03,0.009,0.039,0.066,0.386,0.172,0.08,0.054,0.041,-0.338,0.052,0.074,0.066,0.043,0.109,0.136,0.059,-0.002,-0.529,674.448,10.278,70.15,-9.8,-0.312,627.201,-56.632,-12.263,129.867,0.061,1154.41,-15.791,-189.631,18.825,0.054,576.711,4.636,-43.684,-4.379,-0.081,920.271,-30.131,-197.418,43.008,0.11,772.017,13.72,-37.166,-11.967,-0.04,961.407,10.575,-141.286,-9.6,-0.055,1004.033,-26.52,-280.859,36.017,0.063,720.794,-8.294,-115.66,9.113,0,838.547,17.844,-594.222,-15.142,0.03,552.332,-17.625,-149.025,21.433,0.009,642.788,-15.306,-125.58,18.082,0.039,673.32,-0.439,-52.232,0.48,0.066,913.457,72.494,-124.021,-41.989,0.386,924.002,235.796,-525.684,-70.105,0.172,1876.989,266.225,-435.435,-72.648,0.08,267.989,-28.769,-273.23,40.5,0.054,1172.585,3.645,-142.691,-3.465,0.041,3149.485,36.793,0.857,-26.867,-0.338,244.812,-38.402,-17.689,61.795,0.052,82.534,-33.608,-216.994,50.7,0.074,46.331,168.315,-165.186,-62.703,0.066,289.573,63.688,-16.801,-38.868,0.043,802.439,17.256,-102.355,-14.679,0.109,22.049,-25.781,-5.371,34.884,0.136,-65.457,-66.388,34.609,197.916,0.059,763.518,25.829,-103.734,-20.48,-0.002,-74.352,17.278,17.132,-14.734
44,9083,45706689_1450,8/14/2023 16:01,23.2,2,,TRUE,,GD,No Defect,Not Done,Pass,Green,Not Done,Pass,Green,Pass,110_LVL (new),none,,,9,2018,Fail,0,0,0.017,0.468,0.016,-0.048,-0.038,-0.03,0.089,-0.165,0.003,0.101,0.168,0.093,0.164,-0.031,0.07,-0.01,0.07,-0.021,-0.019,0.044,0.01,-0.106,0.081,0.286,-0.009,0.034,-0.359,-0.043,0.017,535.614,43.839,28.27,-30.466,0.468,1066.571,27.442,31.107,-21.166,0.016,1127.851,-8.66,-84.885,9.499,-0.048,575.214,0.403,-57.288,-0.45,-0.038,288.539,-47.239,-179.848,89.461,-0.03,758.329,-11.505,-140.894,12.967,0.089,1881.977,2.775,-75.803,-2.613,-0.165,86.275,18.831,-27.675,-15.986,0.003,666.696,-1.282,-65.137,1.302,0.101,1424.645,1.946,-58.666,-1.81,0.168,87.415,16.096,16.37,-13.72,0.093,1742.928,-12.335,-150.838,14.176,0.164,1017.353,10.63,-29.865,-9.46,-0.031,-52.468,2.831,16.213,-2.783,0.07,414.211,66.328,17.336,-39.836,-0.01,643.613,14.887,-27.822,-12.967,0.07,1372.443,6.392,-62.955,-5.942,-0.021,5.512,55.187,58.531,-35.575,-0.019,2930.193,10.145,13.932,-9.228,0.044,41.563,-10.045,-5.742,11.216,0.01,44.695,-8.138,-57.737,8.869,-0.106,3.353,-64.859,31.262,184.267,0.081,271.113,100.957,29.288,-50.198,0.286,974.827,-35.288,-90.144,54.974,-0.009,-57.744,-20.564,16.659,25.876,0.034,392.721,82.451,52.805,-45.172,-0.359,27.067,-64.032,45.574,177.023,-0.043,-60.689,66.747,47.786,-40.055
45,B0068,45707768_1450,8/15/2023 19:24,23.7,2,,TRUE,,GD,No Defect,Not Done,Pass,,Not Done,Pass,,Pass,110_LVL (new),none,,,6,2019,Fail,0,0,0.121,0.184,0.033,-0.021,-0.051,-0.01,-0.021,-0.08,-0.015,-0.009,0.015,-0.051,0,-0.067,-0.028,-0.015,-0.042,-0.038,-0.097,-0.061,-0.014,-0.032,-0.042,-100,-0.089,-0.013,-0.033,-0.052,0.121,923.034,-12.303,-61.124,14.167,0.184,1476.505,38.709,-8.053,-27.774,0.033,1365.442,-14.631,-135.035,17.177,-0.021,799.431,-11.075,-138.953,12.431,-0.051,1069.864,-5.563,-156.038,5.837,-0.01,1044.139,-21.875,-193.403,27.987,-0.021,1110.937,10.601,-118.02,-9.604,-0.08,604.302,2.329,-73.454,-2.354,-0.015,770.249,5.868,-96.16,-5.557,-0.009,789.826,22.27,-78.896,-18.221,0.015,-7.519,17.472,3.133,-14.86,-0.051,1072.432,-13.101,-109.477,15.018,0,607.527,1.904,-45.906,-1.868,-0.067,-42.925,-14.379,-43.845,16.715,-0.028,275.812,15.311,-0.468,-13.302,-0.015,713.246,2.738,-81.25,-2.679,-0.042,821.297,5.892,-90.372,-5.603,-0.038,528.64,31.51,4.204,-23.989,-0.097,2442.618,83.337,51.462,-45.508,-0.061,804.975,33.721,-24.502,-25.263,-0.014,30.117,8.855,-21.664,-8.147,-0.032,152.074,-4.233,-86.412,4.386,-0.042,232.3,2.504,-51.465,-2.484,-100,-100,-100,100,-100,-0.089,-69.959,20.337,64.624,-16.974,-0.013,-27.037,21.606,27.845,-17.778,-0.033,274.873,14.312,9.321,-12.549,-0.052,-66.328,-6.793,42.644,7.232
46,B0276,45521386_1450,5/8/2023 18:41,23.3,2,,TRUE,,GD,No Defect,Pass,Pass,Green,Not Done,Pass,Green,Pass,400_LA (new),none,,,9,2019,Fail,0,0,-0.499,-0.295,0.013,0.009,0.019,0.05,-0.018,0.024,-0.016,0,0.046,-0.099,-0.017,-0.344,-0.023,-0.002,-0.326,-0.028,-0.03,-0.037,0.01,0.024,-0.049,0.315,0.004,0.108,-0.002,-0.034,-0.499,-19.221,-60.165,25.131,149.783,-0.295,-43.568,-25.522,21.583,33.872,0.013,1169.98,16.661,25.903,-14.27,0.009,510.473,31.212,50.089,-23.781,0.019,760.612,53.998,56.427,-35.052,0.05,604.761,5.948,18.332,-5.566,-0.018,538.176,-7.065,19.771,7.583,0.024,689.991,-10.669,-90.402,11.97,-0.016,406.798,-7.32,6.655,7.881,0,414.776,30.462,3.396,-23.349,0.046,490.08,27.678,8.784,-21.642,-0.099,523.654,63.4,-36.249,-38.861,-0.017,402.128,-7.165,-3.308,7.7,-0.344,17.423,-71.945,61.2,255.214,-0.023,-57.804,-3.007,12.372,3.076,-0.002,490.605,5.772,11.3,-5.459,-0.326,970.08,31.759,30.262,-24.352,-0.028,511.665,6.261,-2.116,-5.918,-0.03,421.859,-14.744,-91.454,17.258,-0.037,697.942,-7.278,-64.336,7.809,0.01,-22.307,0.763,14.718,-0.748,0.024,6.992,-36.907,-111.524,58.535,-0.049,-18.344,-5.962,-15.857,6.288,0.315,380.83,59.253,-212.315,-37.009,0.004,103.767,-21.228,15.46,26.953,0.108,736.711,65.589,-118.421,-39.544,-0.002,584.154,21.557,14.643,-17.736,-0.034,-50.562,-53.631,-40.739,115.586
47,D0088,45673631_1450,7/28/2023 19:21,24.3,2,,TRUE,,GD,No Defect,Not Done,Pass,Green,Not Done,Pass,Green,Pass,110_LVL (new),none,,,10,2018,Fail,0,0,-0.007,-0.109,0.028,-0.048,-0.047,-0.02,-0.137,-0.065,-0.039,-0.031,-0.023,-0.03,-0.011,-0.043,-0.044,-0.053,-0.043,-0.038,-0.035,-0.057,-0.042,-0.033,-0.035,-0.01,-0.05,-0.018,-0.049,-0.034,-0.007,222.225,-9.651,34.582,10.674,-0.109,330.092,0.607,-5.912,-0.712,0.028,561.922,-19.76,-80.332,24.662,-0.048,295.273,9.914,14.195,-9.064,-0.047,329.781,1.121,-0.75,-1.155,-0.02,390.095,-22.204,-67.169,28.515,-0.137,450.947,-4.472,9.908,4.538,-0.065,344.692,-21.431,-38.716,27.194,-0.039,393.012,-7.9,-47.839,8.535,-0.031,400.53,2.461,10.756,-2.432,-0.023,428.702,-4.064,5.731,4.212,-0.03,433.825,-3.967,-26.696,4.1,-0.011,492.299,-12.216,-15.089,13.903,-0.043,401.998,-24.344,-35.908,32.12,-0.044,406.2,5.215,-19.3,-4.999,-0.053,319.507,8.485,14.803,-7.871,-0.043,384.584,14.025,-20.598,-12.338,-0.038,292.431,21.932,36.679,-18.018,-0.035,306.823,-3.31,-30.337,3.388,-0.057,520,6.285,-11.03,-5.967,-0.042,412.481,19.917,31.163,-16.644,-0.033,659.049,4.315,-2.61,-4.168,-0.035,690.457,1.488,-46.999,-1.501,-0.01,366.376,-5.543,5.289,5.858,-0.05,-46.702,-25.184,-38.782,33.594,-0.018,-34.077,-25.321,-34.007,33.882,-0.049,251.194,-6.651,-6.676,7.073,-0.034,-10.369,-57.149,-98.469,133.291
48,D0138,45513969_1450,4/30/2023 17:46,24.8,2,,TRUE,,GD,No Defect,Not Done,Pass,Green,Not Done,Pass,Green,Pass,300_FW,none,,,0,0,Fail,0,0,-0.102,-0.631,0.19,0.188,0.173,0.211,0.203,0.253,0.266,0.712,0.21,0.203,0.111,0.195,0.205,0.199,0.2,0.207,0.22,0.228,0.138,0.175,0.186,0.283,0.234,0.133,0.222,0.279,-0.102,193.65,207.544,-8.485,-67.517,-0.631,317.488,152.278,-333.269,-60.611,0.19,61.069,-2.011,-1.228,2.246,0.188,97.558,-0.069,7.242,0.257,0.173,5.727,0.071,9.167,0.102,0.211,81.221,-10.133,1.312,11.511,0.203,32.487,20.475,28.927,-16.826,0.253,108.698,33.596,13.754,-24.958,0.266,99.236,31.037,-1.623,-23.483,0.712,250.4,39.548,-2.568,-27.829,0.21,33.543,5.255,-37.973,-4.794,0.203,32.62,13.743,28.848,-11.904,0.111,35.936,10.161,32.295,-9.123,0.195,28.312,109.089,70.421,-52.08,0.205,64.407,9.588,13.136,-8.562,0.199,84.114,2.335,16.592,-2.087,0.2,28.044,-1.369,-11.256,1.59,0.207,42.12,-0.524,-7.577,0.735,0.22,122.06,14.457,-34.132,-12.439,0.228,31.059,-26.719,-30.167,36.771,0.138,58.57,-9.464,-38.213,10.606,0.175,-79.785,-41.535,-12.919,71.343,0.186,-94.744,-4.83,18.584,5.271,0.283,25.006,17.404,-3.841,-14.583,0.234,24.577,3.859,-11.393,-3.49,0.133,55.919,3.601,-48.288,-3.348,0.222,34.617,10.348,32.843,-9.176,0.279,-62.657,-22.531,-64.58,29.444
49,D0522,45603390_1450,6/15/2023 20:58,24.3,2,,TRUE,,GD,No Defect,Pass,Pass,Green,Not Done,Pass,Green,Pass,400_LA (new),none,,,3,2019,Fail,0,0,-1.868,-1.254,0.07,-0.008,-0.022,-0.05,-0.04,-0.04,-0.008,-0.008,-0.015,-0.042,-0.111,-0.085,0.117,-0.007,-0.093,-0.069,-0.04,-0.058,-0.078,-0.011,-0.072,-0.007,-0.073,-0.024,0.177,-0.07,-1.868,-75.983,45.518,46.26,-32.563,-1.254,-68.417,-19.082,72.849,22.032,0.07,537.986,-17.739,-15.063,21.65,-0.008,336.473,11.829,16.789,-10.585,-0.022,315.873,35.461,46.661,-26.194,-0.05,371.327,24.105,9.01,-19.464,-0.04,234.829,27.559,37.773,-21.636,-0.04,330.896,1.654,4.404,-1.666,-0.008,314.758,-14.712,-31.842,17.24,-0.008,238.095,-23.286,-14.088,30.344,-0.015,196.705,11.133,-4.432,-10.032,-0.042,189.103,-3.601,6.706,3.692,-0.111,200.088,2.284,9.856,-2.341,-0.085,213.463,49.29,21.982,-33.073,0.117,187.849,-0.867,-42.314,0.993,-0.007,219.638,14.873,3.599,-12.953,-0.093,131.646,-1.291,2.808,1.213,-0.069,111.237,11.656,30.264,-10.501,-0.04,131.764,-0.862,-12.168,0.829,-0.058,53.754,58.243,46.521,-36.843,-0.078,86.348,19.247,38.319,-16.206,-0.011,-50.279,-29.363,-103.621,41.552,-0.072,-70.887,9.989,22.027,-9.147,-0.007,132.727,1.426,17.516,-1.413,-0.073,135.842,-0.23,-14.566,0.158,-0.024,303.778,-1.978,-11.549,1.993,0.177,2.238,-17.982,59.667,22.14,-0.07,-82.933,-18.644,31.334,22.83
50,D0631,45832686_1450,10/17/2023 22:25,22.6,2,,TRUE,,GD,No Defect,Not Done,Pass,,Not Done,Pass,,Pass,110_LVL (new),none,0,,8,2019,Fail,0,0,-0.374,-0.13,0.207,-0.124,0.455,-0.01,-0.088,-0.041,-0.024,-0.023,-0.008,-0.046,-0.006,-0.049,-0.054,-0.032,-0.003,-0.058,-0.065,-0.033,-0.027,-0.036,-0.047,-100,-0.018,0.036,-0.065,0.019,-0.374,224.301,58.164,35.359,-37.011,-0.13,162.163,54.492,59.129,-35.356,0.207,657.046,184.934,-52.913,-64.832,-0.124,311.063,22.412,36.749,-18.411,0.455,26.173,19.947,-3.901,-16.25,-0.01,573.407,-19.181,-81.529,23.72,-0.088,604.186,-7.209,-7.01,7.675,-0.041,399.805,24.441,-13.849,-19.674,-0.024,387.592,3.352,1.438,-3.266,-0.023,439.917,-0.282,27.058,0.26,-0.008,-33.108,-15.779,-6.516,18.726,-0.046,481.367,-10.171,-8.2,11.271,-0.006,483.161,-1.194,-1.771,1.203,-0.049,440.063,22.381,-5.073,-18.328,-0.054,-43.868,3.25,14.876,-3.2,-0.032,303.033,16.341,23.635,-14.073,-0.003,376.077,6.834,3.342,-6.4,-0.058,327.044,17.217,32.163,-14.737,-0.065,379.57,-13.772,-50.488,15.897,-0.033,530.002,16.842,1.15,-14.443,-0.027,442.304,11.651,13.36,-10.459,-0.036,-12.992,-10.882,-14.48,12.17,-0.047,-13.212,-0.914,7.03,0.874,-100,-100,-100,100,-100,-0.018,-56.567,-28.845,-35.009,40.514,0.036,480.822,47.867,22.915,-32.347,-0.065,235.462,5.815,56.143,-5.557,0.019,-52.626,-64.382,30.281,180.814
,,,,,,,,,,,,,,,,,,,,,,,,,,,,,,,,,,,,,,,,,,,,,,,,,,,,,,,,,,,,,,,,,,,,,,,,,,,,,,,,,,,,,,,,,,,,,,,,,,,,,,,,,,,,,,,,,,,,,,,,,,,,,,,,,,,,,,,,,,,,,,,,,,,,,,,,,,,,,,,,,,,,,,,,,,,,,,,,,,,,,,,,,,,,,,,,,,
BEFORE/AFTER RECORDS,,,,,,,,,,,,,,,,,,,,,,,,,,,,,,,,,,,,,,,,,,,,,,,,,,,,,,,,,,,,,,,,,,,,,,,,,,,,,,,,,,,,,,,,,,,,,,,,,,,,,,,,,,,,,,,,,,,,,,,,,,,,,,,,,,,,,,,,,,,,,,,,,,,,,,,,,,,,,,,,,,,,,,,,,,,,,,,,,,,,,,,,,,,,,,,,,,
45,1051,44966932_1450,8/23/2022 17:38,24,2,,TRUE,,GD,No Defect,Not Done,Pass,Green,Not Done,Pass,Green,Pass,100_LVL (old),none,,,2,2000,Pass,,,2.17,2.301,3,3.119,3.148,3.333,3.361,4.053,4.236,4.273,4.377,4.728,5.056,5.195,5.511,5.986,6.067,6.24,6.608,6.929,7.165,8.291,8.357,5.133,5.702,3.754,6.136,11.351,2.17,0.033,0.008,-58.81,0.257,2.301,0.031,0.005,-139.071,0.502,3,0.006,0.007,-27.447,0.411,3.119,0.018,0.007,-94.992,0.474,3.148,0.01,0.002,-157.905,1.32,3.333,0.009,0.007,-75.877,0.487,3.361,0.005,0.008,-35.741,0.409,4.053,0.009,0.008,-47.25,0.526,4.236,0.011,0.006,-98.271,0.692,4.273,0.005,0.006,-77.484,0.768,4.377,0.119,0.006,-100.71,0.72,4.728,0.008,0.007,-53.259,0.642,5.056,0.019,0.008,-54.091,0.616,5.195,0.007,0.006,-76.141,0.885,5.511,0.006,0.004,-108.147,1.421,5.986,0.003,0.004,-34.53,1.371,6.067,0.005,0.005,-87.098,1.124,6.24,0.01,0.005,-125.574,1.235,6.608,0.001,0.006,-72.336,1.19,6.929,0.001,0.008,-26.283,0.91,7.165,0.065,0.007,-72.384,0.995,8.291,0.009,0.008,-35.948,0.996,8.357,0.011,0.012,-18.076,0.697,5.133,0.014,0.005,-86.436,0.96,5.702,0.018,0.005,-154.154,1.12,3.754,0.018,0.006,-86.37,0.615,6.136,0.005,0.004,-96.21,1.405,11.351,0.031,0.008,-28.616,1.365
141,1051,45760439_1450,9/12/2023 18:54,23.3,2,QPLog 10-1631 (16) rev17,TRUE,,GD,No Defect,Not Done,Pass,,Not Done,Pass,,Pass,110_LVL (new),none,,,2,2000,Pass,,,2.166,2.305,3.008,3.119,3.138,3.33,3.362,4.048,4.233,4.31,4.374,4.724,5.056,5.19,5.509,5.983,6.095,6.235,6.605,7.003,7.164,0,8.357,0,5.696,3.752,6.132,11.342,2.166,0.034,0.006,-28.535,0.384,2.305,0.482,0.009,-72.887,0.268,3.008,0.096,0.011,-76.182,0.279,3.119,0.215,0.006,-172.426,0.517,3.138,0.047,0.002,-208.422,1.395,3.33,0.077,0.008,-129.327,0.443,3.362,0.099,0.007,-85.291,0.5,4.048,0.061,0.008,-90.181,0.506,4.233,0.108,0.007,-172.44,0.64,4.31,0.025,0.004,-151.149,1.104,4.374,0.134,0.008,-82.531,0.522,4.724,0.094,0.008,-82.529,0.584,5.056,0.176,0.008,-75.389,0.643,5.19,0.055,0.005,-94.104,0.946,5.509,0.07,0.005,-152.3,1.023,5.983,0.041,0.006,-125.343,1.023,6.095,0.005,0.005,-150.017,1.194,6.235,0.072,0.006,-100.863,0.975,6.605,0.018,0.007,-70.59,0.915,7.003,0.018,0.007,-102.158,0.948,7.164,0.123,0.007,-93.497,0.984,0,0,0,0,0,8.357,0.04,0.009,-49.523,0.921,0,0,0,0,0,5.696,0.007,0.006,-91.107,0.914,3.752,0.089,0.008,-54.323,0.445,6.132,0.026,0.005,-141.335,1.241,11.342,0.005,0.012,-16.938,0.93
0,2386,44478549_11846,9/24/2021 17:14,23.4,2,Failed Sort COL1-001 OB 10-1631_PIK_SORT rev10  09/24/21 07:40,TRUE,,GD,No Defect,Pass,Pass,Green,Pass,Pass,Green,Pass,100_LVL (old),none,,,3,2011,Pass,,,2.164,2.29,3.023,3.118,3.138,3.313,3.366,4.04,4.209,4.251,4.337,4.713,5.048,5.163,5.517,5.994,6.051,6.216,6.605,6.926,7.151,8.284,8.341,5.111,5.678,3.743,6.118,11.36,2.164,0.064,0.012,-59.769,0.179,2.29,0.044,0.005,-138.765,0.417,3.023,0.019,0.007,-64.506,0.442,3.118,0.042,0.009,-74.08,0.353,3.138,0.018,0.005,-206.788,0.682,3.313,0.016,0.007,-67.883,0.445,3.366,0.008,0.007,-57.478,0.476,4.04,0.016,0.009,-54.998,0.455,4.209,0.011,0.007,-124.197,0.607,4.251,0.011,0.008,-56.837,0.535,4.337,0.111,0.007,-78.52,0.582,4.713,0.008,0.007,-73.892,0.633,5.048,0.017,0.01,-62.456,0.509,5.163,0.079,0.007,-95.459,0.755,5.517,0.057,0.007,-100.159,0.788,5.994,0.007,0.008,-31.72,0.737,6.051,0.019,0.006,-73.291,0.997,6.216,0.061,0.008,-90.706,0.824,6.605,0.025,0.009,-61.731,0.775,6.926,0.006,0.007,-28.349,0.998,7.151,0.052,0.011,-38.907,0.678,8.284,0.004,0.006,-18.699,1.46,8.341,0.009,0.018,-10.575,0.466,5.111,0.01,0.007,-83.905,0.683,5.678,0.013,0.008,-102.972,0.713,3.743,0.034,0.008,-79.604,0.489,6.118,0.053,0.008,-71.743,0.75,11.36,0.007,0.012,-14.908,0.909
77,2386,45404810_86833,3/17/2023 15:20,23.1,2,QPLog 10-1631 (16) rev16,TRUE,,GD,No Defect,Not Done,Pass,Green,Not Done,Pass,Green,Pass,110_LVL (new),none,,,11,2003,Pass,,,2.158,2.309,3.033,3.13,3.143,3.327,3.375,4.052,4.226,4.269,4.354,4.727,5.066,5.182,5.532,6.018,6.056,6.233,6.62,6.947,7.176,0,8.372,5.131,5.696,3.76,6.138,0,2.158,0.259,0.003,-10.234,0.617,2.309,0.286,0.009,-22.716,0.262,3.033,0.148,0.007,-72.742,0.428,3.13,0.33,0.006,-135.718,0.497,3.143,0.204,0.007,-50.908,0.459,3.327,0.147,0.007,-94.203,0.459,3.375,0.036,0.008,-68.608,0.446,4.052,0.145,0.007,-83.747,0.61,4.226,0.059,0.005,-218.804,0.797,4.269,0.063,0.004,-205.695,1.155,4.354,0.093,0.006,-145.494,0.781,4.727,0.076,0.007,-124.146,0.683,5.066,0.087,0.008,-85.163,0.638,5.182,0.08,0.007,-117.208,0.795,5.532,0.05,0.005,-158,1.029,6.018,0.063,0.005,-93.381,1.207,6.056,0.036,0.006,-124.132,1.059,6.233,0.053,0.007,-91.573,0.844,6.62,0.031,0.007,-82.894,0.915,6.947,0.003,0.009,-49.955,0.808,7.176,0.101,0.007,-92.619,1.015,0,0,0,0,0,8.372,0.052,0.009,-65.835,0.968,5.131,0.106,0.005,-188.192,0.983,5.696,0.008,0.005,-139.675,1.257,3.76,0.148,0.004,-64.285,0.923,6.138,0.058,0.007,-88.342,0.899,0,0,0,0,0
46,2546,44966017_1450,8/1/2022 18:46,25.2,2,,TRUE,,GD,No Defect,Not Done,Pass,Green,Not Done,Pass,Green,Pass,100_LVL (old),none,,,3,2005,Pass,,,2.162,2.295,3.03,3.123,3.169,3.322,3.367,4.035,4.206,4.259,4.365,4.709,5.037,5.166,5.505,5.96,6.042,6.232,6.622,6.965,7.128,8.266,8.37,5.109,5.69,3.756,6.116,11.341,2.162,0.035,0.012,-39.13,0.174,2.295,0.038,0.006,-119.096,0.369,3.03,0.007,0.006,-62.953,0.512,3.123,0.024,0.009,-44.076,0.354,3.169,0.003,0.002,-203.192,1.882,3.322,0.011,0.007,-64.424,0.491,3.367,0.004,0.01,-33.156,0.347,4.035,0.01,0.007,-54.809,0.582,4.206,0.008,0.006,-126.787,0.7,4.259,0.005,0.006,-81.241,0.666,4.365,0.078,0.006,-133.931,0.694,4.709,0.008,0.007,-56.424,0.646,5.037,0.017,0.007,-74.388,0.709,5.166,0.015,0.006,-92.303,0.871,5.505,0.02,0.004,-188.248,1.252,5.96,0.005,0.005,-76.783,1.251,6.042,0.007,0.005,-123.311,1.309,6.232,0.106,0.005,-272.789,1.304,6.622,0.001,0.005,-86.152,1.277,6.965,0.021,0.005,-133.403,1.323,7.128,0.072,0.007,-64.3,0.996,8.266,0.014,0.01,-26.517,0.829,8.37,0.008,0.008,-56.921,1.096,5.109,0.012,0.005,-127.691,1.009,5.69,0.022,0.004,-262.843,1.276,3.756,0.16,0.007,-93.698,0.53,6.116,0.008,0.005,-111.648,1.187,11.341,0.011,0.008,-37.095,1.479
131,2546,45681871_1450,7/27/2023 17:53,24.8,2,QPLog 10-1631 (16) rev16,TRUE,,GD,No Defect,Not Done,Pass,Green,Not Done,Pass,Green,Pass,300_FW,none,,,0,0,Pass,,,2.167,2.301,3.03,3.123,3.158,3.324,3.369,4.034,4.208,4.261,4.368,4.71,5.04,5.169,5.505,5.96,6.043,6.233,6.622,6.965,7.131,8.267,8.369,5.112,5.687,3.755,6.118,11.339,2.167,0.304,0.01,-38.659,0.227,2.301,0.35,0.008,-76.293,0.287,3.03,0.06,0.006,-78.624,0.47,3.123,0.209,0.007,-101.769,0.47,3.158,0.008,0.004,-164.348,0.895,3.324,0.074,0.009,-73.676,0.388,3.369,0.038,0.008,-87.65,0.418,4.034,0.048,0.008,-68.919,0.496,4.208,0.056,0.006,-176.749,0.762,4.261,0.042,0.006,-175.94,0.667,4.368,0.059,0.006,-137.132,0.741,4.71,0.054,0.009,-77.512,0.552,5.04,0.091,0.01,-53.81,0.51,5.169,0.082,0.006,-140.819,0.809,5.505,0.023,0.006,-138.241,0.943,5.96,0.037,0.005,-147.6,1.286,6.043,0.048,0.004,-209.88,1.557,6.233,0.08,0.005,-221.206,1.244,6.622,0.009,0.008,-51.889,0.85,6.965,0.012,0.007,-78.355,0.931,7.131,0.068,0.007,-77.756,0.975,8.267,0.011,0.009,-38.072,0.967,8.369,0.006,0.009,-47.808,0.983,5.112,0.073,0.005,-212.259,1.07,5.687,0.009,0.007,-84.322,0.789,3.755,0.081,0.01,-50.595,0.381,6.118,0.034,0.006,-135.029,1.079,11.339,0.002,0.008,-23.239,1.363
17,2798,44897784_1450,5/25/2022 1:15,25.2,2,QPLog 10-1631 (16) rev11,TRUE,,UN,,Not Done,Not Done,,Not Done,Pass,,Not Done,300_FW,,,,0,0,Pass,,,2.182,2.33,3.032,3.139,3.163,3.334,3.396,4.074,4.227,4.301,4.393,4.743,5.077,5.209,5.54,6.009,6.086,6.267,6.649,6.964,7.175,8.319,8.406,5.14,5.715,3.771,6.156,11.418,2.182,0.108,0.004,-8.563,0.531,2.33,0.094,0.014,-8.721,0.17,3.032,0.023,0.008,-59.494,0.398,3.139,0.056,0.006,-185.068,0.54,3.163,0.041,0.004,-129.349,0.818,3.334,0.027,0.007,-83.116,0.451,3.396,0.01,0.009,-41.638,0.391,4.074,0.02,0.007,-93.138,0.583,4.227,0.02,0.005,-212.908,0.806,4.301,0.011,0.006,-183.374,0.679,4.393,0.017,0.006,-99.434,0.739,4.743,0.017,0.01,-64.545,0.497,5.077,0.027,0.008,-74.757,0.611,5.209,0.022,0.006,-94.511,0.945,5.54,0.009,0.005,-110.769,1.188,6.009,0.033,0.006,-133.786,1.021,6.086,0.014,0.005,-171.621,1.215,6.267,0.021,0.006,-136.572,1.084,6.649,0.005,0.007,-59.262,0.934,6.964,0.002,0.005,-45.434,1.326,7.175,0.025,0.007,-84.504,1.008,8.319,0.004,0.008,-19.976,1.051,8.406,0.005,0.008,-42.355,1,5.14,0.014,0.004,-204.537,1.206,5.715,0.016,0.006,-103.836,0.924,3.771,0.019,0.005,-74.45,0.75,6.156,0.011,0.007,-72.713,0.85,11.418,0.005,0.01,-22.679,1.101
78,2798,45523806_1450,5/8/2023 19:51,23.4,2,QPLog 10-1631 (16) rev18,TRUE,,GD,No Defect,Pass,Pass,Green,Not Done,Pass,Green,Pass,400_LA (new),none,,,4,2006,Pass,,,2.172,2.3,3.03,3.139,3.158,3.333,3.398,4.071,4.228,4.272,4.399,4.746,5.083,5.208,5.541,6.011,6.09,6.266,6.646,6.965,7.178,8.318,8.404,5.142,5.71,3.769,6.154,11.402,2.172,0.038,0.004,-59.566,0.51,2.3,0.075,0.005,-33.564,0.497,3.03,0.173,0.006,-57.426,0.478,3.139,0.275,0.007,-119.696,0.45,3.158,0.05,0.007,-172.603,0.445,3.333,0.134,0.01,-113.587,0.325,3.398,0.12,0.007,-66.184,0.493,4.071,0.066,0.005,-180.333,0.803,4.228,0.111,0.005,-220.805,0.795,4.272,0.04,0.006,-176.802,0.699,4.399,0.197,0.008,-93.238,0.576,4.746,0.119,0.009,-71.821,0.516,5.083,0.168,0.012,-40.29,0.438,5.208,0.113,0.006,-70.296,0.869,5.541,0.099,0.006,-135.253,0.957,6.011,0.037,0.005,-68.128,1.176,6.09,0.143,0.006,-144.074,1.03,6.266,0.129,0.006,-135.718,1.064,6.646,0.025,0.008,-78.304,0.844,6.965,0.016,0.003,-9.618,2.301,7.178,0.176,0.008,-64.672,0.903,8.318,0.036,0.011,-38.424,0.771,8.404,0.027,0.009,-35.66,0.982,5.142,0.044,0.006,-123.718,0.882,5.71,0.01,0.008,-107.206,0.758,3.769,0.131,0.007,-79.145,0.544,6.154,0.034,0.005,-117.157,1.296,11.402,0.007,0.002,-6.855,7.119
53,3171,45195236_1450,11/5/2022 0:06,23.2,2,QPLog 10-1631 (16) rev12,TRUE,,GD,No Defect,Pass,Pass,Green,Not Done,Pass,Green,Pass,200_LA (old),none,,,8,2007,Pass,,,2.167,2.295,3.004,3.128,3.161,3.313,3.402,4.072,4.201,4.278,4.357,4.717,5.051,5.2,5.505,5.981,6.054,6.262,6.642,6.968,7.137,8.266,8.4,5.114,5.698,3.749,6.14,11.328,2.167,0.241,0.005,-42.516,0.415,2.295,0.34,0.003,-52.404,0.724,3.004,0.134,0.007,-95.557,0.434,3.128,0.227,0.006,-185.222,0.541,3.161,0.145,0.006,-103.251,0.546,3.313,0.12,0.008,-105.349,0.426,3.402,0.099,0.007,-77.169,0.471,4.072,0.041,0.007,-95.17,0.583,4.201,0.077,0.006,-211.857,0.749,4.278,0.114,0.006,-140.318,0.758,4.357,0.206,0.006,-111.851,0.689,4.717,0.14,0.007,-109.604,0.665,5.051,0.201,0.009,-56.048,0.541,5.2,0.063,0.006,-57.788,0.883,5.505,0.117,0.006,-119.427,0.888,5.981,0.185,0.007,-89.435,0.853,6.054,0.1,0.005,-178.683,1.239,6.262,0.127,0.006,-124.19,1.038,6.642,0.037,0.007,-53.085,0.926,6.968,0.028,0.01,-49.731,0.71,7.137,0.161,0.008,-68.397,0.927,8.266,0.04,0.01,-41.581,0.823,8.4,0.036,0.009,-50.313,0.928,5.114,0.028,0.004,-172.565,1.284,5.698,0.019,0.008,-70.715,0.74,3.749,0.145,0.007,-56.944,0.51,6.14,0.038,0.006,-126.403,1.09,11.328,0.003,0.01,-8.732,1.114
139,3171,45744613_1450,8/26/2023 18:53,24.8,2,QPLog 10-1631 (16) rev16,TRUE,,GD,No Defect,Pass,Pass,,Not Done,Pass,,Pass,300_FW,none,,,8,2007,Pass,,,2.163,2.314,3.006,3.128,3.163,3.315,3.399,4.076,4.202,4.276,4.356,4.717,5.047,5.204,5.504,5.979,6.054,6.263,6.644,6.969,7.135,8.266,8.399,0,5.701,3.747,6.144,11.336,2.163,0.171,0.009,-18.147,0.238,2.314,0.17,0.016,-5.44,0.14,3.006,0.114,0.007,-83.05,0.406,3.128,0.135,0.006,-138.977,0.49,3.163,0.119,0.008,-71.711,0.414,3.315,0.085,0.007,-98.801,0.449,3.399,0.027,0.011,-39.843,0.302,4.076,0.049,0.006,-87.348,0.651,4.202,0.042,0.006,-218.648,0.751,4.276,0.04,0.006,-194.791,0.709,4.356,0.027,0.01,-36.045,0.417,4.717,0.058,0.007,-79.658,0.642,5.047,0.087,0.011,-41.265,0.44,5.204,0.067,0.007,-87.348,0.735,5.504,0.037,0.006,-115.221,0.967,5.979,0.107,0.006,-151.714,1.054,6.054,0.009,0.004,-172.047,1.431,6.263,0.054,0.006,-118.865,1.027,6.644,0.016,0.008,-51.009,0.826,6.969,0.016,0.009,-63.144,0.81,7.135,0.07,0.007,-77.121,0.958,8.266,0.011,0.013,-24.772,0.644,8.399,0.01,0.008,-64.612,1.049,0,0,0,0,0,5.701,0.011,0.008,-71.626,0.758,3.747,0.089,0.006,-75.754,0.586,6.144,0.031,0.006,-104.338,0.986,11.336,0.002,0.01,-23.342,1.108
39,4102P,44927313_1450,7/18/2022 16:02,24.6,2,,TRUE,,GD,No Defect,Not Done,Pass,Green,Not Done,Pass,Green,Pass,100_LVL (old),none,,,11,2001,Pass,,,2.181,2.297,3.035,3.139,3.172,3.312,3.396,4.069,4.196,4.278,4.364,4.733,5.06,5.189,5.532,5.988,6.046,6.257,6.641,6.967,7.156,8.296,8.403,5.105,5.7,3.764,6.14,11.368,2.181,0.065,0.01,-61.385,0.229,2.297,0.051,0.008,-97.855,0.274,3.035,0.02,0.008,-62.83,0.385,3.139,0.041,0.007,-115.709,0.464,3.172,0.017,0.002,-223.329,1.338,3.312,0.017,0.007,-89.495,0.508,3.396,0.008,0.007,-57.842,0.507,4.069,0.013,0.008,-73.078,0.527,4.196,0.009,0.006,-167.194,0.685,4.278,0.013,0.007,-81.633,0.596,4.364,0.011,0.006,-76.613,0.687,4.733,0.01,0.008,-50.984,0.603,5.06,0.023,0.01,-52.806,0.53,5.189,0.014,0.007,-65.45,0.745,5.532,0.073,0.005,-153.76,1.193,5.988,0.009,0.005,-83.544,1.218,6.046,0.008,0.004,-62.232,1.372,6.257,0.007,0.006,-72.455,1.004,6.641,0.034,0.007,-116.921,1.01,6.967,0.002,0.002,-23.791,2.868,7.156,0.077,0.01,-35.865,0.698,8.296,0.013,0.009,-26.635,0.903,8.403,0.014,0.012,-33.405,0.698,5.105,0.007,0.004,-240.566,1.349,5.7,0.003,0.007,-135.549,0.835,3.764,0.032,0.006,-97.172,0.582,6.14,0.007,0.005,-97.027,1.325,11.368,0.02,0.008,-51.834,1.408
102,4102P,45533791_1450,5/11/2023 23:30,25.2,2,QPLog 10-1631 (16) rev16,TRUE,,GD,No Defect,Pass,Pass,Green,Not Done,Pass,Green,Pass,300_FW,none,,,11,2010,Pass,,,2.166,2.294,3.019,3.129,3.157,3.312,3.392,4.068,4.197,4.277,4.348,4.726,5.066,5.192,5.535,5.994,6.054,6.251,6.638,6.968,7.173,8.323,8.396,5.108,5.697,3.754,6.144,11.376,2.166,0.31,0.009,-16.168,0.245,2.294,0.182,0.003,-11.939,0.681,3.019,0.105,0.008,-109.346,0.372,3.129,0.181,0.006,-153.696,0.518,3.157,0.143,0.006,-135.072,0.569,3.312,0.093,0.008,-83.482,0.44,3.392,0.048,0.008,-67.768,0.441,4.068,0.053,0.006,-129.278,0.711,4.197,0.047,0.006,-227.172,0.748,4.277,0.11,0.006,-179.51,0.736,4.348,0.083,0.006,-129.18,0.712,4.726,0.055,0.007,-107.928,0.696,5.066,0.116,0.01,-62.153,0.53,5.192,0.086,0.008,-70.909,0.683,5.535,0.051,0.005,-160.752,1.008,5.994,0.077,0.005,-177.519,1.156,6.054,0.117,0.006,-143.97,1.07,6.251,0.071,0.005,-204.114,1.222,6.638,0.018,0.008,-65.612,0.873,6.968,0.013,0.008,-73.457,0.908,7.173,0.085,0.008,-73.817,0.914,8.323,0.005,0.005,-68.714,1.585,8.396,0.016,0.008,-51.072,1.048,5.108,0.035,0.006,-152.213,0.919,5.697,0.008,0.005,-74.252,1.036,3.754,0.075,0.006,-87.563,0.666,6.144,0.01,0.004,-112.475,1.41,11.376,0.006,0.011,-19.088,1.018
47,4237,45033209_27519,8/15/2022 16:16,24.3,2,,TRUE,,GD,No Defect,Not Done,Pass,Green,Not Done,Pass,Green,Pass,100_LVL (old),none,,,10,2011,Pass,,,2.171,2.289,3.014,3.128,3.157,3.308,3.388,4.061,4.193,4.266,4.337,4.708,5.046,5.187,5.511,5.983,6.047,6.247,6.636,6.966,7.146,8.282,8.389,5.105,5.695,3.745,6.138,11.349,2.171,0.031,0.01,-46.645,0.211,2.289,0.03,0.011,-84.268,0.213,3.014,0.005,0.007,-35.092,0.446,3.128,0.02,0.006,-87.785,0.497,3.157,0.011,0.005,-80.464,0.676,3.308,0.008,0.008,-40.028,0.432,3.388,0.003,0.008,-33.814,0.452,4.061,0.008,0.007,-46.191,0.607,4.193,0.006,0.006,-99.613,0.686,4.266,0.007,0.006,-80.081,0.667,4.337,0.09,0.006,-90.396,0.737,4.708,0.007,0.009,-46.498,0.537,5.046,0.016,0.008,-45.789,0.633,5.187,0.012,0.008,-49.44,0.664,5.511,0.007,0.005,-130.562,1.173,5.983,0.008,0.007,-44.408,0.878,6.047,0.007,0.006,-52.026,0.943,6.247,0.007,0.006,-115.191,1.134,6.636,0.001,0.005,-87.026,1.208,6.966,0.002,0.007,-39.006,0.986,7.146,0.063,0.009,-44.655,0.833,8.282,0.012,0.01,-20.055,0.807,8.389,0.007,0.01,-32.2,0.859,5.105,0.005,0.005,-99.08,1.051,5.695,0.016,0.005,-181.936,1.147,3.745,0.017,0.006,-86.885,0.619,6.138,0.006,0.005,-82.379,1.121,11.349,0.016,0.008,-28.008,1.339
143,4237,45827890_1450,10/17/2023 14:58,22.4,2,QPLog 10-1631 (16) rev17,TRUE,,GD,No Defect,Not Done,Pass,,Not Done,Pass,,Pass,110_LVL (new),none,0,,10,2011,Pass,,,2.173,2.295,3.013,3.126,3.149,3.307,3.386,4.058,4.192,4.266,4.337,4.705,5.047,5.185,5.509,5.981,6.046,6.246,6.633,6.934,7.147,8.28,8.388,0,5.691,3.744,6.12,11.345,2.173,0.339,0.011,-51.943,0.197,2.295,0.396,0.012,-56.636,0.199,3.013,0.096,0.006,-110.861,0.542,3.126,0.182,0.005,-180.949,0.579,3.149,0.033,0.006,-161.15,0.512,3.307,0.109,0.006,-148.341,0.555,3.386,0.044,0.009,-61.564,0.393,4.058,0.051,0.006,-119.306,0.692,4.192,0.053,0.006,-173.185,0.697,4.266,0.084,0.008,-119.551,0.568,4.337,0.103,0.007,-71.347,0.586,4.705,0.082,0.006,-123.689,0.729,5.047,0.155,0.008,-66.059,0.602,5.185,0.075,0.007,-71.725,0.759,5.509,0.046,0.006,-152.764,0.907,5.981,0.085,0.007,-106.404,0.838,6.046,0.078,0.007,-111.335,0.897,6.246,0.059,0.008,-70.925,0.767,6.633,0.017,0.007,-68.517,0.954,6.934,0.006,0.005,-65.572,1.435,7.147,0.121,0.008,-68.413,0.917,8.28,0.029,0.009,-34.106,0.884,8.388,0.029,0.009,-53.138,0.953,0,0,0,0,0,5.691,0.005,0.004,-88.402,1.561,3.744,0.1,0.009,-79.059,0.434,6.12,0.011,0.005,-60.933,1.357,11.345,0.002,0.009,-17.336,1.241
4,4258,44511938_1450,10/12/2021 16:50,25.2,2,Failed Sort COL1-001 OB 10-1631_PIK_SORT rev10  10/12/21 07:16,TRUE,,GD,No Defect,Not Done,Pass,Green,Pass,Pass,Green,Pass,100_LVL (old),none,,,1,2012,Pass,,,2.175,2.298,2.998,3.118,3.156,3.314,3.396,4.072,4.199,4.287,4.373,4.727,5.065,5.201,5.525,5.983,6.058,6.252,6.627,6.918,7.163,8.293,8.38,5.11,5.698,3.748,6.137,11.36,2.175,0.078,0.01,-53.41,0.209,2.298,0.095,0.008,-104.118,0.277,2.998,0.021,0.008,-77.127,0.36,3.118,0.034,0.007,-112.562,0.467,3.156,0.028,0.01,-45.641,0.309,3.314,0.021,0.007,-79.829,0.457,3.396,0.014,0.009,-52.776,0.381,4.072,0.013,0.009,-46.608,0.446,4.199,0.018,0.006,-156.506,0.679,4.287,0.017,0.008,-99.492,0.567,4.373,0.03,0.008,-71.141,0.539,4.727,0.021,0.009,-70.748,0.538,5.065,0.339,0.009,-80.467,0.547,5.201,0.019,0.008,-41.119,0.614,5.525,0.095,0.008,-87.831,0.692,5.983,0.013,0.009,-64.958,0.669,6.058,0.018,0.012,-28.708,0.518,6.252,0.016,0.008,-63.78,0.787,6.627,0.004,0.008,-33.741,0.835,6.918,0.018,0.006,-54.956,1.119,7.163,0.134,0.012,-30.674,0.598,8.293,0.028,0.009,-31.419,0.946,8.38,0.038,0.018,-13.903,0.47,5.11,0.007,0.005,-104.049,0.931,5.698,0.013,0.01,-58.065,0.548,3.748,0.041,0.007,-83.457,0.503,6.137,0.008,0.006,-68.42,1.068,11.36,0.018,0.011,-29.198,1
63,4258,45323100_1450,1/20/2023 18:52,24.4,2,QPLog 10-1631 (16) rev14,TRUE,,GD,No Defect,Not Done,Pass,Green,Not Done,Pass,Green,Pass,300_FW,none,,,0,0,Pass,,,2.176,2.304,3.004,3.124,3.158,3.321,3.399,4.076,4.205,4.292,4.376,4.732,5.07,5.207,5.531,5.992,6.064,6.261,6.636,6.961,7.174,8.297,8.39,5.116,5.707,3.752,6.153,11.375,2.176,0.227,0.014,-35.056,0.159,2.304,0.402,0.009,-57.197,0.251,3.004,0.084,0.007,-87.588,0.452,3.124,0.121,0.006,-158.326,0.519,3.158,0.102,0.006,-109.816,0.515,3.321,0.081,0.007,-99.606,0.476,3.399,0.035,0.007,-68.918,0.48,4.076,0.05,0.006,-127.652,0.664,4.205,0.053,0.005,-225.845,0.794,4.292,0.054,0.006,-163.159,0.699,4.376,0.063,0.006,-119.244,0.684,4.732,0.061,0.007,-113.534,0.668,5.07,0.109,0.008,-74.218,0.611,5.207,0.071,0.006,-102.803,0.804,5.531,0.045,0.005,-171.039,1.092,5.992,0.064,0.006,-219.66,1.018,6.064,0.084,0.006,-126.176,0.987,6.261,0.064,0.005,-164.321,1.143,6.636,0.023,0.007,-95.168,1.004,6.961,0.012,0.008,-63.79,0.87,7.174,0.072,0.008,-64.609,0.851,8.297,0.003,0.006,-31.289,1.507,8.39,0.009,0.01,-31.771,0.853,5.116,0.024,0.004,-260.497,1.315,5.707,0.009,0.007,-141.804,0.859,3.752,0.056,0.008,-53.91,0.494,6.153,0.005,0.003,-124.923,2.051,11.375,0.005,0.012,-13.025,0.969
48,4268,45042397_1450,8/16/2022 1:56,31.7,2,,TRUE,,GD,No Defect,Pass,Pass,Green,Not Done,Pass,Green,Pass,200_LA (old),none,,,1,2012,Pass,,,2.185,2.313,3.014,3.126,3.158,3.313,3.395,4.072,4.193,4.282,4.369,4.734,5.062,5.207,5.523,5.986,6.061,6.263,6.638,6.918,7.177,8.314,8.399,5.121,5.69,3.759,6.148,11.364,2.185,0.126,0.011,-20.158,0.192,2.313,0.129,0.019,-21.995,0.124,3.014,0.056,0.006,-145.37,0.522,3.126,0.072,0.006,-186.436,0.535,3.158,0.076,0.006,-132.557,0.557,3.313,0.046,0.006,-116.142,0.55,3.395,0.021,0.011,-42.374,0.32,4.072,0.021,0.007,-84.32,0.554,4.193,0.027,0.005,-249.244,0.78,4.282,0.034,0.006,-133.729,0.714,4.369,0.052,0.005,-144.483,0.808,4.734,0.039,0.007,-106.003,0.658,5.062,0.073,0.008,-72.079,0.657,5.207,0.048,0.007,-79.004,0.729,5.523,0.018,0.006,-152.375,0.929,5.986,0.05,0.005,-222.014,1.148,6.061,0.06,0.006,-135.431,0.982,6.263,0.046,0.005,-185.97,1.191,6.638,0.008,0.007,-43.924,0.966,6.918,0.004,0.005,-52.42,1.412,7.177,0.04,0.011,-34.572,0.662,8.314,0.034,0.005,-107.498,1.804,8.399,0.158,0.013,-34.422,0.627,5.121,0.013,0.004,-173.059,1.294,5.69,0.005,0.006,-108.725,1.028,3.759,0.049,0.005,-116.495,0.724,6.148,0.022,0.005,-92.145,1.298,11.364,0.008,0.016,-13.263,0.69
136,4268,45725950_1450,8/18/2023 0:03,30.2,2,QPLog 10-1631 (16) rev18,TRUE,,GD,No Defect,Pass,Pass,Green,Not Done,Pass,Green,Pass,400_LA (new),none,,,1,2012,Pass,,,2.179,2.305,3.013,3.125,3.158,3.313,3.396,4.07,4.194,4.284,4.369,4.734,5.061,5.204,5.523,5.986,6.059,6.261,6.636,6.923,7.176,0,8.396,5.103,5.689,3.757,6.147,11.365,2.179,0.278,0.003,-51.037,0.636,2.305,0.316,0.009,-37.215,0.245,3.013,0.16,0.007,-91.55,0.421,3.125,0.236,0.006,-159.288,0.529,3.158,0.201,0.007,-97.975,0.454,3.313,0.134,0.006,-114.165,0.539,3.396,0.079,0.007,-76.585,0.499,4.07,0.061,0.007,-91.021,0.546,4.194,0.087,0.005,-254.592,0.813,4.284,0.126,0.006,-166.504,0.743,4.369,0.158,0.006,-114.857,0.729,4.734,0.125,0.007,-109.282,0.643,5.061,0.233,0.008,-89.818,0.659,5.204,0.123,0.005,-119.236,1.077,5.523,0.062,0.004,-203.364,1.5,5.986,0.121,0.006,-182.76,1.075,6.059,0.139,0.006,-133.957,1.055,6.261,0.106,0.006,-155.544,1.066,6.636,0.02,0.007,-64.158,0.887,6.923,0.006,0.005,-73.967,1.413,7.176,0.13,0.009,-60.287,0.815,0,0,0,0,0,8.396,0.039,0.012,-32.992,0.717,5.103,0.031,0.002,-243.981,2.116,5.689,0.011,0.006,-135.834,0.962,3.757,0.135,0.007,-82.422,0.508,6.147,0.033,0.005,-64.919,1.186,11.365,0.01,0.013,-23.516,0.892
18,4282,44933250_1450,6/18/2022 17:35,25.9,2,,TRUE,,UN,,Not Done,Not Done,,Not Done,Pass,,Not Done,300_FW,,,,0,0,Pass,,,2.181,2.317,3.006,3.121,3.155,3.318,3.392,4.07,4.202,4.281,4.358,4.728,5.064,5.197,5.528,5.995,6.052,6.252,6.629,6.923,7.171,8.316,8.387,5.111,5.699,3.754,6.141,11.35,2.181,0.099,0.007,-10.291,0.306,2.317,0.101,0.012,-15.379,0.198,3.006,0.031,0.006,-132.898,0.472,3.121,0.044,0.006,-167.117,0.53,3.155,0.041,0.006,-126.685,0.522,3.318,0.024,0.007,-85.431,0.459,3.392,0.012,0.006,-72.054,0.555,4.07,0.014,0.008,-76.696,0.535,4.202,0.012,0.006,-159.934,0.756,4.281,0.025,0.006,-127.63,0.709,4.358,0.023,0.006,-125.943,0.75,4.728,0.018,0.007,-93.848,0.674,5.064,0.033,0.008,-85.001,0.628,5.197,0.02,0.008,-69.246,0.692,5.528,0.013,0.005,-134.517,1.047,5.995,0.022,0.005,-196.233,1.157,6.052,0.027,0.006,-113.874,1.011,6.252,0.018,0.005,-138.862,1.137,6.629,0.004,0.008,-39.538,0.811,6.923,0.004,0.005,-79.642,1.387,7.171,0.022,0.008,-58.001,0.845,8.316,0.035,0.01,-59.016,0.859,8.387,0.05,0.013,-26.618,0.646,5.111,0.009,0.005,-152.674,0.957,5.699,0.016,0.009,-38.128,0.623,3.754,0.02,0.008,-67.238,0.48,6.141,0.009,0.006,-106.527,1.006,11.35,0.008,0.011,-14.951,1.016
140,4282,45753578_1450,9/7/2023 15:06,22.8,2,QPLog 10-1631 (16) rev16,TRUE,,GD,No Defect,Not Done,Pass,,Not Done,Pass,,Pass,110_LVL (new),none,,,1,2012,Pass,,,2.175,2.302,3.003,3.118,3.152,3.315,3.389,4.067,4.199,4.279,4.358,4.726,5.063,5.194,5.525,5.991,6.049,6.249,6.625,6.918,7.167,8.31,8.384,0,5.694,3.752,0,11.349,2.175,0.349,0.009,-33.785,0.23,2.302,0.423,0.013,-64.184,0.177,3.003,0.086,0.011,-85.777,0.281,3.118,0.172,0.006,-156.344,0.49,3.152,0.121,0.009,-56.958,0.332,3.315,0.123,0.006,-174.516,0.599,3.389,0.059,0.007,-69.093,0.456,4.067,0.058,0.006,-123.651,0.652,4.199,0.057,0.005,-249.924,0.768,4.279,0.126,0.007,-141.73,0.658,4.358,0.118,0.007,-103.713,0.621,4.726,0.091,0.007,-113.882,0.674,5.063,0.183,0.008,-78.543,0.659,5.194,0.096,0.007,-86.614,0.768,5.525,0.065,0.005,-198.789,1.081,5.991,0.075,0.006,-164.74,0.993,6.049,0.114,0.006,-113.76,0.946,6.249,0.065,0.008,-61.277,0.792,6.625,0.019,0.007,-58.321,1.012,6.918,0.011,0.006,-66.565,1.24,7.167,0.129,0.008,-72.833,0.899,8.31,0.023,0.008,-31.444,0.997,8.384,0.035,0.013,-26.082,0.67,0,0,0,0,0,5.694,0.006,0.006,-91.692,0.987,3.752,0.088,0.011,-53.228,0.332,0,0,0,0,0,11.349,0.004,0.012,-16.338,0.927
56,4289,45277064_1450,12/22/2022 1:30,22.7,2,QPLog 10-1631 (16) rev14,TRUE,,GD,No Defect,Pass,Pass,Green,Not Done,Pass,Green,Pass,200_LA (old),none,,,2,2012,Pass,,,2.163,2.293,3.014,3.13,3.159,3.311,3.381,4.049,4.198,4.259,4.338,4.7,5.042,5.18,5.507,5.986,6.045,6.242,6.63,6.938,7.141,8.275,8.39,5.106,5.695,3.754,6.115,11.333,2.163,0.126,0.008,-69.3,0.274,2.293,0.173,0.008,-87.288,0.28,3.014,0.117,0.008,-43.514,0.356,3.13,0.33,0.007,-116.567,0.424,3.159,0.02,0.003,-310.867,1.128,3.311,0.141,0.008,-112.546,0.44,3.381,0.089,0.008,-71.023,0.415,4.049,0.072,0.008,-127.165,0.537,4.198,0.063,0.006,-182.463,0.712,4.259,0.166,0.006,-143.51,0.685,4.338,0.129,0.006,-105.803,0.731,4.7,0.107,0.007,-104.879,0.683,5.042,0.176,0.008,-65.257,0.611,5.18,0.067,0.008,-49.99,0.685,5.507,0.084,0.006,-139.497,0.911,5.986,0.168,0.007,-108.248,0.914,6.045,0.085,0.006,-143.649,1.055,6.242,0.101,0.006,-129.137,1.043,6.63,0.036,0.006,-60.117,1.143,6.938,0.014,0.005,-53.449,1.342,7.141,0.158,0.008,-64.322,0.849,8.275,0.041,0.013,-37.141,0.628,8.39,0.042,0.009,-55.785,0.93,5.106,0.038,0.005,-178.551,1.105,5.695,0.025,0.006,-116.513,0.877,3.754,0.138,0.006,-52.105,0.584,6.115,0.017,0.005,-53.587,1.247,11.333,0.002,0.008,-11.44,1.392
150,4289,45876558_1450,11/7/2023 20:09,22.6,2,QPLog 10-1631 (16) rev17,TRUE,,GD,No Defect,Not Done,Pass,,Not Done,Pass,,Pass,110_LVL (new),none,0,,2,2012,Pass,,,2.169,2.305,3.019,3.13,3.17,3.311,3.382,4.05,4.2,4.259,4.34,4.7,5.045,5.182,5.508,5.987,6.048,6.239,6.627,6.942,7.141,8.276,8.39,5.109,5.694,3.749,6.13,11.339,2.169,0.034,0.005,-31.436,0.416,2.305,0.044,0.003,-23.219,0.762,3.019,0.136,0.009,-90.669,0.328,3.13,0.27,0.007,-86.118,0.421,3.17,0.012,0.002,-277.038,1.778,3.311,0.131,0.006,-131.769,0.536,3.382,0.061,0.013,-47.891,0.26,4.05,0.054,0.007,-90.766,0.586,4.2,0.051,0.006,-205.77,0.707,4.259,0.115,0.007,-81.275,0.609,4.34,0.098,0.006,-96.31,0.695,4.7,0.092,0.007,-133.165,0.689,5.045,0.167,0.009,-64.942,0.568,5.182,0.079,0.007,-79.402,0.766,5.508,0.057,0.006,-138.032,1.001,5.987,0.121,0.007,-97.398,0.847,6.048,0.062,0.006,-154.009,1.091,6.239,0.052,0.008,-80.774,0.822,6.627,0.022,0.007,-67.139,1.004,6.942,0.012,0.005,-56.003,1.268,7.141,0.114,0.009,-52.059,0.803,8.276,0.045,0.009,-48.476,0.883,8.39,0.031,0.01,-43.479,0.861,5.109,0.037,0.004,-188.288,1.149,5.694,0.006,0.005,-106.163,1.115,3.749,0.097,0.006,-60.663,0.623,6.13,0.031,0.007,-91.52,0.829,11.339,0.001,0.004,-9.636,3.199
19,4291,44877059_1450,5/24/2022 0:10,25.4,2,QPLog 10-1631 (16) rev11,TRUE,,UN,,Not Done,Not Done,,Not Done,Pass,,Not Done,300_FW,,,,0,0,Pass,,,2.17,2.297,3.006,3.124,3.143,3.311,3.38,4.049,4.199,4.257,4.335,4.699,5.044,5.177,5.504,5.983,6.041,6.236,6.618,6.937,7.141,8.275,8.374,5.116,5.69,3.746,6.124,11.318,2.17,0.037,0.008,-29.089,0.269,2.297,0.042,0.008,-49.076,0.291,3.006,0.011,0.006,-67.403,0.513,3.124,0.019,0.005,-93.917,0.583,3.143,0.001,0.002,-110.881,1.418,3.311,0.007,0.008,-42.516,0.4,3.38,0.005,0.008,-39.897,0.431,4.049,0.005,0.007,-66.664,0.607,4.199,0.004,0.004,-86.066,0.998,4.257,0.007,0.007,-58.313,0.637,4.335,0.131,0.006,-316.693,0.697,4.699,0.006,0.009,-38.66,0.552,5.044,0.009,0.009,-33.455,0.545,5.177,0.002,0.007,-45.227,0.757,5.504,0.07,0.005,-86.067,1.042,5.983,0.007,0.006,-75.114,1.039,6.041,0.004,0.005,-78.424,1.214,6.236,0.015,0.002,-1119.867,3.077,6.618,0.004,0.007,-33.071,0.991,6.937,0.003,0.005,-43.867,1.374,7.141,0.008,0.008,-35.598,0.951,8.275,0.013,0.009,-23.477,0.925,8.374,0.033,0.01,-23.377,0.863,5.116,0.001,0.002,-45.543,3.344,5.69,0.004,0.008,-28.684,0.7,3.746,0.009,0.005,-57.492,0.715,6.124,0.003,0.005,-52.501,1.12,11.318,0.001,0.007,-8.853,1.547
103,4291,45569124_1450,5/31/2023 21:13,24.1,2,QPLog 10-1631 (16) rev18,TRUE,,GD,No Defect,Pass,Pass,Green,Not Done,Pass,Green,Pass,400_LA (new),none,,,2,2012,Pass,,,2.139,2.274,3.004,3.126,3.145,3.315,3.382,4.049,4.202,4.259,4.339,4.701,5.046,5.179,5.505,5.985,6.046,6.236,6.618,6.958,7.142,8.278,8.373,5.112,5.69,3.749,6.126,11.33,2.139,0.051,0.004,-20.634,0.566,2.274,0.129,0.012,-15.084,0.193,3.004,0.186,0.009,-61.197,0.336,3.126,0.315,0.008,-155.653,0.404,3.145,0.061,0.002,-181.523,1.522,3.315,0.147,0.006,-110.809,0.54,3.382,0.064,0.007,-63.099,0.473,4.049,0.081,0.009,-87.702,0.441,4.202,0.069,0.006,-162.974,0.707,4.259,0.119,0.007,-108.957,0.623,4.339,0.162,0.006,-84.057,0.786,4.701,0.106,0.006,-117.09,0.729,5.046,0.195,0.008,-61.091,0.611,5.179,0.122,0.007,-90.817,0.748,5.505,0.049,0.006,-136.985,0.918,5.985,0.118,0.006,-155.951,1.039,6.046,0.073,0.005,-197.771,1.234,6.236,0.1,0.005,-160.599,1.153,6.618,0.019,0.007,-71.834,0.932,6.958,0.031,0.008,-65.062,0.853,7.142,0.116,0.009,-49.553,0.795,8.278,0.06,0.008,-45.103,1.042,8.373,0.048,0.008,-60.61,1.039,5.112,0.054,0.005,-198.562,1.081,5.69,0.013,0.007,-126.251,0.859,3.749,0.156,0.008,-81.283,0.464,6.126,0.054,0.007,-85.856,0.887,11.33,0.002,0.002,-6.615,6.525
20,4292,44955031_1450,6/25/2022 17:53,27.3,2,,TRUE,,UN,,Not Done,Not Done,,Not Done,Pass,,Not Done,300_FW,,,,0,0,Pass,,,2.157,2.301,3.023,3.124,3.158,3.319,3.373,4.04,4.202,4.258,4.348,4.7,5.044,5.18,5.507,5.975,6.057,6.238,6.626,6.952,7.142,8.275,8.382,5.114,5.694,3.752,6.131,11.342,2.157,0.077,0.015,-28.603,0.148,2.301,0.122,0.011,-33.653,0.215,3.023,0.02,0.006,-115.917,0.503,3.124,0.055,0.006,-99.621,0.501,3.158,0.008,0.004,-145.904,0.867,3.319,0.021,0.007,-101.383,0.504,3.373,0.011,0.006,-83.506,0.569,4.04,0.011,0.009,-83.747,0.468,4.202,0.012,0.007,-108.377,0.565,4.258,0.015,0.007,-103.139,0.635,4.348,0.208,0.008,-93.693,0.576,4.7,0.017,0.007,-94.593,0.639,5.044,0.029,0.008,-73.724,0.664,5.18,0.016,0.007,-98.657,0.794,5.507,0.086,0.005,-169.835,1.025,5.975,0.016,0.006,-188.734,0.992,6.057,0.012,0.005,-155.985,1.118,6.238,0.02,0.005,-190.547,1.157,6.626,0.004,0.008,-25.332,0.788,6.952,0.005,0.005,-69.721,1.476,7.142,0.02,0.008,-66.588,0.941,8.275,0.006,0.009,-40.61,0.929,8.382,0.023,0.009,-52.223,0.974,5.114,0.01,0.005,-154.222,1.034,5.694,0.02,0.008,-62.522,0.697,3.752,0.022,0.006,-125.309,0.672,6.131,0.008,0.007,-98.285,0.908,11.342,0.005,0.014,-16.15,0.829
128,4292,45637613_1450,7/5/2023 23:53,27,2,QPLog 10-1631 (16) rev16,TRUE,,GD,No Defect,Not Done,Pass,Green,Not Done,Pass,Green,Pass,300_FW,none,,,0,0,Pass,,,2.15,2.291,3.022,3.124,3.156,3.32,3.372,4.04,4.203,4.258,4.348,4.698,5.043,5.178,5.506,5.974,6.057,6.238,6.623,6.97,7.139,8.272,8.379,0,5.694,3.75,6.131,11.337,2.15,0.25,0.007,-15.697,0.307,2.291,0.153,0.004,-8.09,0.589,3.022,0.089,0.007,-92.002,0.427,3.124,0.2,0.008,-87.322,0.394,3.156,0.009,0.003,-167.72,0.903,3.32,0.08,0.006,-113.28,0.516,3.372,0.042,0.007,-78.439,0.491,4.04,0.034,0.005,-107.979,0.747,4.203,0.045,0.006,-186.465,0.674,4.258,0.077,0.006,-166.388,0.737,4.348,0.073,0.007,-111.616,0.616,4.698,0.053,0.007,-91.972,0.651,5.043,0.119,0.008,-67.83,0.644,5.178,0.074,0.005,-131.388,0.95,5.506,0.063,0.005,-156.422,1.011,5.974,0.073,0.006,-210.487,1.014,6.057,0.049,0.005,-205.559,1.246,6.238,0.074,0.005,-199.608,1.218,6.623,0.013,0.008,-49.564,0.832,6.97,0.02,0.007,-79.771,0.952,7.139,0.067,0.009,-57.813,0.83,8.272,0.019,0.009,-42.422,0.895,8.379,0.012,0.009,-53.068,0.93,0,0,0,0,0,5.694,0.01,0.008,-58.84,0.742,3.75,0.088,0.006,-96.236,0.634,6.131,0.036,0.006,-137.375,1.049,11.337,0.004,0.013,-17.134,0.848
61,4299,45293287_1450,1/7/2023 17:52,21,2,QPLog 10-1631 (16) rev14,TRUE,,GD,No Defect,Pass,Pass,Green,Not Done,Pass,Green,Pass,200_LA (old),none,,,2,2012,Pass,,,2.174,2.3,2.997,3.124,3.16,3.31,3.399,4.064,4.19,4.272,4.345,4.711,5.048,5.192,5.507,5.978,6.045,6.257,6.631,6.961,7.145,8.28,8.395,5.115,5.702,3.745,6.135,11.322,2.174,0.295,0.005,-10.266,0.411,2.3,0.526,0.016,-20.273,0.14,2.997,0.127,0.008,-66.191,0.378,3.124,0.2,0.006,-172.912,0.538,3.16,0.14,0.006,-111.749,0.494,3.31,0.143,0.006,-123.873,0.512,3.399,0.114,0.012,-36.646,0.289,4.064,0.03,0.007,-103.26,0.618,4.19,0.081,0.005,-234.35,0.765,4.272,0.2,0.006,-138.369,0.721,4.345,0.269,0.008,-83.722,0.566,4.711,0.165,0.008,-80.492,0.589,5.048,0.264,0.011,-43.305,0.469,5.192,0.069,0.008,-57.432,0.664,5.507,0.148,0.006,-97.971,0.848,5.978,0.156,0.007,-132.834,0.878,6.045,0.155,0.006,-122.732,0.968,6.257,0.133,0.006,-131.561,1.056,6.631,0.04,0.005,-72.751,1.233,6.961,0.022,0.01,-51.528,0.699,7.145,0.167,0.009,-56.698,0.831,8.28,0.035,0.01,-52.616,0.82,8.395,0.052,0.009,-50.052,0.929,5.115,0.033,0.003,-201.532,1.586,5.702,0.023,0.007,-87.366,0.822,3.745,0.162,0.004,-96.161,0.848,6.135,0.018,0.003,-73.276,1.897,11.322,0.003,0.004,-15.22,3.207
148,4299,45873841_1450,11/3/2023 20:16,22.4,2,QPLog 10-1631 (16) rev17,TRUE,,GD,No Defect,Not Done,Pass,,Not Done,Pass,,Pass,110_LVL (new),none,0,,2,2012,Pass,,,2.187,2.303,2.999,3.125,3.162,3.31,3.395,4.068,4.191,4.271,4.343,4.709,5.044,5.195,5.503,5.977,6.043,6.255,6.629,6.959,7.144,8.279,8.392,0,5.699,3.742,6.15,11.331,2.187,0.383,0.009,-50.649,0.252,2.303,0.432,0.013,-65.69,0.173,2.999,0.093,0.01,-103.694,0.307,3.125,0.175,0.005,-212.563,0.573,3.162,0.14,0.006,-104.576,0.499,3.31,0.124,0.006,-129.877,0.52,3.395,0.052,0.009,-45.816,0.389,4.068,0.05,0.007,-104.741,0.596,4.191,0.061,0.006,-194.645,0.721,4.271,0.134,0.006,-170.183,0.767,4.343,0.129,0.008,-97.478,0.554,4.709,0.096,0.009,-115.08,0.545,5.044,0.178,0.008,-69.593,0.617,5.195,0.092,0.007,-86.325,0.744,5.503,0.067,0.006,-139.623,0.965,5.977,0.102,0.007,-89.106,0.817,6.043,0.081,0.005,-185.628,1.237,6.255,0.065,0.007,-75.101,0.868,6.629,0.019,0.007,-45.575,0.914,6.959,0.022,0.009,-57.138,0.805,7.144,0.139,0.008,-69.67,0.904,8.279,0.031,0.009,-33.585,0.894,8.392,0.03,0.008,-67.104,1.088,0,0,0,0,0,5.699,0.007,0.006,-82.561,0.928,3.742,0.104,0.005,-68.467,0.803,6.15,0.019,0.004,-117.906,1.479,11.331,0.003,0.01,-22.068,1.147
52,4308,45060355_14625,8/31/2022 15:58,24.4,2,,TRUE,,GD,No Defect,Not Done,Pass,Green,Not Done,Pass,Green,Pass,100_LVL (old),none,,,2,2012,Pass,,,2.174,2.291,3.02,3.131,3.159,3.312,3.387,4.061,4.197,4.264,4.344,4.706,5.044,5.186,5.511,5.985,6.048,6.248,6.632,6.972,7.147,8.281,8.395,5.109,5.7,3.753,6.137,11.349,2.174,0.032,0.011,-44.852,0.195,2.291,0.026,0.012,-74.792,0.184,3.02,0.006,0.008,-59.76,0.393,3.131,0.021,0.007,-69.527,0.444,3.159,0.009,0.005,-60.918,0.657,3.312,0.012,0.007,-61.641,0.499,3.387,0.004,0.008,-37.983,0.408,4.061,0.008,0.007,-53.273,0.597,4.197,0.006,0.006,-124.494,0.76,4.264,0.006,0.007,-48.787,0.623,4.344,0.009,0.007,-45.06,0.668,4.706,0.007,0.009,-35.379,0.544,5.044,0.014,0.009,-36.612,0.58,5.186,0.01,0.009,-30.536,0.551,5.511,0.011,0.006,-126.744,0.964,5.985,0.005,0.006,-24.872,0.966,6.048,0.004,0.007,-38.163,0.92,6.248,0.035,0.008,-53.466,0.769,6.632,0.001,0.005,-30.523,1.317,6.972,0.015,0.008,-54.895,0.833,7.147,0.044,0.011,-23.998,0.641,8.281,0.008,0.012,-12.223,0.685,8.395,0.005,0.012,-19.326,0.717,5.109,0.006,0.004,-116.356,1.178,5.7,0.014,0.005,-94.777,1.054,3.753,0.019,0.007,-71.617,0.56,6.137,0.005,0.003,-83.791,1.915,11.349,0.009,0.009,-24.263,1.256
126,4308,45635149_1450,7/4/2023 0:58,27,2,QPLog 10-1631 (16) rev16,TRUE,,GD,,,,,,Pass,,,300_FW,,,,,,Pass,,,2.177,2.31,3.02,3.132,3.164,3.313,3.387,4.059,4.201,4.266,4.345,4.708,5.051,5.189,5.514,5.992,6.054,6.251,6.633,6.944,7.154,8.29,8.4,0,5.702,3.751,6.139,11.35,2.177,0.339,0.022,-9.143,0.1,2.31,0.345,0.015,-21.116,0.149,3.02,0.101,0.006,-130.813,0.477,3.132,0.208,0.006,-150.311,0.521,3.164,0.011,0.002,-215.465,2.033,3.313,0.078,0.008,-68.425,0.418,3.387,0.046,0.006,-82.093,0.56,4.059,0.043,0.006,-113.599,0.637,4.201,0.051,0.005,-242.436,0.796,4.266,0.084,0.007,-132.401,0.606,4.345,0.071,0.007,-103.909,0.651,4.708,0.058,0.008,-99.069,0.62,5.051,0.125,0.008,-82.447,0.667,5.189,0.081,0.007,-100.407,0.776,5.514,0.065,0.005,-178.656,1.08,5.992,0.117,0.006,-175.791,0.96,6.054,0.059,0.005,-157.209,1.106,6.251,0.07,0.006,-167.844,1.125,6.633,0.015,0.008,-54.069,0.873,6.944,0.007,0.005,-58.126,1.32,7.154,0.075,0.008,-69.262,0.899,8.29,0.013,0.012,-24.835,0.668,8.4,0.014,0.009,-53.522,0.979,0,0,0,0,0,5.702,0.016,0.006,-151.111,1.004,3.751,0.078,0.005,-66.183,0.709,6.139,0.008,0.004,-124.884,1.612,11.35,0.004,0.009,-20.592,1.205
1,4309,44500617_1450,9/24/2021 17:00,23.4,2,Failed Sort COL1-001 OB 10-1631_PIK_SORT rev10  09/24/21 07:26,TRUE,,GD,No Defect,Pass,Pass,Green,Pass,Pass,Green,Pass,100_LVL (old),none,,,2,2012,Pass,,,2.16,2.289,3.016,3.118,3.151,3.314,3.367,4.033,4.2,4.249,4.339,4.698,5.04,5.164,5.511,5.982,6.049,6.223,6.609,6.96,7.134,8.262,8.342,5.108,5.68,3.744,6.118,11.321,2.16,0.057,0.013,-38.584,0.165,2.289,0.055,0.01,-52.863,0.221,3.016,0.018,0.011,-44.889,0.268,3.118,0.04,0.01,-51.721,0.316,3.151,0.013,0.005,-129.914,0.639,3.314,0.018,0.007,-85.564,0.463,3.367,0.012,0.008,-52.296,0.4,4.033,0.01,0.011,-41.39,0.38,4.2,0.014,0.007,-120.257,0.621,4.249,0.014,0.008,-64.201,0.52,4.339,0.178,0.007,-77.441,0.622,4.698,0.011,0.008,-54.775,0.589,5.04,0.031,0.009,-68.037,0.567,5.164,0.01,0.008,-46.533,0.654,5.511,0.063,0.008,-87.877,0.685,5.982,0.008,0.015,-17.351,0.388,6.049,0.005,0.007,-51.383,0.855,6.223,0.056,0.009,-62.244,0.72,6.609,0.021,0.008,-41.902,0.823,6.96,0.026,0.009,-71.803,0.802,7.134,0.053,0.013,-25.322,0.563,8.262,0.008,0.019,-11.143,0.428,8.342,0.008,0.012,-21.505,0.673,5.108,0.046,0.006,-77.601,0.805,5.68,0.011,0.009,-65.999,0.604,3.744,0.251,0.008,-67.242,0.457,6.118,0.038,0.007,-99.283,0.848,11.321,0.02,0.013,-20.177,0.877
104,4309,45597637_1450,6/13/2023 18:00,25.1,2,QPLog 10-1631 (16) rev16,TRUE,,GD,No Defect,Pass,Pass,Green,Not Done,Pass,Green,Pass,300_FW,none,,,2,2012,Pass,,,2.148,2.305,3.022,3.12,3.133,3.316,3.369,4.033,4.201,4.252,4.339,4.701,5.047,5.169,5.514,5.994,6.053,6.23,6.617,6.965,7.151,8.287,8.366,5.111,5.686,3.746,6.125,11.346,2.148,0.217,0.003,-4.668,0.628,2.305,0.259,0.005,-19.455,0.492,3.022,0.079,0.006,-137.04,0.516,3.12,0.185,0.006,-114.796,0.505,3.133,0.047,0.004,-42.924,0.819,3.316,0.071,0.006,-123.119,0.557,3.369,0.044,0.008,-63.984,0.411,4.033,0.036,0.006,-60.315,0.644,4.201,0.039,0.006,-176.356,0.707,4.252,0.056,0.006,-129.421,0.662,4.339,0.056,0.006,-82.057,0.782,4.701,0.077,0.007,-117.833,0.684,5.047,0.115,0.01,-58.913,0.485,5.169,0.087,0.007,-111.355,0.775,5.514,0.054,0.006,-140.554,0.972,5.994,0.108,0.006,-139.142,0.999,6.053,0.053,0.005,-189.898,1.194,6.23,0.069,0.005,-206.686,1.206,6.617,0.014,0.008,-47.014,0.794,6.965,0.017,0.007,-76.382,0.935,7.151,0.073,0.007,-81.106,0.997,8.287,0.007,0.012,-27.441,0.695,8.366,0.01,0.009,-43.641,0.882,5.111,0.042,0.006,-116.537,0.816,5.686,0.01,0.006,-102.051,0.876,3.746,0.062,0.006,-100.263,0.678,6.125,0.034,0.006,-139.205,1.107,11.346,0.006,0.014,-12.923,0.801
21,4310,44935434_1450,6/15/2022 21:05,26.1,2,,TRUE,,UN,,Not Done,Not Done,,Not Done,Pass,,Not Done,200_LA (old),,,,0,0,Pass,,,2.129,2.303,3.018,3.125,3.153,3.301,3.373,4.036,4.18,4.248,4.33,4.695,5.037,5.162,5.5,5.974,6.029,6.229,6.609,6.953,7.141,8.276,8.373,5.087,5.682,3.747,6.112,11.317,2.129,0.069,0.004,-2.761,0.474,2.303,0.114,0.011,-15.623,0.207,3.018,0.039,0.008,-78.013,0.38,3.125,0.108,0.006,-125.847,0.483,3.153,0.035,0.003,-236.177,0.974,3.301,0.035,0.009,-63.152,0.348,3.373,0.024,0.007,-79.776,0.503,4.036,0.022,0.007,-105.106,0.579,4.18,0.021,0.006,-194.271,0.71,4.248,0.053,0.007,-127.749,0.59,4.33,0.051,0.006,-102.416,0.701,4.695,0.039,0.007,-119.405,0.697,5.037,0.069,0.008,-73.249,0.662,5.162,0.046,0.007,-83.977,0.781,5.5,0.026,0.005,-188.845,1.027,5.974,0.051,0.005,-203.904,1.307,6.029,0.058,0.006,-130.33,0.983,6.229,0.044,0.005,-190.919,1.195,6.609,0.007,0.009,-41.309,0.762,6.953,0.014,0.008,-86.023,0.827,7.141,0.056,0.008,-64.08,0.875,8.276,0.016,0.009,-41.761,0.949,8.373,0.175,0.009,-62.025,0.984,5.087,0.021,0.006,-131.36,0.857,5.682,0.005,0.006,-111.428,0.89,3.747,0.054,0.007,-96.199,0.522,6.112,0.019,0.005,-104.38,1.171,11.317,0.011,0.012,-27.708,0.941
83,4310,45493854_1450,4/19/2023 15:18,25.5,2,QPLog 10-1631 (16) rev15,TRUE,,GD,No Defect,Pass,Pass,Green,Not Done,Pass,Green,Pass,300_FW,none,,,2,2012,Pass,,,2.177,2.302,3.02,3.125,3.155,3.306,3.378,4.04,4.185,4.25,4.333,4.698,5.036,5.165,5.503,5.979,6.032,6.232,6.613,6.959,7.14,8.277,8.375,5.094,5.689,3.746,6.116,11.322,2.177,0.049,0.012,-22.123,0.183,2.302,0.486,0.013,-46.825,0.181,3.02,0.103,0.006,-118.55,0.5,3.125,0.262,0.007,-112.637,0.48,3.155,0.012,0.003,-231.004,1.06,3.306,0.115,0.007,-107.142,0.495,3.378,0.045,0.013,-44.095,0.261,4.04,0.053,0.008,-111.054,0.501,4.185,0.055,0.005,-231.305,0.764,4.25,0.123,0.006,-170.594,0.75,4.333,0.081,0.007,-99.526,0.652,4.698,0.076,0.007,-121.933,0.68,5.036,0.114,0.012,-48.153,0.432,5.165,0.085,0.007,-73.601,0.711,5.503,0.059,0.005,-159.183,1.003,5.979,0.115,0.004,-194.366,1.437,6.032,0.077,0.006,-118.8,1.006,6.232,0.083,0.005,-192.147,1.197,6.613,0.016,0.011,-30.576,0.61,6.959,0.013,0.008,-60.04,0.82,7.14,0.089,0.008,-62.645,0.864,8.277,0.017,0.01,-47.836,0.868,8.375,0.013,0.008,-52.405,1.018,5.094,0.04,0.006,-153.229,0.9,5.689,0.014,0.006,-125.834,0.976,3.746,0.112,0.008,-64.368,0.488,6.116,0.04,0.006,-104.018,1.025,11.322,0.002,0.009,-14.516,1.195
22,4315,44940466_1450,6/17/2022 21:26,25.5,2,,TRUE,,UN,,Not Done,Not Done,,Not Done,Pass,,Not Done,200_LA (old),,,,0,0,Pass,,,2.178,2.311,3.019,3.13,3.141,3.314,3.378,4.043,4.195,4.258,4.34,4.704,5.051,5.177,5.514,5.977,6.048,6.238,6.622,6.938,7.157,8.292,8.385,5.107,5.69,3.752,6.128,11.347,2.178,0.113,0.006,-16.376,0.376,2.311,0.121,0.013,-18.817,0.173,3.019,0.039,0.008,-84.871,0.395,3.13,0.105,0.006,-177.04,0.535,3.141,0.076,0.002,-318.005,1.507,3.314,0.042,0.007,-110.255,0.487,3.378,0.025,0.007,-71.311,0.468,4.043,0.023,0.006,-82.239,0.699,4.195,0.025,0.006,-160.773,0.724,4.258,0.041,0.007,-160.898,0.602,4.34,0.075,0.005,-137.953,0.794,4.704,0.04,0.007,-111.892,0.687,5.051,0.074,0.009,-56.459,0.574,5.177,0.048,0.007,-89.393,0.772,5.514,0.031,0.005,-203.292,1.13,5.977,0.032,0.006,-217.002,1.048,6.048,0.052,0.006,-146.895,1.082,6.238,0.045,0.005,-174.023,1.181,6.622,0.007,0.007,-48.65,0.928,6.938,0.005,0.006,-47.06,1.253,7.157,0.054,0.008,-63.932,0.859,8.292,0.167,0.009,-60.667,0.913,8.385,0.155,0.01,-44.728,0.828,5.107,0.015,0.005,-132.746,0.969,5.69,0.039,0.007,-122.858,0.875,3.752,0.056,0.005,-139.436,0.794,6.128,0.021,0.005,-125.362,1.156,11.347,0.011,0.015,-11.567,0.774
105,4315,45534850_1450,5/16/2023 20:56,25.1,2,QPLog 10-1631 (16) rev16,TRUE,,GD,No Defect,Not Done,Pass,Green,Not Done,Pass,Green,Pass,110_LVL (new),none,,,2,2012,Pass,,,2.151,2.287,3.02,3.123,3.155,3.31,3.381,4.037,4.196,4.263,4.348,4.708,5.056,5.173,5.52,5.979,6.051,6.239,6.623,6.941,7.153,8.287,8.39,0,5.691,3.753,0,11.353,2.151,0.054,0.003,-15.238,0.716,2.287,0.243,0.011,-18.441,0.205,3.02,0.139,0.005,-121.078,0.559,3.123,0.257,0.006,-141.373,0.496,3.155,0.013,0.003,-125.515,0.988,3.31,0.091,0.007,-106.115,0.455,3.381,0.174,0.009,-53.616,0.398,4.037,0.019,0.002,-22.73,1.977,4.196,0.083,0.006,-216.03,0.741,4.263,0.197,0.006,-119.458,0.72,4.348,0.284,0.007,-89.378,0.605,4.708,0.207,0.007,-105.08,0.653,5.056,0.304,0.009,-54.218,0.576,5.173,0.082,0.007,-117.637,0.771,5.52,0.174,0.006,-130.012,0.882,5.979,0.081,0.006,-213.484,0.949,6.051,0.16,0.006,-114.245,1.004,6.239,0.127,0.006,-151.986,1.097,6.623,0.027,0.007,-76.219,0.997,6.941,0.014,0.005,-72.244,1.275,7.153,0.12,0.008,-69.229,0.893,8.287,0.016,0.008,-25.153,1.1,8.39,0.067,0.012,-35.543,0.707,0,0,0,0,0,5.691,0.003,0.004,-75.653,1.469,3.753,0.151,0.008,-80.878,0.444,0,0,0,0,0,11.353,0.007,0.014,-13.472,0.826
9,4587,44829892_1450,4/21/2022 18:15,25.5,2,QPLog 10-1631 (16) rev11,TRUE,,UN,,Not Done,Not Done,,Not Done,Pass,,Not Done,300_FW,,,,0,0,Pass,,,2.168,2.292,3.019,3.131,3.166,3.321,3.403,4.078,4.209,4.287,4.356,4.725,5.07,5.204,5.53,6.014,6.071,6.257,6.646,6.955,7.175,8.314,8.408,5.128,5.704,3.747,6.154,11.389,2.168,0.064,0.01,-10.935,0.222,2.292,0.04,0.005,-5.987,0.438,3.019,0.026,0.006,-112.473,0.512,3.131,0.039,0.006,-176.275,0.545,3.166,0.037,0.006,-111.266,0.49,3.321,0.021,0.006,-92.189,0.538,3.403,0.01,0.009,-49.6,0.391,4.078,0.014,0.006,-97.637,0.672,4.209,0.012,0.006,-219.099,0.738,4.287,0.029,0.005,-158.305,0.787,4.356,0.02,0.005,-113.009,0.808,4.725,0.018,0.008,-62.239,0.562,5.07,0.035,0.008,-74.349,0.606,5.204,0.019,0.007,-79.598,0.754,5.53,0.013,0.006,-135.854,0.938,6.014,0.024,0.004,-143.56,1.558,6.071,0.021,0.005,-162.41,1.196,6.257,0.019,0.005,-151.134,1.19,6.646,0.005,0.008,-47.894,0.877,6.955,0.002,0.003,-9.346,2.531,7.175,0.026,0.008,-72.612,0.947,8.314,0.03,0.01,-36.271,0.825,8.408,0.063,0.009,-59.753,0.965,5.128,0.013,0.006,-144.493,0.819,5.704,0.012,0.005,-106.331,1.064,3.747,0.028,0.006,-93.039,0.628,6.154,0.008,0.006,-98.266,1.048,11.389,0.012,0.01,-26.863,1.151
84,4587,45442187_1450,3/22/2023 21:28,20.6,2,QPLog 10-1631 (16) rev16,TRUE,,B3,,,,,,Pass,,,400_LA (new),,,,,,Pass,,,2.158,2.296,3.015,3.126,3.165,3.32,3.409,4.073,4.203,4.292,4.369,4.74,5.074,5.25,5.539,6.004,6.066,6.252,6.64,0,7.259,8.313,8.405,5.124,5.704,3.756,6.15,11.388,2.158,0.096,0.012,-32.657,0.186,2.296,0.222,0.011,-9.844,0.206,3.015,0.095,0.014,-63.579,0.22,3.126,0.114,0.005,-185.329,0.577,3.165,0.007,0.002,-188.824,1.51,3.32,0.111,0.008,-120.246,0.414,3.409,0.159,0.012,-33.814,0.276,4.073,0.047,0.006,-136.296,0.641,4.203,0.039,0.006,-113.9,0.727,4.292,0.186,0.006,-110.211,0.71,4.369,0.332,0.01,-56.445,0.418,4.74,0.328,0.011,-53.562,0.44,5.074,0.292,0.008,-80.693,0.674,5.25,0.065,0.006,-139.434,0.843,5.539,0.156,0.01,-75.448,0.569,6.004,0.067,0.006,-183.889,0.936,6.066,0.037,0.004,-225.282,1.353,6.252,0.078,0.008,-73.057,0.8,6.64,0.002,0.005,-40.3,1.262,0,0,0,0,0,7.259,0.064,0.012,-27.388,0.591,8.313,0.037,0.008,-56.951,1.049,8.405,0.055,0.012,-45.595,0.714,5.124,0.057,0.003,-208.725,1.83,5.704,0.009,0.006,-66.021,0.966,3.756,0.107,0.007,-65.649,0.553,6.15,0.054,0.005,-123.441,1.161,11.388,0.004,0.007,-13.49,1.536
41,4730,44963354_1450,6/30/2022 19:44,26.5,2,,TRUE,,GD,No Defect,Pass,Pass,Green,Not Done,Pass,Green,Pass,200_LA (old),none,,,11,2012,Pass,,,2.181,2.313,3.023,3.132,3.159,3.322,3.391,4.065,4.212,4.277,4.357,4.722,5.07,5.196,5.528,5.999,6.062,6.247,6.637,6.95,7.17,8.311,8.402,5.125,5.699,3.758,6.145,11.368,2.181,0.13,0.011,-34.891,0.196,2.313,0.132,0.013,-25.715,0.181,3.023,0.038,0.007,-100.669,0.447,3.132,0.086,0.005,-190.692,0.59,3.159,0.042,0.003,-184.544,1.185,3.322,0.032,0.009,-71.788,0.374,3.391,0.024,0.008,-62.738,0.402,4.065,0.022,0.005,-131.634,0.765,4.212,0.02,0.008,-132.184,0.56,4.277,0.038,0.007,-129.314,0.643,4.357,0.062,0.006,-118.056,0.752,4.722,0.032,0.008,-77.381,0.623,5.07,0.068,0.009,-56.401,0.565,5.196,0.045,0.006,-112.566,0.924,5.528,0.026,0.005,-188.348,1.119,5.999,0.03,0.006,-203.889,0.934,6.062,0.046,0.006,-167.11,1.097,6.247,0.039,0.005,-169.888,1.171,6.637,0.006,0.01,-33.683,0.687,6.95,0.004,0.003,-10.682,2.341,7.17,0.047,0.009,-55.91,0.826,8.311,0.138,0.01,-49.118,0.821,8.402,0.168,0.009,-52.667,0.932,5.125,0.015,0.005,-206.576,1.124,5.699,0.005,0.005,-93.424,1.113,3.758,0.039,0.007,-54.992,0.512,6.145,0.021,0.005,-102.474,1.361,11.368,0.014,0.014,-14.154,0.819
109,4730,45541507_1450,5/16/2023 17:43,25.6,2,QPLog 10-1631 (16) rev16,TRUE,,GD,No Defect,Pass,Pass,Green,Not Done,Pass,Green,Pass,300_FW,none,,,11,2012,Pass,,,2.164,2.287,3.024,3.132,3.159,3.326,3.391,4.068,4.217,4.279,4.354,4.724,5.071,5.199,5.531,6.003,6.065,6.25,6.641,6.956,7.17,8.315,8.403,0,5.703,3.76,6.148,11.372,2.164,0.183,0.015,-16.639,0.146,2.287,0.23,0.008,-10.611,0.276,3.024,0.106,0.006,-110.747,0.512,3.132,0.194,0.006,-129.631,0.491,3.159,0.106,0.003,-166.933,0.922,3.326,0.091,0.009,-78.496,0.385,3.391,0.052,0.008,-68.14,0.441,4.068,0.048,0.005,-144.396,0.817,4.217,0.051,0.006,-212.321,0.671,4.279,0.087,0.006,-149.243,0.702,4.354,0.091,0.009,-77.587,0.488,4.724,0.058,0.007,-94.751,0.635,5.071,0.115,0.009,-57.606,0.575,5.199,0.072,0.008,-73.552,0.664,5.531,0.061,0.006,-155.741,0.99,6.003,0.077,0.006,-227.169,1.052,6.065,0.067,0.005,-198.324,1.207,6.25,0.072,0.005,-185.518,1.185,6.641,0.018,0.007,-62.514,0.939,6.956,0.009,0.003,-16.199,2.226,7.17,0.073,0.009,-56.436,0.785,8.315,0.016,0.01,-41.263,0.863,8.403,0.017,0.009,-47.483,0.919,0,0,0,0,0,5.703,0.009,0.006,-74.73,0.963,3.76,0.084,0.014,-47.071,0.273,6.148,0.042,0.005,-141.799,1.164,11.372,0.006,0.014,-11.769,0.786
7,4798,44824167_1450,4/11/2022 22:51,24.2,2,QPLog 10-1631 (16) rev3,TRUE,,B3,Non-Critical Defect,Pass,Pass,Blue,Pass,Pass,Yellow,Fail,100_LVL (old),_ImpactDamage,,,12,2012,Pass,,,2.172,2.296,3.009,3.128,3.163,3.32,3.399,4.08,4.213,4.287,4.358,4.726,5.071,5.206,5.529,6.006,6.065,6.252,6.641,6.951,7.168,8.302,8.404,5.127,5.705,3.754,6.149,11.372,2.172,0.031,0.013,-42.452,0.165,2.296,0.038,0.011,-92.518,0.214,3.009,0.009,0.008,-53.435,0.366,3.128,0.024,0.006,-148.388,0.558,3.163,0.011,0.008,-49.898,0.409,3.32,0.01,0.007,-61.721,0.469,3.399,0.007,0.007,-40.279,0.457,4.08,0.004,0.008,-37.772,0.489,4.213,0.007,0.005,-106.085,0.802,4.287,0.011,0.007,-91.977,0.589,4.358,0.159,0.007,-80.036,0.654,4.726,0.009,0.009,-50.49,0.549,5.071,0.022,0.008,-53.664,0.615,5.206,0.009,0.007,-42.09,0.741,5.529,0.044,0.006,-117.24,0.969,6.006,0.007,0.008,-35.688,0.726,6.065,0.006,0.007,-38.336,0.857,6.252,0.006,0.006,-78.708,1.018,6.641,0.001,0.005,-75.867,1.313,6.951,0.006,0.003,-6.114,2.443,7.168,0.045,0.011,-25.034,0.624,8.302,0.005,0.007,-27.077,1.247,8.404,0.005,0.01,-19.467,0.872,5.127,0.003,0.004,-88.455,1.311,5.705,0.011,0.007,-102.757,0.876,3.754,0.148,0.008,-75.634,0.486,6.149,0.004,0.005,-68.837,1.227,11.372,0.042,0.013,-18.551,0.879
110,4798,45559317_1450,5/23/2023 2:46,25.1,2,QPLog 10-1631 (16) rev18,TRUE,,GD,No Defect,Pass,Pass,Green,Not Done,Pass,Green,Pass,400_LA (new),none,,,12,2012,Pass,,,2.175,2.293,3.013,3.131,3.162,3.322,3.4,4.081,4.216,4.293,4.367,4.729,5.081,5.211,5.535,6.012,6.073,6.259,6.647,6.98,7.179,8.324,8.416,5.131,0,3.759,6.155,11.38,2.175,0.293,0.008,-16.685,0.263,2.293,0.294,0.005,-19.511,0.457,3.013,0.177,0.008,-81.024,0.369,3.131,0.263,0.006,-140.868,0.482,3.162,0.167,0.008,-79.086,0.406,3.322,0.134,0.006,-130.215,0.567,3.4,0.119,0.007,-72.168,0.51,4.081,0.052,0.006,-129.895,0.651,4.216,0.076,0.007,-149.44,0.62,4.293,0.166,0.007,-143.159,0.619,4.367,0.288,0.008,-97.078,0.522,4.729,0.155,0.008,-78.978,0.627,5.081,0.288,0.008,-70.87,0.657,5.211,0.125,0.005,-88.583,0.967,5.535,0.123,0.006,-161.33,0.954,6.012,0.142,0.007,-140.695,0.857,6.073,0.178,0.006,-94.201,1.022,6.259,0.168,0.005,-175.191,1.178,6.647,0.024,0.008,-46.98,0.881,6.98,0.03,0.01,-62.396,0.666,7.179,0.191,0.008,-69.881,0.915,8.324,0.046,0.01,-44.871,0.859,8.416,0.057,0.01,-44.148,0.857,5.131,0.037,0.002,-154.016,2.132,0,0,0,0,0,3.759,0.155,0.005,-88.868,0.746,6.155,0.053,0.006,-144.388,1.014,11.38,0.009,0.006,-12.704,1.95
23,5394,44945716_1450,6/24/2022 21:59,26.9,2,,TRUE,,GD,No Defect,Pass,Pass,Green,Pass,Pass,Green,Pass,200_LA (old),none,,,2,2014,Pass,,,2.19,2.309,3.023,3.138,3.159,3.322,3.393,4.068,4.214,4.273,4.349,4.714,5.063,5.198,5.525,6,6.061,6.253,6.643,6.959,7.159,8.297,8.415,5.126,5.703,3.76,6.146,11.366,2.19,0.116,0.007,-33.3,0.3,2.309,0.126,0.014,-22.645,0.163,3.023,0.039,0.007,-95.534,0.456,3.138,0.085,0.005,-191.869,0.579,3.159,0.04,0.006,-113.275,0.556,3.322,0.037,0.006,-108.5,0.55,3.393,0.02,0.008,-68.669,0.419,4.068,0.022,0.005,-124.571,0.757,4.214,0.021,0.007,-216.26,0.623,4.273,0.037,0.006,-151.409,0.708,4.349,0.068,0.006,-134.79,0.705,4.714,0.032,0.007,-118.566,0.717,5.063,0.065,0.009,-61.422,0.56,5.198,0.036,0.003,-148.19,2.046,5.525,0.021,0.005,-202.216,1.119,6,0.054,0.006,-138.714,0.935,6.061,0.031,0.004,-141.979,1.382,6.253,0.033,0.005,-173.186,1.196,6.643,0.007,0.008,-45.114,0.847,6.959,0.004,0.005,-38.492,1.471,7.159,0.047,0.009,-58.233,0.81,8.297,0.02,0.009,-47.867,0.924,8.415,0.132,0.009,-61.084,0.973,5.126,0.013,0.004,-196.475,1.454,5.703,0.005,0.004,-117.879,1.435,3.76,0.05,0.007,-76.556,0.531,6.146,0.023,0.004,-129.284,1.559,11.366,0.009,0.015,-13.927,0.771
86,5394,45481222_1450,4/12/2023 22:27,26,2,QPLog 10-1631 (16) rev15,TRUE,,GD,No Defect,Pass,Pass,Green,Not Done,Pass,Green,Pass,300_FW,none,,,12,2014,Pass,,,2.164,2.32,3.021,3.135,3.158,3.322,3.392,4.066,4.214,4.27,4.346,4.712,5.057,5.195,5.524,5.996,6.061,6.25,6.642,6.958,7.153,8.292,8.411,5.125,5.703,3.757,6.133,11.361,2.164,0.3,0.007,-10.92,0.31,2.32,0.204,0.004,-4.229,0.648,3.021,0.098,0.006,-111.001,0.484,3.135,0.187,0.007,-134.03,0.48,3.158,0.088,0.006,-116.851,0.517,3.322,0.091,0.008,-97.192,0.412,3.392,0.046,0.007,-78.87,0.508,4.066,0.053,0.006,-112.945,0.654,4.214,0.052,0.005,-248.14,0.784,4.27,0.081,0.007,-149.163,0.649,4.346,0.108,0.007,-124.818,0.65,4.712,0.059,0.008,-114.907,0.625,5.057,0.106,0.01,-52.405,0.507,5.195,0.069,0.006,-104.894,0.845,5.524,0.051,0.005,-166.123,1.049,5.996,0.115,0.006,-136.497,0.967,6.061,0.009,0.004,-148.747,1.499,6.25,0.058,0.005,-191.357,1.224,6.642,0.016,0.008,-44.502,0.823,6.958,0.007,0.005,-46.364,1.274,7.153,0.064,0.008,-60.054,0.868,8.292,0.016,0.009,-45.046,0.893,8.411,0.008,0.009,-37.413,0.933,5.125,0.024,0.004,-197.403,1.309,5.703,0.008,0.009,-67.384,0.666,3.757,0.078,0.006,-76.315,0.626,6.133,0.021,0.005,-148.758,1.317,11.361,0.005,0.016,-12.174,0.711
26,5482,44860019_1450,5/25/2022 0:34,25.2,2,QPLog 10-1631 (16) rev11,TRUE,,UN,,Not Done,Not Done,,Not Done,Pass,,Not Done,300_FW,,,,0,0,Pass,,,2.19,2.313,2.995,3.115,3.153,3.32,3.392,4.065,4.207,4.28,4.361,4.717,5.057,5.195,5.514,5.99,6.067,6.247,6.605,6.93,7.155,8.287,8.358,5.118,5.701,3.742,6.134,11.345,2.19,0.094,0.005,-15.81,0.436,2.313,0.092,0.007,-23.921,0.325,2.995,0.027,0.008,-115.772,0.395,3.115,0.041,0.005,-192.74,0.574,3.153,0.036,0.006,-107.952,0.507,3.32,0.021,0.006,-107.266,0.567,3.392,0.01,0.009,-48.944,0.381,4.065,0.013,0.006,-97.271,0.626,4.207,0.015,0.005,-197.449,0.777,4.28,0.015,0.007,-124.53,0.637,4.361,0.022,0.006,-116.028,0.673,4.717,0.018,0.007,-98.275,0.692,5.057,0.03,0.008,-75.599,0.666,5.195,0.016,0.007,-68.808,0.744,5.514,0.012,0.005,-150.368,1.132,5.99,0.027,0.006,-151.391,1.034,6.067,0.016,0.006,-138.588,1.057,6.247,0.018,0.005,-167.519,1.168,6.605,0.004,0.008,-41.046,0.855,6.93,0.003,0.004,-41.73,1.658,7.155,0.021,0.008,-61.912,0.88,8.287,0.004,0.008,-24.453,0.985,8.358,0.047,0.009,-44.554,0.916,5.118,0.008,0.004,-194.193,1.208,5.701,0.016,0.008,-45.6,0.723,3.742,0.018,0.005,-85.04,0.823,6.134,0.009,0.003,-148.528,1.817,11.345,0.005,0.013,-14.26,0.849
65,5482,45397471_1450,2/24/2023 21:47,20.5,2,QPLog 10-1631 (16) rev14,TRUE,,GD,No Defect,Pass,Pass,Green,Not Done,Pass,Green,Pass,200_LA (old),none,,,4,2014,Pass,,,2.164,2.301,2.995,3.114,3.154,3.319,3.39,4.065,4.208,4.28,4.363,4.717,5.059,5.224,5.514,5.997,6.068,6.245,6.614,6.92,7.154,8.297,8.355,5.121,5.699,3.743,6.123,11.349,2.164,0.109,0.003,-22.254,0.678,2.301,0.343,0.009,-35.278,0.259,2.995,0.151,0.009,-72.669,0.343,3.114,0.107,0.006,-205.552,0.557,3.154,0.204,0.007,-96.368,0.451,3.319,0.075,0.006,-134.025,0.552,3.39,0.052,0.007,-54.108,0.462,4.065,0.067,0.006,-113.874,0.667,4.208,0.048,0.005,-191.204,0.797,4.28,0.053,0.007,-114.181,0.6,4.363,0.058,0.007,-117.768,0.655,4.717,0.051,0.008,-77.041,0.605,5.059,0.088,0.009,-50.475,0.535,5.224,0.033,0.005,-133.138,1.073,5.514,0.06,0.005,-143.048,1.118,5.997,0.06,0.004,-180.034,1.465,6.068,0.029,0.006,-145.723,1.05,6.245,0.057,0.006,-174.128,1.127,6.614,0.009,0.002,-16.944,3.918,6.92,0.03,0.008,-81.337,0.881,7.154,0.069,0.007,-80.447,0.97,8.297,0.011,0.005,-59.092,1.566,8.355,0.06,0.008,-66.322,0.995,5.121,0.02,0.006,-151.489,0.902,5.699,0.014,0.005,-109.095,1.05,3.743,0.203,0.006,-104.622,0.6,6.123,0.024,0.004,-114.008,1.375,11.349,0.001,0.009,-10.942,1.212
10,6139,44845047_1450,4/26/2022 20:20,23.3,2,QPLog 10-1631 (16) rev5,TRUE,,GD,No Defect,Not Done,Not Done,Green,Not Done,Pass,Green,Not Done,100_LVL (old),none,,,4,2015,Pass,,,2.177,2.295,3.026,3.136,3.168,3.312,3.394,4.064,4.195,4.269,4.347,4.718,5.054,5.192,5.524,5.985,6.051,6.257,6.644,6.986,7.164,8.306,8.41,5.106,5.698,3.76,6.128,11.372,2.177,0.031,0.011,-40.485,0.192,2.295,0.027,0.014,-67.899,0.169,3.026,0.008,0.008,-38.648,0.377,3.136,0.024,0.007,-86.881,0.469,3.168,0.008,0.003,-196.381,0.96,3.312,0.011,0.007,-61.769,0.464,3.394,0.004,0.01,-25.964,0.337,4.064,0.006,0.007,-29.538,0.542,4.195,0.007,0.006,-99.997,0.646,4.269,0.006,0.008,-59.63,0.555,4.347,0.099,0.007,-60.799,0.609,4.718,0.005,0.01,-37.961,0.471,5.054,0.015,0.009,-41.871,0.549,5.192,0.073,0.008,-42.068,0.65,5.524,0.007,0.003,-110.499,2.157,5.985,0.005,0.008,-32.891,0.785,6.051,0.005,0.005,-26.403,1.297,6.257,0.033,0.008,-57.134,0.811,6.644,0.001,0.005,-87.623,1.301,6.986,0.011,0.009,-41.166,0.797,7.164,0.039,0.012,-22.299,0.621,8.306,0.006,0.004,-12.655,1.958,8.41,0.004,0.014,-15.042,0.595,5.106,0.003,0.004,-98.588,1.218,5.698,0.012,0.007,-68.566,0.847,3.76,0.019,0.006,-81.075,0.592,6.128,0.002,0.005,-104.612,1.312,11.372,0.003,0.01,-19.938,1.128
88,6139,45483807_1450,4/13/2023 19:36,25.9,2,QPLog 10-1631 (16) rev15,TRUE,,GD,No Defect,Pass,Pass,Green,Not Done,Pass,Green,Pass,300_FW,none,,,4,2015,Pass,,,2.165,2.311,3.03,3.14,3.159,3.316,3.393,4.064,4.197,4.273,4.35,4.718,5.059,5.196,5.526,5.99,6.057,6.261,6.652,6.992,7.171,8.314,8.418,5.109,5.701,3.76,6.135,11.371,2.165,0.198,0.003,-2.091,0.692,2.311,0.263,0.013,-12.552,0.184,3.03,0.089,0.013,-67.305,0.226,3.14,0.227,0.007,-128.171,0.48,3.159,0.024,0.002,-269.565,1.368,3.316,0.117,0.006,-124.768,0.561,3.393,0.048,0.007,-76.098,0.52,4.064,0.057,0.005,-145.063,0.805,4.197,0.056,0.006,-208.705,0.721,4.273,0.079,0.006,-189.409,0.73,4.35,0.086,0.006,-105.253,0.692,4.718,0.064,0.007,-104.978,0.647,5.059,0.114,0.009,-59.863,0.555,5.196,0.079,0.006,-99.182,0.871,5.526,0.045,0.003,-196.378,1.6,5.99,0.087,0.005,-217.618,1.131,6.057,0.09,0.006,-122.195,1.022,6.261,0.063,0.006,-140.522,1.056,6.652,0.024,0.006,-97.267,1.1,6.992,0.013,0.009,-55.322,0.801,7.171,0.077,0.008,-75.165,0.864,8.314,0.015,0.011,-32.448,0.77,8.418,0.015,0.011,-32.795,0.736,5.109,0.023,0.004,-212.939,1.261,5.701,0.013,0.006,-98.279,0.891,3.76,0.088,0.009,-50.493,0.42,6.135,0.005,0.005,-105.663,1.27,11.371,0.004,0.009,-15.71,1.238
11,6141,44845052_1450,4/26/2022 18:06,24.7,2,QPLog 10-1631 (16) rev5,TRUE,,GD,No Defect,Not Done,Not Done,Green,Not Done,Pass,Green,Not Done,100_LVL (old),none,,,4,2015,Fail,,,2.161,2.28,3,3.112,3.144,3.285,3.379,4.042,4.157,4.24,4.312,4.684,5.017,5.167,5.487,5.938,6.011,6.223,6.609,6.94,7.121,8.254,8.369,5.085,5.663,3.728,6.107,11.302,2.161,0.027,0.011,-54.577,0.199,2.28,0.033,0.008,-78.965,0.275,3,0.008,0.008,-64.108,0.375,3.112,0.019,0.007,-95.423,0.477,3.144,0.008,0.005,-75.094,0.683,3.285,0.009,0.007,-53.994,0.463,3.379,0.005,0.008,-33.901,0.416,4.042,0.004,0.002,-49.858,2.21,4.157,0.007,0.006,-103.972,0.64,4.24,0.007,0.006,-58.918,0.731,4.312,0.15,0.006,-92.09,0.769,4.684,0.008,0.008,-58.421,0.564,5.017,0.022,0.008,-56.206,0.629,5.167,0.009,0.007,-31.44,0.716,5.487,0.003,0.006,-89.473,0.88,5.938,0.006,0.006,-54.583,1.032,6.011,0.007,0.008,-20.962,0.712,6.223,0.006,0.006,-73.086,1.006,6.609,0.001,0.005,-67.96,1.387,6.94,0.011,0.009,-43.281,0.745,7.121,0.032,0.016,-13.896,0.444,8.254,0.007,0.013,-10.604,0.635,8.369,0.005,0.009,-25.551,0.958,5.085,0.004,0.006,-108.75,0.818,5.663,0.01,0.008,-58.583,0.71,3.728,0.014,0.007,-55.396,0.499,6.107,0.003,0.006,-79.12,0.997,11.302,0.004,0.01,-11.458,1.103
89,6141,45427917_1450,3/13/2023 20:58,22.6,2,QPLog 10-1631 (16) rev14,TRUE,,GD,No Defect,Pass,Pass,Green,Not Done,Pass,Green,Pass,200_LA (old),none,,,4,2015,Pass,,,2.17,2.313,3.015,3.134,3.162,3.309,3.397,4.066,4.184,4.276,4.341,4.71,5.05,5.198,5.518,5.976,6.049,6.259,6.645,6.984,7.165,8.307,8.42,5.101,5.7,3.755,6.144,11.372,2.17,0.095,0.003,-29.982,0.719,2.313,0.172,0.011,-30.899,0.208,3.015,0.122,0.009,-41.444,0.346,3.134,0.17,0.006,-198.824,0.549,3.162,0.211,0.004,-144.139,0.811,3.309,0.082,0.008,-88.721,0.415,3.397,0.061,0.007,-76.797,0.502,4.066,0.066,0.006,-121.122,0.674,4.184,0.045,0.007,-156.298,0.568,4.276,0.061,0.007,-137.673,0.645,4.341,0.088,0.006,-112.317,0.733,4.71,0.081,0.008,-118.977,0.569,5.05,0.098,0.008,-61.725,0.617,5.198,0.014,0.004,-119.169,1.249,5.518,0.071,0.005,-140.972,1.101,5.976,0.053,0.006,-186.294,1.027,6.049,0.063,0.007,-117.246,0.878,6.259,0.057,0.006,-163.462,1.106,6.645,0.043,0.006,-114.739,1.141,6.984,0.057,0.007,-94.374,0.989,7.165,0.069,0.007,-82.207,0.974,8.307,0.012,0.012,-28.393,0.703,8.42,0.056,0.008,-87.98,1.116,5.101,0.01,0.002,-24.193,3.185,5.7,0.018,0.006,-115.855,0.908,3.755,0.218,0.008,-85.234,0.486,6.144,0.03,0.006,-99.388,1.117,11.372,0.003,0.012,-17.927,0.945
42,6144,44969859_1450,7/6/2022 21:48,25.4,2,,TRUE,,GD,No Defect,Pass,Pass,Green,Not Done,Pass,Green,Pass,200_LA (old),none,,,4,2015,Pass,,,2.192,2.314,3.026,3.141,3.165,3.311,3.398,4.064,4.19,4.269,4.341,4.715,5.062,5.196,5.524,5.986,6.049,6.256,6.644,6.986,7.17,8.312,8.421,5.116,5.697,3.763,6.138,11.359,2.192,0.167,0.004,-57.857,0.584,2.314,0.221,0.012,-43.855,0.2,3.026,0.042,0.008,-76.382,0.396,3.141,0.112,0.005,-211.396,0.587,3.165,0.061,0.004,-188.44,0.791,3.311,0.046,0.006,-110.072,0.539,3.398,0.026,0.007,-92.568,0.511,4.064,0.027,0.005,-125.861,0.808,4.19,0.023,0.006,-168.937,0.666,4.269,0.034,0.005,-165.423,0.78,4.341,0.066,0.006,-101.442,0.761,4.715,0.037,0.007,-109.341,0.646,5.062,0.082,0.008,-67.741,0.602,5.196,0.053,0.005,-121.324,1.034,5.524,0.025,0.006,-147.536,0.971,5.986,0.039,0.005,-207.829,1.097,6.049,0.075,0.006,-124.68,0.978,6.256,0.043,0.005,-168.411,1.188,6.644,0.007,0.008,-47.133,0.8,6.986,0.008,0.008,-50.973,0.906,7.17,0.044,0.007,-62.526,0.987,8.312,0.019,0.009,-37.756,0.888,8.421,0.021,0.009,-62.083,0.926,5.116,0.007,0.002,-60.779,2.827,5.697,0.005,0.005,-84.031,1.096,3.763,0.051,0.004,-108.974,0.993,6.138,0.02,0.006,-143.637,1.099,11.359,0.015,0.012,-23.074,0.918
142,6144,45790264_1450,9/20/2023 19:46,24.1,2,QPLog 10-1631 (16) rev16,TRUE,,GD,No Defect,Not Done,Pass,,Not Done,Pass,,Pass,300_FW,none,0,,0,0,Pass,,,2.166,2.313,3.024,3.138,3.159,3.31,3.397,4.065,4.193,4.269,4.333,4.715,5.055,5.195,5.524,5.987,6.046,6.256,6.648,6.987,7.167,8.311,8.42,0,5.698,3.755,6.139,11.36,2.166,0.258,0.01,-9.89,0.209,2.313,0.243,0.022,-10.26,0.106,3.024,0.083,0.006,-78.723,0.499,3.138,0.19,0.006,-140.763,0.53,3.159,0.064,0.007,-96.705,0.483,3.31,0.092,0.006,-100.131,0.522,3.397,0.033,0.008,-50.208,0.445,4.065,0.048,0.007,-93.526,0.601,4.193,0.049,0.005,-258.471,0.802,4.269,0.072,0.006,-211.75,0.717,4.333,0.104,0.006,-169.844,0.746,4.715,0.058,0.007,-115.68,0.64,5.055,0.119,0.008,-59.471,0.599,5.195,0.072,0.007,-79.337,0.727,5.524,0.049,0.005,-163.549,1.066,5.987,0.083,0.006,-163.637,1.041,6.046,0.098,0.006,-146.953,1.081,6.256,0.056,0.006,-147.003,1.12,6.648,0.018,0.007,-57.789,0.96,6.987,0.012,0.008,-60.855,0.839,7.167,0.081,0.007,-79.257,0.966,8.311,0.013,0.013,-27.902,0.654,8.42,0.013,0.008,-58.418,1.024,0,0,0,0,0,5.698,0.008,0.007,-89.271,0.866,3.755,0.083,0.005,-44.443,0.712,6.139,0.025,0.005,-118.21,1.328,11.36,0.006,0.011,-22.501,1.011
66,6146,45367655_1450,2/10/2023 22:43,24.1,2,QPLog 10-1631 (16) rev14,TRUE,,GD,,,,,,Pass,,,300_FW,,,,,,Pass,,,2.185,2.308,3.028,3.141,0,3.318,3.4,4.07,4.201,4.275,4.352,4.72,5.064,5.199,5.529,5.997,6.056,6.262,6.651,6.996,7.175,8.32,8.429,5.114,5.716,3.766,6.145,11.372,2.185,0.381,0.009,-35.363,0.253,2.308,0.428,0.01,-49.758,0.227,3.028,0.066,0.006,-94.787,0.5,3.141,0.199,0.006,-148.361,0.531,0,0,0,0,0,3.318,0.093,0.006,-114.477,0.537,3.4,0.033,0.011,-36.728,0.32,4.07,0.051,0.008,-105.563,0.522,4.201,0.047,0.005,-247.927,0.805,4.275,0.074,0.006,-175.806,0.765,4.352,0.086,0.006,-140.031,0.738,4.72,0.067,0.007,-118.613,0.719,5.064,0.106,0.009,-65.975,0.591,5.199,0.066,0.009,-69.099,0.594,5.529,0.039,0.006,-129.097,0.905,5.997,0.075,0.006,-159.886,1.054,6.056,0.085,0.006,-104.276,0.951,6.262,0.058,0.005,-153.54,1.158,6.651,0.016,0.007,-73.784,0.962,6.996,0.01,0.009,-48.792,0.763,7.175,0.069,0.008,-73.929,0.896,8.32,0.01,0.012,-21.477,0.676,8.429,0.012,0.01,-40.544,0.833,5.114,0.031,0.006,-167.96,0.896,5.716,0.001,0.001,-187.694,4.454,3.766,0.077,0.006,-75.504,0.596,6.145,0.004,0.003,-73.111,1.779,11.372,0.003,0.011,-17.308,1.027
147,6146,45870905_1450,10/30/2023 19:38,24.5,2,QPLog 10-1631 (16) rev16,TRUE,,GD,No Defect,Pass,Pass,,Not Done,Pass,,Pass,300_FW,none,0,,4,2015,Pass,,,2.145,2.316,3.027,3.138,3.161,3.315,3.397,4.064,4.198,4.273,4.349,4.715,5.061,5.197,5.526,5.995,6.052,6.257,6.647,6.992,7.17,8.316,8.423,0,5.702,3.764,6.143,11.366,2.145,0.225,0.003,-9.066,0.631,2.316,0.227,0.019,-11.177,0.121,3.027,0.09,0.007,-71.122,0.404,3.138,0.206,0.007,-120.788,0.48,3.161,0.027,0.004,-173.387,0.71,3.315,0.094,0.007,-85.771,0.466,3.397,0.042,0.008,-58.719,0.436,4.064,0.043,0.006,-86.222,0.631,4.198,0.043,0.006,-229.778,0.71,4.273,0.075,0.006,-178.827,0.68,4.349,0.075,0.006,-137.552,0.738,4.715,0.052,0.009,-79.153,0.521,5.061,0.121,0.008,-67.81,0.622,5.197,0.084,0.009,-64.45,0.596,5.526,0.036,0.005,-159.161,1.049,5.995,0.088,0.006,-224.945,1.065,6.052,0.095,0.006,-108.872,0.97,6.257,0.061,0.006,-143.391,1.096,6.647,0.022,0.007,-74.542,0.997,6.992,0.012,0.009,-57.253,0.757,7.17,0.068,0.008,-77.7,0.951,8.316,0.011,0.009,-36.493,0.922,8.423,0.017,0.012,-30.34,0.73,0,0,0,0,0,5.702,0.013,0.006,-147.44,1.017,3.764,0.071,0.007,-34.595,0.573,6.143,0.011,0.004,-81.041,1.613,11.366,0.004,0.014,-14.462,0.815
54,6147,45208093_1450,11/12/2022 0:50,23.8,2,QPLog 10-1631 (16) rev12,TRUE,,GD,No Defect,Pass,Pass,Green,Not Done,Pass,Green,Pass,200_LA (old),none,,,4,2015,Pass,,,2.163,2.3,3.031,3.138,3.169,3.309,3.393,4.06,4.189,4.265,4.339,4.712,5.05,5.191,5.519,5.98,6.043,6.256,6.649,6.992,7.162,8.304,8.421,5.114,5.694,3.762,6.134,11.362,2.163,0.271,0.009,-12.241,0.234,2.3,0.305,0.006,-22.327,0.413,3.031,0.104,0.008,-47.719,0.391,3.138,0.342,0.006,-164.331,0.52,3.169,0.021,0.003,-304.762,1.193,3.309,0.145,0.006,-132.945,0.562,3.393,0.063,0.009,-47.262,0.373,4.06,0.077,0.006,-122.359,0.64,4.189,0.067,0.006,-146.473,0.696,4.265,0.101,0.005,-176.09,0.892,4.339,0.148,0.007,-110.711,0.633,4.712,0.096,0.007,-114.136,0.663,5.05,0.187,0.008,-73.153,0.647,5.191,0.08,0.007,-80.828,0.748,5.519,0.05,0.006,-144.838,0.888,5.98,0.126,0.006,-171.457,1.014,6.043,0.138,0.008,-70.508,0.783,6.256,0.101,0.006,-137.807,1.082,6.649,0.034,0.006,-58.328,1.087,6.992,0.025,0.009,-59.265,0.787,7.162,0.143,0.008,-65.648,0.864,8.304,0.043,0.009,-47.333,0.888,8.421,0.042,0.009,-50.576,0.942,5.114,0.017,0.003,-128.458,1.6,5.694,0.02,0.009,-70.756,0.664,3.762,0.157,0.006,-83.282,0.632,6.134,0.053,0.006,-152.993,1.073,11.362,0.002,0.003,-6.111,3.974
149,6147,45883863_1450,11/5/2023 17:50,23.7,2,QPLog 10-1631 (16) rev16,TRUE,,GD,No Defect,Pass,Pass,,Not Done,Pass,,Pass,300_FW,none,0,,4,2015,Pass,,,2.171,2.299,3.03,3.139,3.157,3.31,3.392,4.061,4.192,4.267,4.341,4.713,5.052,5.194,5.522,5.984,6.045,6.257,6.651,6.993,7.162,8.304,8.421,5.101,5.697,3.761,6.136,11.361,2.171,0.265,0.015,-20.663,0.143,2.299,0.383,0.009,-53.16,0.244,3.03,0.093,0.006,-98.433,0.492,3.139,0.247,0.006,-155.367,0.543,3.157,0.028,0.002,-315.484,1.61,3.31,0.089,0.007,-108.569,0.498,3.392,0.037,0.01,-47.907,0.324,4.061,0.052,0.006,-110.816,0.685,4.192,0.057,0.006,-195.6,0.719,4.267,0.076,0.006,-213.251,0.682,4.341,0.09,0.006,-116.67,0.705,4.713,0.064,0.006,-131.458,0.727,5.052,0.119,0.01,-53.132,0.511,5.194,0.083,0.007,-99.256,0.757,5.522,0.051,0.005,-144.732,1.018,5.984,0.1,0.005,-211.884,1.136,6.045,0.117,0.006,-142.534,1.084,6.257,0.066,0.006,-142.356,1.137,6.651,0.022,0.007,-76.864,0.984,6.993,0.014,0.008,-63.748,0.843,7.162,0.088,0.009,-65.714,0.842,8.304,0.022,0.01,-33.57,0.808,8.421,0.02,0.008,-54.762,1.011,5.101,0.027,0.004,-235.17,1.271,5.697,0.015,0.006,-153.224,1.004,3.761,0.095,0.005,-70.003,0.776,6.136,0.026,0.005,-162.437,1.24,11.361,0.005,0.01,-21.673,1.124
27,6149,44922381_1450,6/11/2022 20:05,24.6,2,QPLog 10-1631 (16) rev8,TRUE,,GD,No Defect,Pass,Pass,Green,Pass,Pass,Green,Pass,200_LA (old),none,,,4,2015,Pass,,,2.188,2.313,3.027,3.139,3.157,3.311,3.395,4.059,4.187,4.274,4.356,4.713,5.058,5.196,5.52,5.987,6.058,6.261,6.65,6.989,7.169,8.311,8.421,5.104,5.696,3.76,6.133,11.373,2.188,0.134,0.005,-25.224,0.435,2.313,0.149,0.014,-36.992,0.17,3.027,0.034,0.007,-73.085,0.446,3.139,0.095,0.006,-175.332,0.541,3.157,0.051,0.002,-243.953,1.428,3.311,0.046,0.006,-105.533,0.539,3.395,0.022,0.008,-66.131,0.431,4.059,0.025,0.006,-123.194,0.72,4.187,0.023,0.006,-199.686,0.719,4.274,0.038,0.007,-128.078,0.584,4.356,0.053,0.006,-120.558,0.767,4.713,0.037,0.008,-86.212,0.62,5.058,0.072,0.007,-87.267,0.681,5.196,0.047,0.006,-102.239,0.856,5.52,0.018,0.006,-165.546,0.972,5.987,0.045,0.004,-241.208,1.58,6.058,0.062,0.006,-135.349,1.069,6.261,0.046,0.005,-175.655,1.187,6.65,0.007,0.007,-44.886,0.948,6.989,0.007,0.008,-48.834,0.846,7.169,0.044,0.008,-84.195,0.942,8.311,0.147,0.011,-37.485,0.788,8.421,0.143,0.01,-45.881,0.858,5.104,0.021,0.006,-158.825,0.841,5.696,0.006,0.006,-116.12,0.953,3.76,0.04,0.007,-40.888,0.558,6.133,0.012,0.004,-177.871,1.494,11.373,0.009,0.013,-22.709,0.902
129,6149,45647062_1450,7/11/2023 19:56,25.1,2,QPLog 10-1631 (16) rev16,TRUE,,GD,No Defect,Not Done,Pass,Green,Not Done,Pass,Green,Pass,300_FW,none,,,0,0,Pass,,,2.167,2.313,3.027,3.135,3.167,3.307,3.394,4.058,4.187,4.271,4.351,4.71,5.051,5.191,5.516,5.981,6.052,6.259,6.65,6.987,7.161,8.303,8.415,0,5.692,3.752,6.133,11.367,2.167,0.279,0.011,-13.14,0.202,2.313,0.275,0.014,-11.615,0.166,3.027,0.092,0.006,-111.449,0.486,3.135,0.186,0.007,-107.581,0.456,3.167,0.016,0.003,-340.745,1.215,3.307,0.092,0.008,-84.4,0.439,3.394,0.038,0.009,-58.63,0.392,4.058,0.049,0.006,-106.201,0.665,4.187,0.05,0.006,-206.313,0.699,4.271,0.078,0.006,-133.577,0.695,4.351,0.064,0.008,-81.936,0.546,4.71,0.067,0.007,-117.61,0.678,5.051,0.106,0.008,-68.715,0.65,5.191,0.077,0.007,-83.168,0.736,5.516,0.044,0.006,-122.568,0.962,5.981,0.102,0.005,-162.731,1.146,6.052,0.098,0.006,-137.151,1.028,6.259,0.068,0.006,-141.972,1.046,6.65,0.016,0.008,-61.368,0.873,6.987,0.012,0.009,-56.297,0.781,7.161,0.077,0.008,-68.804,0.877,8.303,0.013,0.012,-20.889,0.704,8.415,0.019,0.009,-50.036,0.987,0,0,0,0,0,5.692,0.013,0.006,-102.09,0.895,3.752,0.091,0.006,-109.589,0.617,6.133,0.02,0.005,-171.634,1.266,11.367,0.003,0.01,-26.255,1.112
43,6221,44978242_1450,7/9/2022 0:53,28.7,2,,TRUE,,GD,No Defect,Pass,Pass,Green,Pass,Pass,Green,Pass,300_FW,none,,,0,0,Pass,,,2.18,2.309,3.009,3.125,3.154,3.337,3.391,4.072,4.238,4.288,4.374,4.722,5.079,5.214,5.534,6.007,6.102,6.247,6.632,6.953,7.174,8.316,8.392,5.157,5.704,3.755,6.156,11.374,2.18,0.093,0.008,-74.688,0.259,2.309,0.11,0.008,-104.373,0.281,3.009,0.021,0.007,-113.525,0.456,3.125,0.046,0.005,-217.619,0.6,3.154,0.033,0.006,-163.03,0.557,3.337,0.017,0.008,-91.248,0.413,3.391,0.012,0.006,-74.119,0.525,4.072,0.011,0.007,-112.585,0.591,4.238,0.012,0.006,-168.443,0.687,4.288,0.017,0.006,-149.385,0.725,4.374,0.021,0.007,-86.004,0.638,4.722,0.016,0.007,-79.124,0.661,5.079,0.026,0.009,-51.179,0.547,5.214,0.014,0.004,-148.23,1.284,5.534,0.013,0.005,-149.649,1.069,6.007,0.014,0.005,-137.372,1.127,6.102,0.006,0.005,-176.914,1.305,6.247,0.016,0.006,-133.172,1.106,6.632,0.003,0.01,-29.754,0.657,6.953,0.002,0.01,-44.589,0.732,7.174,0.013,0.007,-74.085,1.025,8.316,0.034,0.011,-38.057,0.773,8.392,0.041,0.009,-53.04,0.937,5.157,0.011,0.005,-169.864,1.052,5.704,0.011,0.009,-49.125,0.65,3.755,0.016,0.006,-76.689,0.603,6.156,0.008,0.006,-82.915,0.947,11.374,0.02,0.004,-51.163,3.103
138,6221,45711728_1450,8/17/2023 21:19,23.5,2,QPLog 10-1631 (16) rev16,TRUE,,B3,No Defect,Not Done,Pass,,Not Done,Pass,,Pass,110_LVL (new),none,,,5,2015,Pass,,,2.156,2.299,3.011,3.125,3.154,3.337,3.392,4.071,4.238,4.29,4.376,4.726,5.085,5.216,5.536,6.007,6.103,6.246,6.631,6.953,7.186,8.278,8.413,0,5.702,3.758,6.157,11.379,2.156,0.219,0.006,-24.061,0.387,2.299,0.245,0.003,-29.108,0.729,3.011,0.103,0.006,-76.971,0.514,3.125,0.23,0.006,-176.931,0.546,3.154,0.151,0.007,-78.52,0.428,3.337,0.109,0.007,-105.645,0.493,3.392,0.086,0.009,-46.102,0.383,4.071,0.054,0.007,-99.297,0.559,4.238,0.066,0.007,-180.997,0.608,4.29,0.118,0.006,-129.577,0.664,4.376,0.155,0.007,-74.522,0.598,4.726,0.123,0.006,-132.401,0.787,5.085,0.224,0.007,-84.635,0.704,5.216,0.08,0.006,-106.195,0.856,5.536,0.093,0.005,-174.976,1.059,6.007,0.056,0.006,-140.127,1.041,6.103,0.046,0.004,-212.85,1.404,6.246,0.067,0.006,-103.684,0.994,6.631,0.023,0.007,-63.363,1.02,6.953,0.005,0.009,-63.587,0.747,7.186,0.117,0.007,-88.786,0.998,8.278,0.008,0.008,-28.208,1.055,8.413,0.015,0.003,-7.205,3.009,0,0,0,0,0,5.702,0.008,0.006,-141.914,0.933,3.758,0.123,0.008,-57.899,0.452,6.157,0.03,0.006,-107.987,0.959,11.379,0.005,0.013,-12.984,0.848
28,6230,44944458_355,6/18/2022 16:48,25.8,2,,TRUE,,UN,,Not Done,Not Done,,Not Done,Pass,,Not Done,300_FW,,,,0,0,Pass,,,2.181,2.313,3.037,3.138,3.156,3.348,3.39,4.07,4.253,4.295,4.39,4.73,5.095,5.229,5.552,6.015,6.123,6.256,6.656,7.041,7.204,8.34,8.412,5.172,5.706,3.775,6.177,11.453,2.181,0.053,0.003,-27.844,0.662,2.313,0.133,0.009,-82.715,0.261,3.037,0.013,0.01,-54.402,0.316,3.138,0.061,0.005,-164.104,0.582,3.156,0.009,0.003,-102.887,0.99,3.348,0.021,0.006,-152.346,0.56,3.39,0.01,0.01,-61.682,0.354,4.07,0.011,0.009,-61.565,0.445,4.253,0.013,0.006,-171.653,0.726,4.295,0.014,0.006,-150.866,0.722,4.39,0.02,0.006,-109.306,0.687,4.73,0.011,0.006,-60.94,0.735,5.095,0.029,0.009,-58.514,0.552,5.229,0.011,0.004,-163.92,1.381,5.552,0.041,0.004,-26.726,1.571,6.015,0.006,0.004,-81.41,1.445,6.123,0.006,0.003,-150.566,2.089,6.256,0.018,0.005,-175.287,1.235,6.656,0.005,0.007,-59.974,0.971,7.041,0.004,0.007,-80.246,0.952,7.204,0.02,0.006,-102.634,1.112,8.34,0.003,0.009,-20.622,0.971,8.412,0.006,0.008,-41.18,1.013,5.172,0.014,0.005,-141.308,1.096,5.706,0.008,0.008,-79.295,0.717,3.775,0.017,0.006,-81.589,0.653,6.177,0.008,0.005,-125.901,1.233,11.453,0.011,0.011,-16.191,1.051
130,6230,45652329_1450,7/13/2023 21:23,28.4,2,QPLog 10-1631 (16) rev18,TRUE,,GD,No Defect,Pass,Pass,Green,Not Done,Pass,Green,Pass,400_LA (new),none,,,6,2015,Pass,,,2.171,2.316,3.042,3.139,3.154,3.348,3.389,4.07,4.254,4.295,4.393,4.729,5.098,5.23,5.551,6.042,6.101,6.254,6.653,6.976,7.206,8.34,8.409,0,5.706,3.777,0,11.452,2.171,0.267,0.005,-9.758,0.448,2.316,0.268,0.014,-19.616,0.163,3.042,0.15,0.006,-110.526,0.489,3.139,0.339,0.007,-111.703,0.48,3.154,0.097,0.004,-185.039,0.892,3.348,0.107,0.009,-84.02,0.363,3.389,0.072,0.011,-49.726,0.299,4.07,0.087,0.007,-116.111,0.602,4.254,0.076,0.006,-156.132,0.749,4.295,0.088,0.007,-113.102,0.615,4.393,0.153,0.006,-148.247,0.728,4.729,0.07,0.007,-74.854,0.696,5.098,0.172,0.008,-64.684,0.616,5.23,0.071,0.004,-156.064,1.209,5.551,0.027,0.003,-178.221,1.775,6.042,0.133,0.008,-77.156,0.773,6.101,0.036,0.005,-115.409,1.14,6.254,0.109,0.006,-151.26,1.103,6.653,0.016,0.009,-47.934,0.742,6.976,0.005,0.008,-65.044,0.867,7.206,0.123,0.008,-77.738,0.947,8.34,0.03,0.01,-29.618,0.809,8.409,0.035,0.009,-51.369,0.941,0,0,0,0,0,5.706,0.008,0.006,-134.992,0.93,3.777,0.124,0.008,-84.115,0.497,0,0,0,0,0,11.452,0.004,0.009,-13.866,1.313
111,6365,44842521_1450,4/25/2022 17:27,27,2,QPLog 10-1631 (16) rev5,TRUE,,B3,No Defect,Not Done,Not Done,Green,Not Done,Pass,Green,Not Done,100_LVL (old),none,,,9,2015,Pass,,,2.164,2.287,3.029,3.123,3.154,3.311,3.381,4.04,4.203,4.269,4.354,4.724,5.04,5.186,5.493,5.973,6.051,6.245,6.626,6.955,7.126,8.255,8.37,0,5.647,3.755,6.124,11.362,2.164,0.03,0.012,-37.332,0.177,2.287,0.035,0.011,-55.883,0.21,3.029,0.009,0.009,-45.187,0.343,3.123,0.025,0.007,-78.171,0.44,3.154,0.008,0.005,-71.791,0.593,3.311,0.012,0.007,-59.038,0.454,3.381,0.005,0.01,-30.438,0.35,4.04,0.003,0.002,-12.575,2.435,4.203,0.008,0.006,-116.796,0.718,4.269,0.007,0.008,-56.803,0.566,4.354,0.108,0.006,-85.249,0.678,4.724,0.008,0.009,-41.665,0.539,5.04,0.02,0.008,-53.423,0.611,5.186,0.009,0.006,-46.719,0.866,5.493,0.008,0.002,-55.006,3.405,5.973,0.007,0.002,-37.452,3.276,6.051,0.005,0.006,-53.127,0.969,6.245,0.045,0.007,-75.171,0.959,6.626,0.001,0.005,-47.069,1.293,6.955,0.002,0.007,-36.277,1.034,7.126,0.034,0.015,-15.09,0.483,8.255,0.007,0.011,-15.299,0.735,8.37,0.004,0.009,-18.752,0.883,0,0,0,0,0,5.647,0.012,0.006,-61.996,0.931,3.755,0.017,0.007,-58.441,0.557,6.124,0.004,0.005,-77.52,1.241,11.362,0.004,0.011,-17.438,1.029
112,6365,45550621_1450,5/24/2023 15:34,24.9,2,QPLog 10-1631 (16) rev16,TRUE,,GD,No Defect,Not Done,Pass,Green,Not Done,Pass,Green,Pass,110_LVL (new),none,,,9,2015,Pass,,,2.178,2.305,3.04,3.137,3.168,3.328,3.394,4.066,4.223,4.287,4.376,4.744,5.065,5.208,5.536,6.001,6.079,6.269,6.647,6.986,7.162,8.297,8.408,5.14,5.672,3.769,6.154,11.408,2.178,0.26,0.011,-32.167,0.194,2.305,0.338,0.013,-51.633,0.178,3.04,0.099,0.009,-78.899,0.344,3.137,0.286,0.006,-161.541,0.558,3.168,0.02,0.002,-248.275,1.275,3.328,0.127,0.006,-150.864,0.535,3.394,0.058,0.009,-68.72,0.375,4.066,0.057,0.006,-123.115,0.652,4.223,0.065,0.006,-184.672,0.756,4.287,0.102,0.005,-232.943,0.853,4.376,0.138,0.005,-172.19,0.807,4.744,0.088,0.007,-121.093,0.691,5.065,0.181,0.008,-82.465,0.625,5.208,0.084,0.005,-148.322,1.142,5.536,0.053,0.005,-214.915,1.13,6.001,0.114,0.007,-90.407,0.848,6.079,0.063,0.005,-187.778,1.127,6.269,0.06,0.008,-69.973,0.765,6.647,0.022,0.007,-81.065,0.99,6.986,0.036,0.008,-83.25,0.925,7.162,0.121,0.008,-62.829,0.849,8.297,0.044,0.009,-54.338,0.907,8.408,0.035,0.009,-58.835,0.955,5.14,0.051,0.006,-167.776,0.926,5.672,0.006,0.005,-113.338,1.158,3.769,0.129,0.009,-94.423,0.421,6.154,0.022,0.004,-131.459,1.618,11.408,0.002,0.002,-14.533,6.015
5,6393,44511946_1450,9/30/2021 19:56,25,2,Failed Sort COL1-001 OB 10-1631_PIK_SORT rev10  09/30/21 10:22,TRUE,,GD,No Defect,Not Done,Pass,Green,Pass,Pass,Green,Pass,100_LVL (old),none,,,9,2015,Pass,,,2.178,2.301,3.028,3.135,3.165,3.325,3.398,4.081,4.222,4.294,4.377,4.736,5.08,5.21,5.548,6.018,6.078,6.261,6.651,6.963,7.181,8.327,8.409,5.139,5.714,3.766,6.161,11.417,2.178,0.076,0.012,-69.65,0.179,2.301,0.067,0.006,-128.383,0.356,3.028,0.023,0.007,-67.09,0.437,3.135,0.045,0.006,-134.295,0.496,3.165,0.036,0.006,-96.383,0.575,3.325,0.019,0.008,-67.455,0.423,3.398,0.01,0.008,-57.414,0.442,4.081,0.019,0.008,-67.872,0.501,4.222,0.012,0.006,-123.098,0.653,4.294,0.018,0.007,-87.182,0.584,4.377,0.018,0.007,-76.544,0.606,4.736,0.014,0.01,-55.624,0.474,5.08,0.031,0.008,-67.732,0.61,5.21,0.018,0.007,-58.47,0.7,5.548,0.055,0.006,-71.288,0.859,6.018,0.016,0.01,-46.602,0.618,6.078,0.012,0.009,-47.439,0.683,6.261,0.013,0.008,-81.73,0.794,6.651,0.005,0.008,-47.848,0.788,6.963,0.019,0.006,-47.05,1.173,7.181,0.121,0.01,-42.714,0.705,8.327,0.028,0.014,-21.089,0.579,8.409,0.027,0.014,-21.972,0.598,5.139,0.01,0.006,-142.234,0.812,5.714,0.015,0.013,-129.929,0.437,3.766,0.313,0.007,-83.109,0.517,6.161,0.012,0.007,-75.648,0.853,11.417,0.008,0.01,-35.592,1.14
101,6393,45525890_1450,5/9/2023 3:21,25.6,2,QPLog 10-1631 (16) rev18,TRUE,,GD,No Defect,Pass,Pass,Green,Not Done,Pass,Green,Pass,400_LA (new),none,,,9,2015,Pass,,,2.175,2.298,3.033,3.14,3.168,3.331,3.404,4.083,4.224,4.298,4.381,4.742,5.087,5.216,5.551,6.023,6.083,6.266,6.657,6.989,7.19,8.338,8.418,5.142,5.706,3.769,6.152,11.414,2.175,0.047,0.006,-51.041,0.39,2.298,0.051,0.006,-57.262,0.413,3.033,0.219,0.012,-39.357,0.257,3.14,0.064,0.007,-251.771,0.467,3.168,0.284,0.005,-74.901,0.611,3.331,0.143,0.01,-75.855,0.329,3.404,0.061,0.015,-40.687,0.224,4.083,0.104,0.006,-127.049,0.657,4.224,0.068,0.006,-193.969,0.688,4.298,0.113,0.007,-100.939,0.659,4.381,0.121,0.007,-95.403,0.655,4.742,0.071,0.005,-95.347,0.889,5.087,0.149,0.012,-37.725,0.413,5.216,0.127,0.007,-55.5,0.719,5.551,0.042,0.005,-107.185,1.042,6.023,0.149,0.006,-126.829,0.93,6.083,0.126,0.005,-176.943,1.145,6.266,0.089,0.006,-130.3,1.052,6.657,0.018,0.007,-41.728,0.909,6.989,0.027,0.008,-61.59,0.829,7.19,0.118,0.008,-62.037,0.864,8.338,0.032,0.011,-31.626,0.776,8.418,0.031,0.012,-31.425,0.711,5.142,0.06,0.005,-210.346,1.121,5.706,0.01,0.007,-111.177,0.786,3.769,0.134,0.012,-41.88,0.323,6.152,0.031,0.005,-121.884,1.343,11.414,0.003,0.004,-14.666,3.015
29,6407,44905238_1450,6/10/2022 22:25,26,2,QPLog 10-1631 (16) rev8,TRUE,,UN,,Not Done,Not Done,,Not Done,Pass,,Not Done,300_FW,,,,0,0,Pass,,,2.185,2.318,3.045,3.148,3.178,3.337,3.405,4.088,4.236,4.306,4.389,4.747,5.101,5.225,5.57,6.042,6.099,6.311,6.694,6.988,7.215,8.367,8.443,5.154,5.721,3.783,6.161,11.455,2.185,0.077,0.004,-42.821,0.539,2.318,0.124,0.009,-43.075,0.263,3.045,0.018,0.005,-88.578,0.559,3.148,0.071,0.005,-174.747,0.58,3.178,0.026,0.006,-144.473,0.571,3.337,0.023,0.007,-88.989,0.51,3.405,0.011,0.007,-61.5,0.493,4.088,0.014,0.006,-109.327,0.736,4.236,0.015,0.006,-208.621,0.707,4.306,0.016,0.005,-127.707,0.818,4.389,0.027,0.006,-116.434,0.698,4.747,0.016,0.006,-75.601,0.752,5.101,0.035,0.006,-101.405,0.81,5.225,0.019,0.005,-107.565,1.088,5.57,0.011,0.005,-147.006,1.152,6.042,0.031,0.006,-161.529,1.049,6.099,0.023,0.006,-131.874,0.984,6.311,0.018,0.005,-174.297,1.158,6.694,0.006,0.007,-52.993,1.019,6.988,0.003,0.005,-56.161,1.342,7.215,0.028,0.007,-88.428,1.035,8.367,0.004,0.01,-31.588,0.846,8.443,0.054,0.009,-55.81,0.933,5.154,0.008,0.005,-201.752,1.142,5.721,0.012,0.006,-132.189,0.917,3.783,0.024,0.004,-127.327,0.94,6.161,0.006,0.005,-114.588,1.268,11.455,0.016,0.011,-21.707,1.089
90,6407,45456773_1450,3/31/2023 18:50,20.4,2,QPLog 10-1631 (16) rev16,TRUE,,GD,No Defect,Pass,Pass,Green,Not Done,Pass,Green,Pass,400_LA (new),none,,,9,2015,Pass,,,2.159,2.314,3.027,3.141,3.165,3.327,3.405,4.077,4.225,4.3,4.391,4.749,5.099,5.213,5.561,6.03,6.089,6.262,6.66,6.972,7.205,8.342,8.44,5.161,5.705,3.775,6.146,11.43,2.159,0.008,0.004,-46.099,0.508,2.314,0.025,0.005,-8.263,0.485,3.027,0.209,0.006,-8.356,0.544,3.141,0.301,0.011,-45.493,0.281,3.165,0.037,0.009,-134.353,0.344,3.327,0.176,0.009,-57.318,0.373,3.405,0.164,0.01,-28.991,0.343,4.077,0.038,0.006,-94.851,0.739,4.225,0.089,0.006,-216.299,0.732,4.3,0.162,0.007,-102.02,0.626,4.391,0.284,0.009,-61.106,0.467,4.749,0.201,0.009,-55.371,0.502,5.099,0.304,0.011,-48.422,0.46,5.213,0.096,0.008,-75.982,0.654,5.561,0.124,0.006,-85.279,1.007,6.03,0.027,0.006,-85.528,1.047,6.089,0.162,0.008,-72.237,0.799,6.262,0.114,0.006,-103.515,0.984,6.66,0.02,0.008,-36.224,0.825,6.972,0.013,0.003,-26.714,2.027,7.205,0.086,0.009,-39.274,0.822,8.342,0.019,0.009,-32.497,0.918,8.44,0.039,0.012,-19.039,0.695,5.161,0.038,0.003,-158.375,1.491,5.705,0.013,0.008,-96.732,0.73,3.775,0.187,0.009,-58.896,0.431,6.146,0.006,0.005,-91.96,1.353,11.43,0.013,0.013,-9.498,0.868
31,6529P,44914984_1450,6/3/2022 19:08,25.6,2,QPLog 10-1631 (16) rev10,TRUE,,GD,No Defect,Pass,Pass,Green,Pass,Pass,Green,Pass,200_LA (old),none,,,8,2015,Pass,,,2.191,2.321,3.04,3.152,3.175,3.344,3.407,4.09,4.252,4.306,4.386,4.742,5.104,5.236,5.562,6.048,6.115,6.281,6.679,7.011,7.2,8.345,8.446,5.175,5.714,3.782,6.185,11.455,2.191,0.127,0.009,-24.588,0.243,2.321,0.142,0.012,-36.725,0.191,3.04,0.024,0.003,-31.505,1.191,3.152,0.089,0.006,-178.774,0.531,3.175,0.035,0.002,-111.053,1.902,3.344,0.035,0.008,-100.161,0.415,3.407,0.02,0.009,-59.384,0.393,4.09,0.023,0.006,-89.734,0.727,4.252,0.02,0.007,-191.747,0.63,4.306,0.035,0.005,-155.533,0.807,4.386,0.051,0.007,-95.002,0.61,4.742,0.029,0.007,-109.114,0.649,5.104,0.067,0.005,-108.88,0.97,5.236,0.031,0.003,-143.174,1.536,5.562,0.019,0.005,-94.026,1.12,6.048,0.059,0.006,-101.805,1.01,6.115,0.02,0.005,-175.181,1.254,6.281,0.03,0.006,-139.601,1.055,6.679,0.007,0.006,-55.494,1.072,7.011,0.004,0.002,-10.612,4.352,7.2,0.043,0.008,-73.312,0.957,8.345,0.017,0.01,-32.003,0.856,8.446,0.134,0.01,-48.476,0.852,5.175,0.018,0.004,-195.62,1.181,5.714,0.025,0.007,-171.949,0.846,3.782,0.042,0.007,-99.717,0.568,6.185,0.023,0.004,-141.667,1.688,11.455,0.01,0.016,-11.428,0.717
115,6529P,45553187_1450,5/21/2023 17:53,26.1,2,QPLog 10-1631 (16) rev16,TRUE,,GD,No Defect,Not Done,Pass,Green,Not Done,Pass,Green,Pass,300_FW,none,,,0,0,Pass,,,2.186,2.315,3.044,3.152,3.173,3.345,3.41,4.094,4.255,4.307,4.387,4.742,5.102,5.239,5.566,6.045,6.118,6.284,6.685,7.032,7.202,8.35,8.453,5.177,5.72,3.783,6.19,11.468,2.186,0.26,0.016,-32.967,0.139,2.315,0.356,0.009,-48.412,0.249,3.044,0.077,0.008,-75.163,0.398,3.152,0.212,0.006,-161.046,0.54,3.173,0.065,0.005,-138.841,0.632,3.345,0.103,0.006,-124.05,0.534,3.41,0.045,0.006,-84.659,0.545,4.094,0.052,0.005,-133.181,0.773,4.255,0.047,0.006,-193.752,0.716,4.307,0.071,0.006,-141.172,0.731,4.387,0.086,0.005,-165.372,0.801,4.742,0.054,0.007,-135.177,0.713,5.102,0.116,0.008,-75.35,0.651,5.239,0.062,0.007,-93.835,0.805,5.566,0.043,0.009,-79.852,0.62,6.045,0.112,0.005,-103.123,1.225,6.118,0.035,0.005,-200.626,1.234,6.284,0.051,0.006,-115.704,1,6.685,0.023,0.007,-80.741,0.956,7.032,0.02,0.008,-87.772,0.933,7.202,0.08,0.007,-96.496,1.027,8.35,0.014,0.011,-34.767,0.784,8.453,0.017,0.009,-46.022,0.984,5.177,0.036,0.005,-221.06,1.109,5.72,0.009,0.007,-105.693,0.869,3.783,0.076,0.006,-98.873,0.614,6.19,0.039,0.006,-119.632,1.071,11.468,0.007,0.012,-17.899,0.96
71,6549,45338740_1450,2/1/2023 15:57,20.7,2,QPLog 10-1631 (16) rev15,TRUE,,GD,No Defect,Not Done,Pass,Green,Not Done,Pass,Green,Pass,110_LVL (new),none,,,12,2015,Pass,,,2.162,2.3,3.009,3.116,3.132,3.32,3.37,4.035,4.206,4.261,4.359,4.706,5.053,5.175,5.511,5.974,6.055,6.237,6.608,6.942,7.148,8.286,8.369,5.118,5.688,3.75,6.127,11.329,2.162,0.233,0.008,-27.409,0.268,2.3,0.439,0.008,-64.063,0.289,3.009,0.101,0.006,-136.671,0.494,3.116,0.231,0.007,-118.58,0.474,3.132,0.029,0.002,-37.696,1.405,3.32,0.073,0.007,-99.231,0.471,3.37,0.063,0.007,-70.231,0.476,4.035,0.044,0.006,-110.492,0.649,4.206,0.072,0.006,-201.725,0.729,4.261,0.101,0.007,-131.487,0.644,4.359,0.127,0.007,-92.229,0.67,4.706,0.085,0.007,-112.925,0.705,5.053,0.185,0.008,-79.548,0.654,5.175,0.075,0.006,-108.856,0.888,5.511,0.073,0.005,-144.746,1.027,5.974,0.048,0.006,-161.822,0.965,6.055,0.074,0.006,-148.272,1.092,6.237,0.057,0.008,-78.153,0.754,6.608,0.018,0.007,-48.248,0.966,6.942,0.011,0.004,-23.279,1.909,7.148,0.099,0.008,-79.375,0.919,8.286,0.021,0.011,-28.228,0.74,8.369,0.03,0.013,-22.296,0.644,5.118,0.03,0.005,-114.373,1.037,5.688,0.006,0.007,-70.132,0.83,3.75,0.094,0.008,-61.674,0.46,6.127,0.023,0.006,-110.368,1.012,11.329,0.003,0.01,-18.292,1.149
153,6549,45907197_1450,11/17/2023 1:56,24.5,2,QPLog 10-1631 (16) rev16,TRUE,,GD,No Defect,Not Done,Pass,,Not Done,Pass,,Pass,300_FW,none,0,,12,2015,Pass,,,2.165,2.302,3.007,3.117,3.145,3.323,3.371,4.039,4.207,4.262,4.359,4.706,5.053,5.178,5.513,5.978,6.09,6.239,6.611,6.942,7.148,8.287,8.366,5.12,5.691,3.749,6.13,11.328,2.165,0.418,0.009,-63.141,0.247,2.302,0.448,0.009,-95.076,0.265,3.007,0.097,0.006,-127.171,0.488,3.117,0.266,0.006,-168.459,0.542,3.145,0.019,0.004,-226.393,0.877,3.323,0.062,0.006,-95.413,0.535,3.371,0.052,0.007,-74.393,0.494,4.039,0.048,0.005,-143.364,0.784,4.207,0.063,0.006,-135.753,0.659,4.262,0.086,0.006,-159.103,0.725,4.359,0.085,0.006,-92.321,0.749,4.706,0.071,0.008,-92.861,0.614,5.053,0.123,0.008,-62.813,0.618,5.178,0.069,0.007,-91.845,0.734,5.513,0.049,0.006,-143.276,0.992,5.978,0.038,0.006,-156.64,0.962,6.09,0.004,0.005,-97.538,1.202,6.239,0.052,0.005,-170.557,1.165,6.611,0.016,0.007,-45.534,0.891,6.942,0.006,0.002,-15.904,3.467,7.148,0.053,0.008,-79.42,0.901,8.287,0.01,0.011,-35.869,0.769,8.366,0.013,0.008,-49.576,1.066,5.12,0.034,0.004,-206.284,1.258,5.691,0.011,0.006,-128.005,0.97,3.749,0.087,0.007,-86.034,0.571,6.13,0.022,0.006,-127.965,1.096,11.328,0.004,0.012,-18.638,0.971
55,6551,45217029_355,11/22/2022 20:23,22.7,2,,TRUE,,GD,No Defect,Not Done,Pass,Green,Not Done,Pass,Green,Pass,100_LVL (old),none,,,12,2015,Pass,,,2.163,2.289,3.019,3.119,3.152,3.315,3.37,4.038,4.197,4.256,4.336,4.714,5.044,5.177,5.512,5.976,6.036,6.233,6.609,6.917,7.144,8.285,8.369,5.1,5.687,3.754,6.119,11.322,2.163,0.032,0.011,-40.388,0.198,2.289,0.026,0.007,-55.896,0.328,3.019,0.006,0.01,-45.233,0.309,3.119,0.022,0.009,-50.562,0.339,3.152,0.011,0.004,-132.919,0.772,3.315,0.011,0.006,-68.13,0.531,3.37,0.003,0.007,-28.735,0.454,4.038,0.007,0.004,-45.186,1.049,4.197,0.005,0.006,-93.504,0.731,4.256,0.006,0.009,-39.031,0.496,4.336,0.006,0.008,-31.233,0.518,4.714,0.005,0.006,-36.517,0.817,5.044,0.011,0.009,-35.24,0.563,5.177,0.003,0.003,-31.089,1.957,5.512,0.015,0.005,-128.36,1.099,5.976,0.004,0.002,-53.635,3.808,6.036,0.003,0.009,-28.504,0.678,6.233,0.029,0.008,-55.768,0.767,6.609,0.001,0.005,-100.684,1.4,6.917,0.004,0.004,-27.797,1.584,7.144,0.038,0.011,-22.448,0.635,8.285,0.006,0.01,-12.613,0.81,8.369,0.004,0.01,-14.529,0.862,5.1,0.006,0.005,-105.632,1.124,5.687,0.012,0.005,-104.649,1.036,3.754,0.016,0.007,-57.125,0.535,6.119,0.036,0.01,-81.396,0.639,11.322,0.007,0.008,-27.541,1.343
152,6551,45894407_1450,11/16/2023 18:01,22.3,2,QPLog 10-1631 (16) rev17,TRUE,,GD,No Defect,Pass,Pass,,Not Done,Pass,,Pass,110_LVL (new),none,0,,12,2015,Pass,,,2.164,2.302,3.019,3.121,3.151,3.316,3.368,4.036,4.197,4.254,4.355,4.711,5.044,5.162,5.511,5.979,6.035,6.23,6.609,6.952,7.148,8.285,8.372,5.1,5.684,3.754,6.117,11.322,2.164,0.054,0.004,-49.157,0.493,2.302,0.068,0.011,-43.359,0.217,3.019,0.121,0.006,-114.15,0.468,3.121,0.338,0.009,-107.169,0.357,3.151,0.025,0.005,-193.048,0.633,3.316,0.138,0.006,-161.025,0.567,3.368,0.05,0.007,-89.625,0.51,4.036,0.1,0.006,-117.38,0.638,4.197,0.053,0.006,-180.882,0.685,4.254,0.121,0.006,-136.23,0.709,4.355,0.089,0.007,-99.486,0.619,4.711,0.077,0.007,-119.103,0.664,5.044,0.128,0.01,-66.319,0.49,5.162,0.092,0.008,-79.114,0.672,5.511,0.036,0.004,-128.229,1.23,5.979,0.09,0.006,-159.76,1,6.035,0.089,0.005,-175.982,1.107,6.23,0.053,0.006,-116.384,1,6.609,0.021,0.006,-93.962,1.066,6.952,0.019,0.01,-50.494,0.73,7.148,0.125,0.008,-78.213,0.946,8.285,0.017,0.009,-20.878,0.874,8.372,0.034,0.011,-32.805,0.766,5.1,0.053,0.006,-158.427,0.854,5.684,0.007,0.004,-113.533,1.344,3.754,0.1,0.009,-50.275,0.413,6.117,0.042,0.006,-106.797,1.048,11.322,0.001,0.006,-21.786,1.839
3,6551,44530128_1450,10/13/2021 21:38,25.3,2,Failed Sort COL1-001 OB 10-1631_PIK_SORT rev10  10/13/21 12:04,TRUE,,GD,No Defect,Pass,Pass,Green,Pass,Pass,Green,Pass,100_LVL (old),_none,,,12,15,Pass,,,2.153,2.29,3.009,3.112,3.143,3.305,3.361,4.024,4.183,4.242,4.34,4.699,5.027,5.148,5.497,5.961,6.018,6.217,6.594,6.889,7.125,8.26,8.349,5.081,5.667,3.743,6.101,11.287,2.153,0.078,0.014,-49.32,0.155,2.29,0.066,0.005,-141.673,0.464,3.009,0.023,0.01,-68.318,0.294,3.112,0.058,0.009,-54.796,0.335,3.143,0.02,0.005,-128.79,0.579,3.305,0.022,0.008,-84.207,0.436,3.361,0.012,0.008,-53.544,0.411,4.024,0.017,0.01,-38.266,0.413,4.183,0.014,0.006,-130.35,0.657,4.242,0.026,0.008,-64.246,0.517,4.34,0.021,0.008,-64.606,0.558,4.699,0.015,0.009,-72.294,0.551,5.027,0.037,0.009,-65.215,0.582,5.148,0.02,0.008,-52.957,0.664,5.497,0.009,0.008,-67.573,0.723,5.961,0.014,0.009,-46.12,0.637,6.018,0.012,0.011,-34.385,0.57,6.217,0.115,0.008,-86.788,0.809,6.594,0.031,0.008,-58.088,0.788,6.889,0.014,0.006,-45.032,1.125,7.125,0.113,0.014,-23.533,0.493,8.26,0.03,0.014,-17.745,0.573,8.349,0.037,0.014,-21.25,0.602,5.081,0.013,0.006,-160.655,0.913,5.667,0.013,0.009,-61.333,0.61,3.743,0.041,0.008,-68.58,0.465,6.101,0.013,0.007,-72.966,0.825,11.287,0.006,0.01,-29.405,1.082
55,6551,45217029_355,11/22/2022 20:23,22.7,2,,TRUE,,GD,No Defect,Not Done,Pass,Green,Not Done,Pass,Green,Pass,100_LVL (old),none,,,12,2015,Pass,,,2.163,2.289,3.019,3.119,3.152,3.315,3.37,4.038,4.197,4.256,4.336,4.714,5.044,5.177,5.512,5.976,6.036,6.233,6.609,6.917,7.144,8.285,8.369,5.1,5.687,3.754,6.119,11.322,2.163,0.032,0.011,-40.388,0.198,2.289,0.026,0.007,-55.896,0.328,3.019,0.006,0.01,-45.233,0.309,3.119,0.022,0.009,-50.562,0.339,3.152,0.011,0.004,-132.919,0.772,3.315,0.011,0.006,-68.13,0.531,3.37,0.003,0.007,-28.735,0.454,4.038,0.007,0.004,-45.186,1.049,4.197,0.005,0.006,-93.504,0.731,4.256,0.006,0.009,-39.031,0.496,4.336,0.006,0.008,-31.233,0.518,4.714,0.005,0.006,-36.517,0.817,5.044,0.011,0.009,-35.24,0.563,5.177,0.003,0.003,-31.089,1.957,5.512,0.015,0.005,-128.36,1.099,5.976,0.004,0.002,-53.635,3.808,6.036,0.003,0.009,-28.504,0.678,6.233,0.029,0.008,-55.768,0.767,6.609,0.001,0.005,-100.684,1.4,6.917,0.004,0.004,-27.797,1.584,7.144,0.038,0.011,-22.448,0.635,8.285,0.006,0.01,-12.613,0.81,8.369,0.004,0.01,-14.529,0.862,5.1,0.006,0.005,-105.632,1.124,5.687,0.012,0.005,-104.649,1.036,3.754,0.016,0.007,-57.125,0.535,6.119,0.036,0.01,-81.396,0.639,11.322,0.007,0.008,-27.541,1.343
34,8036,44890077_1450,5/23/2022 16:30,24.5,2,QPLog 10-1631 (16) rev10,TRUE,,UN,,Not Done,Not Done,,Not Done,Pass,,Not Done,300_FW,,,,0,0,Pass,,,2.198,2.307,3.024,3.14,3.172,3.314,3.412,4.083,4.204,4.284,4.354,4.722,5.075,5.212,5.537,6.013,6.074,6.272,6.659,6.966,7.178,8.311,8.423,5.125,5.71,3.757,6.165,11.396,2.198,0.082,0.009,-42.636,0.244,2.307,0.099,0.009,-48.87,0.244,3.024,0.018,0.01,-66.742,0.308,3.14,0.044,0.006,-182.412,0.548,3.172,0.031,0.008,-74.446,0.389,3.314,0.026,0.006,-128.725,0.578,3.412,0.009,0.009,-46.541,0.369,4.083,0.013,0.006,-119.012,0.68,4.204,0.014,0.006,-207.579,0.763,4.284,0.017,0.006,-188.829,0.732,4.354,0.028,0.006,-125.116,0.728,4.722,0.02,0.008,-89.396,0.619,5.075,0.035,0.008,-73.472,0.605,5.212,0.016,0.008,-65.415,0.66,5.537,0.012,0.006,-135.911,0.987,6.013,0.029,0.006,-138.492,0.989,6.074,0.025,0.004,-127.201,1.356,6.272,0.016,0.006,-140.17,1.122,6.659,0.005,0.007,-51.005,0.892,6.966,0.005,0.005,-75.806,1.464,7.178,0.027,0.008,-77.453,0.933,8.311,0.004,0.009,-30.658,0.961,8.423,0.051,0.009,-60.386,0.946,5.125,0.004,0.003,-116.1,1.507,5.71,0.014,0.006,-133.325,0.918,3.757,0.024,0.007,-78.491,0.515,6.165,0.009,0.007,-85.76,0.921,11.396,0.008,0.013,-16.521,0.897
91,8036,45447508_1450,3/24/2023 21:00,20.2,2,QPLog 10-1631 (16) rev16,TRUE,,GD,No Defect,Pass,Pass,Green,Not Done,Pass,Green,Pass,400_LA (new),none,,,8,2017,Pass,,,2.187,2.308,3.02,3.139,3.171,3.315,3.412,4.081,4.205,4.284,4.356,4.723,5.076,5.213,5.538,6.014,6.076,6.271,6.657,6.967,7.18,8.313,8.422,5.14,0,3.76,6.165,11.396,2.187,0.229,0.01,-37.866,0.229,2.308,0.238,0.014,-42.058,0.166,3.02,0.078,0.007,-43.442,0.408,3.139,0.198,0.007,-139.124,0.433,3.171,0.135,0.008,-66.978,0.394,3.315,0.117,0.006,-109.804,0.52,3.412,0.063,0.011,-47.797,0.317,4.081,0.058,0.006,-156.462,0.716,4.205,0.063,0.006,-212.262,0.712,4.284,0.099,0.006,-207.922,0.717,4.356,0.194,0.006,-140.994,0.742,4.723,0.108,0.007,-111.274,0.71,5.076,0.148,0.009,-55.06,0.545,5.213,0.067,0.006,-81.412,0.934,5.538,0.076,0.006,-124.347,0.903,6.014,0.126,0.007,-134.74,0.91,6.076,0.125,0.005,-166.873,1.185,6.271,0.104,0.006,-158.911,1.072,6.657,0.021,0.008,-48.434,0.877,6.967,0.005,0.005,-72.466,1.478,7.18,0.157,0.008,-65.728,0.864,8.313,0.027,0.014,-30.926,0.589,8.422,0.035,0.008,-65.978,1.063,5.14,0.014,0.003,-126.977,1.563,0,0,0,0,0,3.76,0.153,0.007,-73.574,0.507,6.165,0.036,0.005,-88.071,1.356,11.396,0.004,0.007,-15.737,1.636
2,8060,44539676_1450,10/15/2021 20:53,24.4,2,Failed Sort COL1-001 OB 10-1631_PIK_SORT rev10  10/15/21 11:20,TRUE,,UN,No Defect,Pass,Not Done,,Not Done,Pass,,Not Done,100_LVL (old),,,,0,0,Pass,,,2.188,2.301,3.018,3.131,3.171,3.315,3.405,4.082,4.202,4.293,4.37,4.738,5.077,5.208,5.541,6.002,6.075,6.267,6.641,6.954,7.188,8.306,8.402,5.135,5.701,3.755,6.153,11.428,2.188,0.069,0.01,-43.372,0.219,2.301,0.072,0.008,-72.105,0.275,3.018,0.022,0.008,-48.996,0.365,3.131,0.041,0.006,-156.545,0.515,3.171,0.034,0.009,-52.433,0.358,3.315,0.023,0.007,-77.784,0.464,3.405,0.012,0.011,-44.414,0.32,4.082,0.012,0.01,-30.725,0.397,4.202,0.019,0.006,-146.248,0.673,4.293,0.013,0.01,-45.01,0.448,4.37,0.028,0.008,-64.199,0.526,4.738,0.018,0.007,-49.212,0.651,5.077,0.315,0.009,-65.93,0.574,5.208,0.015,0.01,-29.587,0.504,5.541,0.009,0.009,-48.513,0.6,6.002,0.011,0.011,-38.902,0.568,6.075,0.012,0.013,-20.717,0.46,6.267,0.011,0.01,-38.318,0.611,6.641,0.004,0.009,-29.287,0.715,6.954,0.019,0.006,-23.262,1.126,7.188,0.095,0.013,-19.349,0.56,8.306,0.017,0.009,-16.216,0.95,8.402,0.029,0.022,-8.979,0.387,5.135,0.043,0.005,-108.631,1.005,5.701,0.009,0.005,-13.323,1.201,3.755,0.046,0.008,-72.967,0.491,6.153,0.008,0.008,-60.119,0.758,11.428,0.017,0.015,-21.109,0.769
57,8060,45278392_1450,12/27/2022 20:51,20.5,2,QPLog 10-1631 (16) rev15,TRUE,,GD,No Defect,Not Done,Pass,Green,Not Done,Pass,Green,Pass,110_LVL (new),none,,,8,2017,Pass,,,2.186,2.311,3.018,3.131,3.166,3.314,3.404,4.078,4.2,4.293,4.367,4.737,5.077,5.206,5.54,6,6.074,6.264,6.638,6.949,7.19,8.33,8.405,5.131,5.704,3.754,6.151,11.425,2.186,0.097,0.003,-13.293,0.667,2.311,0.264,0.012,-15.233,0.198,3.018,0.102,0.01,-62.453,0.303,3.131,0.213,0.006,-195.152,0.551,3.166,0.188,0.01,-52.564,0.303,3.314,0.134,0.009,-97.747,0.386,3.404,0.055,0.005,-40.737,0.743,4.078,0.067,0.006,-136.052,0.676,4.2,0.076,0.006,-211.958,0.747,4.293,0.085,0.006,-169.511,0.694,4.367,0.143,0.006,-102.13,0.674,4.737,0.11,0.006,-102.629,0.732,5.077,0.193,0.009,-64.337,0.558,5.206,0.089,0.007,-92.294,0.763,5.54,0.051,0.007,-89.094,0.739,6,0.083,0.006,-190.579,1.017,6.074,0.131,0.007,-98.896,0.891,6.264,0.074,0.006,-108.576,0.978,6.638,0.019,0.008,-36.902,0.824,6.949,0.014,0.003,-10.886,2.394,7.19,0.125,0.008,-70.289,0.911,8.33,0.017,0.007,-17.857,1.151,8.405,0.042,0.009,-36.268,0.926,5.131,0.029,0.003,-241.947,1.688,5.704,0.007,0.007,-106.928,0.825,3.754,0.157,0.007,-124.143,0.506,6.151,0.036,0.006,-106.053,1.017,11.425,0.003,0.01,-15.94,1.096
44,8077,44963672_1450,7/18/2022 16:21,24.6,2,,TRUE,,GD,No Defect,Not Done,Pass,Green,Not Done,Pass,Green,Pass,100_LVL (old),none,,,8,2017,Pass,,,2.179,2.295,3.032,3.139,3.163,3.313,3.4,4.072,4.205,4.28,4.348,4.723,5.067,5.199,5.54,6,6.068,6.257,6.653,6.954,7.176,8.314,8.416,5.121,5.704,3.758,6.157,11.411,2.179,0.053,0.01,-57.348,0.214,2.295,0.047,0.008,-98.991,0.281,3.032,0.016,0.007,-74.673,0.407,3.139,0.035,0.006,-129.495,0.484,3.163,0.017,0.005,-121.626,0.691,3.313,0.013,0.007,-73.523,0.456,3.4,0.008,0.007,-63.154,0.49,4.072,0.01,0.007,-70.475,0.558,4.205,0.01,0.006,-162.101,0.718,4.28,0.013,0.007,-94.344,0.61,4.348,0.016,0.006,-92.352,0.67,4.723,0.01,0.008,-54.323,0.581,5.067,0.025,0.009,-58.985,0.587,5.199,0.012,0.006,-73.089,0.851,5.54,0.065,0.005,-148.192,1.044,6,0.008,0.007,-90.195,0.835,6.068,0.008,0.008,-54.696,0.767,6.257,0.009,0.006,-112.959,1.112,6.653,0.032,0.006,-122.802,1.071,6.954,0.001,0.004,-43.739,1.723,7.176,0.078,0.01,-35.887,0.686,8.314,0.017,0.007,-94.219,1.256,8.416,0.016,0.011,-34.985,0.781,5.121,0.004,0.004,-142.101,1.27,5.704,0.013,0.006,-151.224,0.934,3.758,0.029,0.006,-94.874,0.607,6.157,0.007,0.003,-171.933,2.227,11.411,0.033,0.01,-37.047,1.155
124,8077,45631989_1450,6/30/2023 16:57,25.7,2,QPLog 10-1631 (16) rev16,TRUE,,GD,No Defect,Not Done,Pass,Green,Not Done,Pass,Green,Pass,300_FW,none,,,0,0,Pass,,,2.17,2.314,3.033,3.14,3.172,3.315,3.399,4.071,4.206,4.28,4.349,4.723,5.069,5.201,5.541,6.003,6.069,6.258,6.655,6.992,7.177,8.321,8.418,0,5.704,3.758,6.145,11.411,2.17,0.191,0.011,-6.389,0.193,2.314,0.207,0.014,-10.507,0.164,3.033,0.089,0.006,-122.608,0.474,3.14,0.181,0.006,-142.745,0.512,3.172,0.015,0.002,-302.293,1.495,3.315,0.076,0.009,-80.847,0.389,3.399,0.038,0.007,-79.513,0.497,4.071,0.035,0.006,-114.067,0.707,4.206,0.043,0.006,-230.715,0.761,4.28,0.072,0.007,-145.783,0.639,4.349,0.063,0.006,-128.589,0.726,4.723,0.049,0.007,-100.843,0.704,5.069,0.112,0.009,-53.539,0.57,5.201,0.076,0.007,-81.063,0.744,5.541,0.042,0.006,-138.094,0.981,6.003,0.069,0.006,-226.78,1.067,6.069,0.078,0.005,-171.463,1.14,6.258,0.055,0.006,-154.529,1.125,6.655,0.017,0.008,-53.251,0.835,6.992,0.012,0.009,-54.877,0.818,7.177,0.075,0.007,-75.826,0.961,8.321,0.012,0.005,-98.644,1.551,8.418,0.013,0.008,-55.84,1.015,0,0,0,0,0,5.704,0.008,0.007,-109.583,0.841,3.758,0.092,0.005,-108.813,0.7,6.145,0.019,0.004,-126.436,1.487,11.411,0.005,0.013,-17.935,0.853
35,9015,44922359_1450,6/11/2022 20:50,24.8,2,QPLog 10-1631 (16) rev8,TRUE,,GD,No Defect,Pass,Pass,Green,Pass,Pass,Green,Pass,200_LA (old),none,,,8,2018,Pass,,,2.192,2.321,3.031,3.155,3.185,3.324,3.426,4.1,4.222,4.314,4.38,4.744,5.108,5.239,5.572,6.044,6.093,6.293,6.697,6.986,7.206,8.352,8.475,5.148,5.717,3.78,6.187,11.447,2.192,0.095,0.006,-33.658,0.371,2.321,0.134,0.013,-29.336,0.18,3.031,0.017,0.003,-41.04,1.056,3.155,0.051,0.006,-151.68,0.516,3.185,0.031,0.005,-147.688,0.687,3.324,0.031,0.007,-97.461,0.487,3.426,0.024,0.013,-52.616,0.271,4.1,0.009,0.002,-104.184,1.949,4.222,0.015,0.005,-184.282,0.876,4.314,0.035,0.005,-133.442,0.795,4.38,0.067,0.003,-109.885,1.308,4.744,0.042,0.008,-109.076,0.598,5.108,0.087,0.007,-72.559,0.754,5.239,0.025,0.008,-88.106,0.618,5.572,0.031,0.004,-155.175,1.409,6.044,0.052,0.006,-138.37,0.995,6.093,0.062,0.007,-140.203,0.905,6.293,0.033,0.006,-111.328,1.042,6.697,0.007,0.007,-58.253,1.01,6.986,0.003,0.006,-38.511,1.269,7.206,0.036,0.007,-76.794,1,8.352,0.012,0.01,-37.451,0.827,8.475,0.141,0.009,-50.737,0.899,5.148,0.011,0.004,-72.439,1.288,5.717,0.018,0.007,-163.724,0.791,3.78,0.039,0.008,-64.018,0.487,6.187,0.007,0.005,-92.41,1.342,11.447,0.023,0.017,-11.338,0.69
127,9015,45633942_1450,7/4/2023 16:06,25.4,2,QPLog 10-1631 (16) rev16,TRUE,,B3,No Defect,Not Done,Pass,Green,Pass,Pass,Green,Pass,300_FW,none,,,0,0,Fail,,,2.179,2.333,3.042,3.156,3.184,3.329,3.426,4.108,4.228,4.311,4.372,4.734,5.102,5.244,5.567,6.045,6.095,6.294,6.701,6.997,7.205,8.352,8.474,0,5.724,3.78,6.194,11.453,2.179,0.217,0.019,-14.062,0.115,2.333,0.168,0.022,-32.876,0.105,3.042,0.068,0.008,-93.879,0.389,3.156,0.137,0.006,-148.722,0.531,3.184,0.083,0.007,-92.215,0.488,3.329,0.075,0.008,-79.374,0.438,3.426,0.035,0.009,-60.929,0.369,4.108,0.049,0.006,-147.969,0.638,4.228,0.038,0.006,-224.969,0.746,4.311,0.075,0.006,-151.669,0.78,4.372,0.071,0.006,-110.629,0.697,4.734,0.051,0.006,-90.252,0.8,5.102,0.115,0.008,-81.929,0.676,5.244,0.06,0.007,-64.432,0.736,5.567,0.037,0.005,-124.873,1.138,6.045,0.112,0.006,-148.655,1.08,6.095,0.065,0.005,-207.529,1.225,6.294,0.045,0.005,-156.056,1.16,6.701,0.018,0.007,-89.366,1.029,6.997,0.006,0.006,-53.838,1.255,7.205,0.064,0.008,-76.771,0.889,8.352,0.01,0.017,-25.774,0.496,8.474,0.014,0.008,-48.527,1.008,0,0,0,0,0,5.724,0.009,0.006,-111.203,0.939,3.78,0.077,0.006,-81.33,0.601,6.194,0.029,0.006,-109.596,1.029,11.453,0.007,0.011,-24.456,1.081
36,9065,000_000,6/22/2022 15:27,27.2,2,,TRUE,,UN,,Not Done,Not Done,,Not Done,Pass,,Not Done,300_FW,,,,0,0,Pass,,,2.194,2.308,3.022,3.139,3.18,3.322,3.421,4.104,4.215,4.307,4.386,4.747,5.097,5.234,5.551,6.026,6.091,6.283,6.666,6.965,7.199,8.346,8.427,5.142,5.711,3.761,6.177,11.441,2.194,0.082,0.007,-70.573,0.323,2.308,0.101,0.008,-102.705,0.281,3.022,0.018,0.006,-105.77,0.487,3.139,0.029,0.006,-179.842,0.541,3.18,0.026,0.007,-76.881,0.426,3.322,0.02,0.006,-113.019,0.563,3.421,0.007,0.01,-37.822,0.358,4.104,0.012,0.008,-83.392,0.541,4.215,0.011,0.005,-185.735,0.822,4.307,0.008,0.006,-142.537,0.782,4.386,0.017,0.006,-118.539,0.69,4.747,0.016,0.007,-91.356,0.68,5.097,0.027,0.008,-73.19,0.613,5.234,0.015,0.005,-98.328,0.957,5.551,0.006,0.006,-79.364,0.987,6.026,0.024,0.005,-173.451,1.138,6.091,0.021,0.006,-140.722,1.08,6.283,0.014,0.005,-137.041,1.193,6.666,0.005,0.006,-68.62,1.045,6.965,0.002,0.004,-14.392,1.865,7.199,0.02,0.007,-78.356,1.004,8.346,0.03,0.012,-41.707,0.702,8.427,0.04,0.012,-33.937,0.708,5.142,0.007,0.004,-167.906,1.262,5.711,0.008,0.009,-69.203,0.646,3.761,0.016,0.005,-59.299,0.807,6.177,0.007,0.006,-96.886,1.053,11.441,0.006,0.011,-16.238,1.018
92,9065,45459487_1450,4/1/2023 17:17,21.4,2,QPLog 10-1631 (16) rev16,TRUE,,GD,No Defect,Pass,Pass,Green,Not Done,Pass,Green,Pass,400_LA (new),none,,,9,2018,Pass,,,2.173,2.296,3.018,3.137,3.181,3.323,3.419,4.105,4.216,4.308,4.387,4.744,5.095,5.234,5.548,6.026,6.09,6.28,6.661,6.966,7.197,8.342,8.423,5.144,5.709,3.762,6.175,11.437,2.173,0.242,0.004,-10.404,0.494,2.296,0.156,0.005,-44.815,0.435,3.018,0.078,0.015,-30.439,0.203,3.137,0.185,0.006,-144.279,0.505,3.181,0.168,0.01,-48.468,0.318,3.323,0.136,0.006,-122.882,0.52,3.419,0.037,0.013,-37.919,0.273,4.105,0.081,0.008,-106.957,0.533,4.216,0.061,0.005,-228.221,0.792,4.308,0.045,0.006,-155.051,0.732,4.387,0.094,0.006,-116.063,0.765,4.744,0.068,0.008,-94.81,0.605,5.095,0.106,0.012,-37.043,0.409,5.234,0.087,0.006,-43.744,0.951,5.548,0.023,0.006,-121.751,0.938,6.026,0.108,0.006,-114.796,0.96,6.09,0.096,0.006,-122.183,1.065,6.28,0.079,0.006,-149.071,1.1,6.661,0.012,0.009,-43.539,0.726,6.966,0.009,0.003,-23.339,2.048,7.197,0.095,0.007,-72.011,1.03,8.342,0.017,0.009,-25.424,0.94,8.423,0.019,0.011,-34.446,0.776,5.144,0.044,0.006,-133.516,0.914,5.709,0.008,0.004,-42.817,1.307,3.762,0.103,0.007,-46.632,0.547,6.175,0.041,0.007,-93.707,0.89,11.437,0.001,0.008,-11.895,1.394
13,9066,44855001_355,5/17/2022 19:45,24.3,2,,TRUE,,UN,,Not Done,Not Done,,Not Done,Pass,,Not Done,100_LVL (old),,,,0,0,Pass,,,2.19,2.304,3.016,3.137,3.185,3.319,3.428,4.11,4.214,4.304,4.385,4.746,5.097,5.23,5.532,6.018,6.08,6.279,6.658,6.985,7.191,8.336,8.426,5.136,5.712,3.76,6.172,11.421,2.19,0.029,0.009,-44.961,0.236,2.304,0.022,0.01,-56.746,0.234,3.016,0.007,0.007,-39.171,0.432,3.137,0.018,0.006,-111.665,0.542,3.185,0.012,0.01,-30.945,0.33,3.319,0.01,0.007,-51.662,0.463,3.428,0.004,0.008,-19.316,0.413,4.11,0.005,0.009,-28,0.441,4.214,0.005,0.006,-106.377,0.689,4.304,0.004,0.005,-26.032,0.9,4.385,0.009,0.007,-47.28,0.592,4.746,0.007,0.008,-40.238,0.578,5.097,0.015,0.009,-36.187,0.587,5.23,0.007,0.004,-35.445,1.193,5.532,0.005,0.002,-24.675,3.592,6.018,0.004,0.002,-29.189,3.983,6.08,0.005,0.005,-46.503,1.146,6.279,0.004,0.006,-45.044,1.03,6.658,0,0.005,-73.533,1.306,6.985,0.002,0.009,-54.44,0.749,7.191,0.037,0.012,-20.485,0.581,8.336,0.005,0.005,-11.279,1.524,8.426,0.003,0.006,-31.789,1.357,5.136,0.003,0.003,-119.416,1.569,5.712,0.006,0.007,-98.731,0.796,3.76,0.121,0.009,-62.384,0.44,6.172,0.004,0.004,-62.25,1.421,11.421,0.018,0.01,-20.201,1.091
94,9066,45481233_1450,4/12/2023 23:37,25.2,2,QPLog 10-1631 (16) rev15,TRUE,,B3,No Defect,Pass,Pass,Green,Pass,Pass,Green,Pass,300_FW,none,,,9,2018,Pass,,,2.179,2.296,3.018,3.138,3.183,3.323,3.427,4.107,4.216,4.304,4.386,4.746,5.099,5.234,5.553,6.028,6.084,6.282,6.661,6.962,7.195,8.342,8.431,5.138,5.719,3.765,6.175,11.421,2.179,0.222,0.01,-13.421,0.212,2.296,0.16,0.004,-63.705,0.537,3.018,0.087,0.006,-113.452,0.513,3.138,0.124,0.006,-160.444,0.518,3.183,0.121,0.007,-92.037,0.472,3.323,0.085,0.008,-70.863,0.407,3.427,0.037,0.009,-46.606,0.373,4.107,0.059,0.007,-106.642,0.6,4.216,0.039,0.006,-229.412,0.752,4.304,0.034,0.006,-180.72,0.764,4.386,0.061,0.006,-117.739,0.719,4.746,0.052,0.007,-90.769,0.682,5.099,0.115,0.009,-55.089,0.59,5.234,0.067,0.008,-79.405,0.692,5.553,0.046,0.005,-154.389,1.074,6.028,0.089,0.006,-156.288,1.09,6.084,0.017,0.004,-173.563,1.61,6.282,0.049,0.006,-109.318,0.994,6.661,0.016,0.007,-72.903,0.955,6.962,0.007,0.006,-64.07,1.212,7.195,0.067,0.008,-64.936,0.876,8.342,0.007,0.015,-29.91,0.568,8.431,0.013,0.01,-37.13,0.83,5.138,0.03,0.004,-241.645,1.338,5.719,0.007,0.005,-104.034,1.074,3.765,0.042,0.003,-40.794,1.31,6.175,0.031,0.005,-126.825,1.13,11.421,0.005,0.012,-16.74,0.93
49,9083,45020021_11846,8/11/2022 20:17,25.6,2,,TRUE,,GD,No Defect,Not Done,Pass,Green,Not Done,Pass,Green,Pass,100_LVL (old),none,,,9,2018,Pass,,,2.173,2.293,3.025,3.135,3.163,3.319,3.397,4.079,4.213,4.294,4.375,4.735,5.084,5.211,5.547,6.014,6.078,6.259,6.649,6.96,7.183,8.322,8.404,5.135,5.704,3.759,6.159,11.416,2.173,0.031,0.009,-39.692,0.249,2.293,0.034,0.01,-84.913,0.237,3.025,0.006,0.008,-51.409,0.361,3.135,0.022,0.006,-100.755,0.517,3.163,0.012,0.009,-48.187,0.334,3.319,0.008,0.009,-39.716,0.377,3.397,0.004,0.009,-32.794,0.383,4.079,0.009,0.007,-60.163,0.606,4.213,0.007,0.006,-105.566,0.658,4.294,0.006,0.006,-82.837,0.761,4.375,0.082,0.006,-85.203,0.686,4.735,0.007,0.008,-44.127,0.589,5.084,0.018,0.008,-48.834,0.643,5.211,0.12,0.006,-115.61,0.941,5.547,0.016,0.005,-130.419,1.048,6.014,0.009,0.005,-109.492,1.284,6.078,0.007,0.006,-70.897,1.04,6.259,0.063,0.005,-181.85,1.24,6.649,0.001,0.006,-83.825,1.169,6.96,0.006,0.003,-23.037,2.399,7.183,0.066,0.008,-52.815,0.875,8.322,0.01,0.008,-21.199,1.095,8.404,0.007,0.01,-24.375,0.831,5.135,0.002,0.005,-92.341,0.987,5.704,0.008,0.006,-88.058,0.992,3.759,0.017,0.006,-101.436,0.631,6.159,0.007,0.005,-100.979,1.308,11.416,0.021,0.009,-25.41,1.231
133,9083,45706689_1450,8/14/2023 16:01,23.2,2,QPLog 10-1631 (16) rev16,TRUE,,GD,No Defect,Not Done,Pass,Green,Not Done,Pass,Green,Pass,110_LVL (new),none,,,9,2018,Pass,,,2.173,2.304,3.026,3.134,3.161,3.318,3.401,4.073,4.213,4.299,4.383,4.739,5.092,5.209,5.551,6.014,6.082,6.258,6.648,6.963,7.184,8.313,8.411,5.15,5.703,3.76,6.137,11.411,2.173,0.2,0.013,-28.471,0.173,2.304,0.401,0.012,-58.499,0.187,3.026,0.072,0.008,-95.047,0.395,3.134,0.146,0.006,-158.476,0.515,3.161,0.045,0.005,-134.85,0.632,3.318,0.072,0.008,-95.674,0.426,3.401,0.073,0.009,-57.653,0.373,4.073,0.016,0.008,-76.813,0.509,4.213,0.052,0.006,-174.328,0.667,4.299,0.085,0.006,-131.434,0.747,4.383,0.153,0.007,-71.255,0.592,4.739,0.131,0.007,-110.688,0.672,5.092,0.202,0.009,-63.418,0.582,5.209,0.057,0.006,-96.867,0.915,5.551,0.082,0.009,-107.809,0.631,6.014,0.064,0.005,-139.955,1.118,6.082,0.106,0.006,-115.531,0.978,6.258,0.067,0.008,-75.412,0.799,6.648,0.018,0.006,-72.146,1.061,6.963,0.009,0.003,-24.36,2.668,7.184,0.095,0.008,-83.309,0.953,8.313,0.011,0.003,-14.572,3.113,8.411,0.027,0.02,-17.236,0.414,5.15,0.026,0.003,-175.581,1.529,5.703,0.003,0.005,-73.388,1.249,3.76,0.086,0.011,-47.873,0.346,6.137,0.009,0.002,-54.959,3.622,11.411,0.008,0.015,-13.267,0.738
50,B0068,44947404_1450,8/4/2022 15:27,24.3,2,,TRUE,,GD,No Defect,Not Done,Pass,Green,Not Done,Pass,Green,Pass,100_LVL (old),none,,,6,2019,Pass,,,2.189,2.297,3.032,3.152,3.186,3.309,3.423,4.099,4.199,4.293,4.351,4.715,5.064,5.228,5.531,5.988,6.067,6.283,6.707,7.02,7.153,8.29,8.467,5.117,5.703,3.764,6.175,11.393,2.189,0.026,0.01,-36.239,0.213,2.297,0.018,0.007,-50.969,0.325,3.032,0.006,0.007,-54.534,0.411,3.152,0.015,0.006,-89.718,0.527,3.186,0.01,0.005,-59.771,0.596,3.309,0.008,0.008,-50.186,0.419,3.423,0.003,0.007,-24.079,0.469,4.099,0.005,0.006,-75.347,0.698,4.199,0.005,0.005,-100.732,0.77,4.293,0.007,0.005,-87.134,0.952,4.351,0.107,0.006,-94.821,0.72,4.715,0.007,0.007,-51.961,0.666,5.064,0.019,0.008,-48.812,0.65,5.228,0.106,0.006,-71.473,0.866,5.531,0.012,0.006,-137.929,0.989,5.988,0.01,0.007,-64.586,0.895,6.067,0.005,0.004,-113.163,1.384,6.283,0.007,0.005,-109.998,1.303,6.707,0.001,0.004,-92.698,1.563,7.02,0.002,0.008,-43.14,0.918,7.153,0.066,0.009,-42.087,0.805,8.29,0.014,0.011,-19.26,0.771,8.467,0.005,0.008,-33.194,1.024,5.117,0.003,0.004,-107.28,1.26,5.703,0.019,0.005,-202.906,1.239,3.764,0.13,0.007,-80.185,0.511,6.175,0.006,0.005,-87.505,1.246,11.393,0.004,0.009,-23.604,1.325
137,B0068,45707768_1450,8/15/2023 19:24,23.7,2,QPLog 10-1631 (16) rev16,TRUE,,GD,No Defect,Not Done,Pass,,Not Done,Pass,,Pass,110_LVL (new),none,,,6,2019,Pass,,,2.191,2.301,3.033,3.152,3.185,3.309,3.422,4.096,4.198,4.293,4.352,4.712,5.064,5.224,5.529,5.987,6.064,6.28,6.7,7.016,7.152,8.288,8.463,0,5.698,3.764,6.173,11.388,2.191,0.268,0.009,-58.39,0.243,2.301,0.284,0.01,-55.074,0.234,3.033,0.09,0.006,-128.175,0.481,3.152,0.139,0.005,-214.383,0.592,3.185,0.112,0.005,-153.037,0.63,3.309,0.092,0.006,-147.246,0.537,3.422,0.035,0.008,-52.498,0.424,4.096,0.038,0.006,-130.692,0.682,4.198,0.043,0.006,-197.595,0.728,4.293,0.061,0.006,-155.879,0.779,4.352,0.099,0.007,-91.85,0.613,4.712,0.087,0.006,-108.846,0.767,5.064,0.137,0.008,-71.22,0.637,5.224,0.06,0.005,-102.811,1.011,5.529,0.043,0.006,-138.574,0.857,5.987,0.078,0.007,-117.061,0.871,6.064,0.046,0.005,-215.43,1.306,6.28,0.044,0.006,-105.374,0.991,6.7,0.016,0.008,-44.994,0.852,7.016,0.018,0.01,-53.709,0.686,7.152,0.086,0.01,-51.205,0.74,8.288,0.035,0.01,-35.902,0.805,8.463,0.016,0.008,-50.278,0.999,0,0,0,0,0,5.698,0.006,0.006,-71.78,1.029,3.764,0.095,0.009,-57.858,0.42,6.173,0.023,0.006,-79.349,1.089,11.388,0.001,0.008,-13.538,1.421
37,B0276,44907132_1450,6/5/2022 15:13,26.1,2,QPLog 10-1631 (16) rev12,TRUE,,UN,,Not Done,Not Done,,Not Done,Pass,,Not Done,300_FW,,,,0,0,Pass,,,2.201,2.308,3.024,3.148,3.192,3.316,3.431,4.107,4.21,4.298,4.346,4.733,5.072,5.24,5.536,5.998,6.075,6.289,6.695,7.008,7.161,8.302,8.457,5.127,5.704,3.761,6.18,11.397,2.201,0.067,0.016,-58.315,0.138,2.308,0.066,0.009,-90.168,0.257,3.024,0.014,0.009,-45.575,0.344,3.148,0.028,0.005,-190.646,0.582,3.192,0.022,0.006,-122.151,0.551,3.316,0.017,0.006,-118.462,0.574,3.431,0.006,0.011,-47.157,0.312,4.107,0.007,0.008,-64.096,0.517,4.21,0.011,0.005,-203.576,0.787,4.298,0.015,0.006,-140.035,0.732,4.346,0.028,0.007,-106.2,0.664,4.733,0.01,0.004,-103.08,1.223,5.072,0.025,0.009,-66.582,0.568,5.24,0.011,0.006,-74.695,0.913,5.536,0.062,0.006,-133.663,0.95,5.998,0.021,0.006,-138.337,1.007,6.075,0.007,0.004,-198.588,1.36,6.289,0.008,0.005,-128.336,1.154,6.695,0.004,0.008,-29.857,0.806,7.008,0.003,0.009,-36.829,0.755,7.161,0.155,0.008,-63.395,0.848,8.302,0.042,0.009,-31.541,0.924,8.457,0.023,0.009,-48.373,0.898,5.127,0.002,0.002,-26.203,2.142,5.704,0.006,0.008,-84.861,0.754,3.761,0.015,0.007,-36.497,0.572,6.18,0.008,0.006,-88.67,1.009,11.397,0.008,0.014,-13.897,0.794
95,B0276,45521386_1450,5/8/2023 18:41,23.3,2,QPLog 10-1631 (16) rev18,TRUE,,GD,No Defect,Pass,Pass,Green,Not Done,Pass,Green,Pass,400_LA (new),none,,,9,2019,Pass,,,2.19,2.301,3.024,3.149,3.192,3.318,3.43,4.108,4.21,4.298,4.348,4.728,5.071,5.222,5.535,5.997,6.055,6.287,6.693,7.005,7.162,8.304,8.453,5.143,5.705,3.766,6.18,11.393,2.19,0.054,0.006,-43.659,0.344,2.301,0.037,0.007,-70.707,0.345,3.024,0.173,0.01,-33.77,0.295,3.149,0.172,0.007,-95.153,0.444,3.192,0.19,0.009,-53.225,0.358,3.318,0.117,0.006,-96.746,0.542,3.43,0.039,0.01,-37.834,0.336,4.108,0.056,0.007,-122.04,0.579,4.21,0.054,0.005,-190.028,0.849,4.298,0.079,0.008,-135.279,0.561,4.348,0.163,0.008,-96.872,0.521,4.728,0.065,0.006,-140.445,0.748,5.071,0.126,0.008,-68.785,0.611,5.222,0.013,0.002,-28.982,3.242,5.535,0.026,0.006,-117.126,0.979,5.997,0.122,0.006,-122.705,0.952,6.055,0.08,0.006,-138.491,1.029,6.287,0.052,0.006,-131.052,1.085,6.693,0.019,0.007,-57.163,0.946,7.005,0.025,0.009,-60.524,0.814,7.162,0.121,0.009,-54.064,0.842,8.304,0.045,0.006,-66.716,1.466,8.453,0.018,0.009,-56.044,0.954,5.143,0.008,0.004,-81.836,1.349,5.705,0.013,0.006,-71.741,0.958,3.766,0.126,0.011,-79.717,0.346,6.18,0.056,0.007,-75.686,0.83,11.393,0.004,0.007,-19.558,1.711
38,D0088,44933374_1450,6/18/2022 17:47,25.9,2,,TRUE,,UN,,Not Done,Not Done,,Not Done,Pass,,Not Done,300_FW,,,,0,0,Pass,,,2.193,2.305,3.035,3.149,3.18,3.312,3.416,4.085,4.2,4.281,4.349,4.718,5.06,5.218,5.525,5.993,6.066,6.28,6.686,7.013,7.153,8.287,8.456,5.117,5.688,3.764,6.166,11.374,2.193,0.089,0.006,-67.489,0.367,2.305,0.095,0.012,-40.013,0.185,3.035,0.017,0.008,-74.879,0.398,3.149,0.05,0.006,-167.253,0.543,3.18,0.027,0.005,-150.789,0.679,3.312,0.023,0.008,-70.746,0.436,3.416,0.008,0.009,-54.536,0.376,4.085,0.011,0.007,-75.311,0.545,4.2,0.013,0.006,-173.248,0.746,4.281,0.015,0.006,-132.6,0.754,4.349,0.027,0.007,-107.908,0.637,4.718,0.022,0.007,-102.233,0.659,5.06,0.031,0.009,-67.867,0.559,5.218,0.019,0.007,-88.573,0.708,5.525,0.012,0.005,-141.793,1.097,5.993,0.031,0.006,-120.026,0.971,6.066,0.011,0.004,-196.232,1.628,6.28,0.014,0.006,-121.163,1.111,6.686,0.004,0.008,-37.624,0.88,7.013,0.004,0.009,-42.312,0.765,7.153,0.022,0.008,-73.112,0.904,8.287,0.007,0.009,-42.087,0.953,8.456,0.003,0.009,-31.997,0.969,5.117,0.004,0.004,-122.289,1.323,5.688,0.013,0.007,-55.1,0.765,3.764,0.215,0.008,-81.694,0.499,6.166,0.009,0.006,-87.7,1.036,11.374,0.002,0.008,-12.59,1.344
132,D0088,45673631_1450,7/28/2023 19:21,24.3,2,QPLog 10-1631 (16) rev16,TRUE,,GD,No Defect,Not Done,Pass,Green,Not Done,Pass,Green,Pass,110_LVL (new),none,,,10,2018,Pass,,,2.193,2.303,3.036,3.147,3.178,3.312,3.411,4.082,4.198,4.279,4.348,4.716,5.059,5.216,5.522,5.99,6.064,6.278,6.684,7.009,7.15,8.284,8.453,5.117,5.686,3.763,6.163,11.37,2.193,0.286,0.005,-44.15,0.407,2.303,0.41,0.013,-42.379,0.184,3.036,0.112,0.006,-135.031,0.496,3.147,0.198,0.006,-143.51,0.494,3.178,0.117,0.005,-151.92,0.671,3.312,0.113,0.006,-118.266,0.56,3.411,0.046,0.009,-49.133,0.393,4.082,0.049,0.006,-104.468,0.693,4.198,0.066,0.005,-256.129,0.81,4.279,0.073,0.006,-118.338,0.736,4.348,0.143,0.007,-101.724,0.664,4.716,0.116,0.007,-129.525,0.686,5.059,0.185,0.008,-78.107,0.637,5.216,0.095,0.006,-120.377,0.936,5.522,0.063,0.005,-169.159,1.042,5.99,0.129,0.007,-102.259,0.895,6.064,0.051,0.004,-236.65,1.428,6.278,0.055,0.007,-76.722,0.91,6.684,0.016,0.007,-49.038,0.91,7.009,0.024,0.01,-46.979,0.719,7.15,0.114,0.009,-50.329,0.754,8.284,0.05,0.009,-43.186,0.914,8.453,0.021,0.009,-47.035,0.954,5.117,0.018,0.004,-115.82,1.401,5.686,0.007,0.006,-76.469,1.022,3.763,0.142,0.006,-109.476,0.668,6.163,0.03,0.006,-93.554,1.109,11.37,0.002,0.004,-24.988,3.136
14,D0138,44868963_1450,5/5/2022 21:36,24.8,2,QPLog 10-1631 (16) rev8,TRUE,,GD,No Defect,Pass,Pass,Green,Pass,Pass,Green,Pass,200_LA (old),none,,,11,2018,Pass,,,2.195,2.323,3.026,3.144,3.175,3.316,3.413,4.09,4.206,4.283,4.372,4.731,5.09,5.224,5.541,6.018,6.072,6.272,6.671,6.996,7.184,8.327,8.442,5.127,5.701,3.761,6.171,11.394,2.195,0.119,0.004,-35.737,0.626,2.323,0.105,0.003,-19.958,0.665,3.026,0.036,0.008,-73.765,0.366,3.144,0.077,0.006,-192.476,0.552,3.175,0.08,0.007,-93.419,0.44,3.316,0.048,0.007,-101.345,0.506,3.413,0.027,0.006,-100.084,0.585,4.09,0.024,0.005,-138.264,0.835,4.206,0.022,0.004,-212.087,0.939,4.283,0.019,0.005,-121.311,0.81,4.372,0.057,0.006,-104.682,0.783,4.731,0.038,0.007,-112.688,0.72,5.09,0.079,0.009,-78.883,0.597,5.224,0.045,0.004,-219.897,1.403,5.541,0.026,0.005,-194.609,1.14,6.018,0.055,0.006,-169.153,1.046,6.072,0.06,0.005,-151.843,1.113,6.272,0.036,0.005,-155.361,1.16,6.671,0.007,0.006,-53.831,1.038,6.996,0.008,0.011,-47.08,0.63,7.184,0.046,0.008,-56.751,0.874,8.327,0.021,0.01,-49.798,0.808,8.442,0.144,0.009,-54.049,0.926,5.127,0.014,0.003,-194.404,1.581,5.701,0.006,0.007,-104.148,0.863,3.761,0.044,0.011,-33.426,0.356,6.171,0.02,0.006,-147.633,1.095,11.394,0.007,0.014,-11.066,0.812
96,D0138,45513969_1450,4/30/2023 17:46,24.8,2,QPLog 10-1631 (16) rev15,TRUE,,GD,No Defect,Not Done,Pass,Green,Not Done,Pass,Green,Pass,300_FW,none,,,0,0,Pass,,,2.193,2.308,3.032,3.15,3.181,3.323,3.42,4.101,4.217,4.314,4.381,4.74,5.095,5.235,5.552,6.03,6.085,6.285,6.685,7.012,7.194,8.342,8.457,5.141,5.715,3.766,6.185,11.426,2.193,0.35,0.011,-38.769,0.203,2.308,0.437,0.009,-86.47,0.262,3.032,0.058,0.008,-74.671,0.374,3.15,0.152,0.006,-178.537,0.554,3.181,0.084,0.007,-84.855,0.44,3.323,0.086,0.006,-100.015,0.565,3.42,0.036,0.007,-71.133,0.486,4.101,0.05,0.007,-119.247,0.626,4.217,0.043,0.006,-215.529,0.718,4.314,0.067,0.007,-124.427,0.585,4.381,0.076,0.006,-144.433,0.745,4.74,0.051,0.007,-80.18,0.634,5.095,0.107,0.009,-53.407,0.542,5.235,0.058,0.008,-65.043,0.672,5.552,0.042,0.005,-169.045,1.043,6.03,0.102,0.006,-141.087,1.025,6.085,0.077,0.005,-168.935,1.13,6.285,0.051,0.005,-167.133,1.168,6.685,0.015,0.007,-72.205,0.909,7.012,0.011,0.008,-61.282,0.862,7.194,0.073,0.007,-78.437,0.966,8.342,0.004,0.006,-56.231,1.385,8.457,0.008,0.009,-44.004,0.975,5.141,0.017,0.004,-201.871,1.35,5.715,0.007,0.007,-116.014,0.833,3.766,0.069,0.011,-49.566,0.344,6.185,0.027,0.006,-99.145,0.995,11.426,0.002,0.011,-18.213,1.051
15,D0522,44884666_1450,5/16/2022 22:10,24.1,2,QPLog 10-1631 (16) rev8,TRUE,,GD,No Defect,Pass,Pass,Green,Pass,Pass,Green,Pass,200_LA (old),none,,,3,2019,Pass,,,2.199,2.311,3.018,3.134,3.172,3.315,3.412,4.091,4.198,4.302,4.371,4.744,5.093,5.211,5.548,5.999,6.073,6.263,6.648,6.973,7.207,8.344,8.416,5.121,5.702,3.761,6.159,11.384,2.199,0.146,0.009,-53.422,0.247,2.311,0.194,0.01,-72.847,0.239,3.018,0.032,0.009,-67.976,0.344,3.134,0.062,0.005,-214.708,0.597,3.172,0.069,0.007,-107.075,0.478,3.315,0.038,0.005,-117.779,0.611,3.412,0.019,0.007,-88.849,0.496,4.091,0.023,0.006,-113.045,0.688,4.198,0.018,0.007,-171.502,0.643,4.302,0.029,0.007,-133.687,0.649,4.371,0.055,0.006,-121.605,0.716,4.744,0.04,0.007,-116.57,0.721,5.093,0.071,0.008,-90.913,0.671,5.211,0.042,0.004,-132.139,1.213,5.548,0.013,0.004,-99.548,1.449,5.999,0.022,0.005,-251.651,1.316,6.073,0.069,0.007,-108.193,0.922,6.263,0.033,0.006,-135.675,1.093,6.648,0.008,0.007,-64.077,0.97,6.973,0.012,0.008,-81.806,0.928,7.207,0.062,0.008,-73.368,0.926,8.344,0.066,0.01,-22.194,0.85,8.416,0.192,0.012,-33.293,0.698,5.121,0.013,0.003,-154.158,1.681,5.702,0.004,0.006,-102.912,0.896,3.761,0.039,0.009,-52.455,0.431,6.159,0.02,0.005,-121.292,1.191,11.384,0.022,0.01,-31.262,1.086
119,D0522,45603390_1450,6/15/2023 20:58,24.3,2,QPLog 10-1631 (16) rev18,TRUE,,GD,No Defect,Pass,Pass,Green,Not Done,Pass,Green,Pass,400_LA (new),none,,,3,2019,Pass,,,2.158,2.282,3.02,3.134,3.172,3.314,3.41,4.089,4.198,4.301,4.37,4.742,5.088,5.207,5.554,5.998,6.067,6.259,6.645,6.969,7.201,8.343,8.41,5.121,5.698,3.76,6.169,11.376,2.158,0.035,0.013,-28.709,0.167,2.282,0.061,0.008,-19.779,0.292,3.02,0.207,0.007,-78.215,0.418,3.134,0.269,0.006,-178.661,0.534,3.172,0.285,0.009,-57.112,0.353,3.314,0.178,0.007,-107.166,0.492,3.41,0.065,0.009,-55.288,0.388,4.089,0.097,0.006,-108.067,0.676,4.198,0.073,0.006,-226.112,0.754,4.301,0.098,0.005,-152.52,0.846,4.37,0.162,0.007,-126.995,0.644,4.742,0.115,0.006,-108.753,0.748,5.088,0.212,0.008,-81.953,0.655,5.207,0.13,0.006,-103.092,0.812,5.554,0.036,0.004,-141.67,1.463,5.998,0.069,0.005,-242.594,1.145,6.067,0.159,0.006,-105.155,0.934,6.259,0.07,0.006,-94.614,0.978,6.645,0.018,0.007,-71.874,0.978,6.969,0.018,0.012,-43.749,0.586,7.201,0.115,0.009,-45.254,0.776,8.343,0.033,0.007,-45.193,1.203,8.41,0.056,0.013,-25.96,0.634,5.121,0.029,0.003,-127.156,1.657,5.698,0.01,0.006,-117.903,0.897,3.76,0.159,0.009,-58.513,0.44,6.169,0.02,0.004,-48.921,1.454,11.376,0.004,0.009,-21.466,1.333
51,D0631,45049841_1450,8/18/2022 17:26,25.3,2,,TRUE,,GD,No Defect,Not Done,Pass,Green,Not Done,Pass,Green,Pass,300_FW,none,,,0,0,Pass,,,2.189,2.302,3.023,3.15,3.166,3.309,3.406,4.069,4.19,4.268,4.331,4.694,5.048,5.204,5.519,5.988,6.052,6.267,6.678,7.02,7.15,8.279,8.456,5.11,5.696,3.76,6.16,11.355,2.189,0.08,0.011,-66.11,0.191,2.302,0.1,0.009,-80.69,0.26,3.023,0.01,0.003,-46.44,1.082,3.15,0.048,0.006,-154.641,0.538,3.166,0.012,0.004,-178.72,0.862,3.309,0.019,0.008,-71.949,0.419,3.406,0.007,0.009,-42.795,0.362,4.069,0.01,0.007,-92.123,0.571,4.19,0.011,0.006,-144.704,0.658,4.268,0.019,0.006,-175.83,0.726,4.331,0.206,0.008,-105.901,0.552,4.694,0.018,0.007,-111.818,0.637,5.048,0.029,0.008,-78.377,0.667,5.204,0.015,0.005,-95.511,1.031,5.519,0.084,0.005,-170.64,1.038,5.988,0.025,0.006,-138.911,0.995,6.052,0.014,0.005,-183.988,1.24,6.267,0.012,0.006,-135.654,1.038,6.678,0.003,0.009,-33.826,0.77,7.02,0.004,0.008,-49.884,0.83,7.15,0.018,0.008,-63.581,0.899,8.279,0.055,0.01,-49.22,0.861,8.456,0.02,0.01,-50.56,0.879,5.11,0.003,0.004,-138.117,1.213,5.696,0.014,0.008,-66.983,0.678,3.76,0.021,0.005,-105.91,0.72,6.16,0.009,0.005,-125.931,1.229,11.355,0.001,0.009,-12.239,1.23
144,D0631,45832686_1450,10/17/2023 22:25,22.6,2,QPLog 10-1631 (16) rev17,TRUE,,GD,No Defect,Not Done,Pass,,Not Done,Pass,,Pass,110_LVL (new),none,0,,8,2019,Pass,,,2.181,2.299,3.03,3.146,3.181,3.308,3.403,4.067,4.189,4.267,4.33,4.692,5.048,5.201,5.516,5.986,6.052,6.264,6.674,7.017,7.148,8.276,8.451,0,5.695,3.762,6.156,11.357,2.181,0.258,0.018,-42.734,0.12,2.299,0.263,0.014,-32.979,0.168,3.03,0.078,0.008,-71.012,0.38,3.146,0.198,0.007,-97.812,0.439,3.181,0.015,0.004,-185.692,0.722,3.308,0.128,0.006,-130.608,0.518,3.403,0.048,0.009,-45.795,0.39,4.067,0.048,0.009,-104.882,0.459,4.189,0.051,0.007,-142.623,0.637,4.267,0.104,0.006,-128.254,0.728,4.33,0.138,0.007,-112.802,0.655,4.692,0.102,0.007,-120.987,0.708,5.048,0.171,0.007,-79.765,0.675,5.201,0.079,0.006,-100.356,0.842,5.516,0.047,0.005,-145.255,1.004,5.986,0.101,0.007,-106.08,0.855,6.052,0.069,0.005,-177.839,1.161,6.264,0.053,0.007,-92.023,0.885,6.674,0.017,0.007,-50.904,0.893,7.017,0.025,0.01,-49.311,0.71,7.148,0.1,0.009,-55.086,0.805,8.276,0.048,0.009,-56.347,0.965,8.451,0.018,0.01,-47.006,0.887,0,0,0,0,0,5.695,0.006,0.006,-90.434,0.952,3.762,0.123,0.008,-81.641,0.487,6.156,0.03,0.005,-55.23,1.16,11.357,0.001,0.003,-8.533,3.453
