DB Index,Part Name,Batch Name,Log Date,Temp,PTI State,Comment,Ref,VIPR Code/Note,Part Class,Critical Defect,Dimensional,EC,Failure Type,LPI,Picked,SubGroup,Visual,intSite,Fail Reason,NDT_Comment,Tracker Result,MfgMonth,MfgYear (YY),Result,MTS,Bias,%Error,Freq 2,Freq 3,Freq 6,Freq 7,Freq 8,Freq 11,Freq 14,Freq 15,Freq 18,Freq 21,Freq 26,Freq 1,Amp 1,ZW 1,D2 1,Q 1,Freq 2,Amp 2,ZW 2,D2 2,Q 2,Freq 3,Amp 3,ZW 3,D2 3,Q 3,Freq 4,Amp 4,ZW 4,D2 4,Q 4,Freq 5,Amp 5,ZW 5,D2 5,Q 5,Freq 6,Amp 6,ZW 6,D2 6,Q 6,Freq 7,Amp 7,ZW 7,D2 7,Q 7,Freq 8,Amp 8,ZW 8,D2 8,Q 8,Freq 9,Amp 9,ZW 9,D2 9,Q 9,Freq 10,Amp 10,ZW 10,D2 10,Q 10,Freq 11,Amp 11,ZW 11,D2 11,Q 11,Freq 12,Amp 12,ZW 12,D2 12,Q 12,Freq 13,Amp 13,ZW 13,D2 13,Q 13,Freq 14,Amp 14,ZW 14,D2 14,Q 14,Freq 15,Amp 15,ZW 15,D2 15,Q 15,Freq 16,Amp 16,ZW 16,D2 16,Q 16,Freq 17,Amp 17,ZW 17,D2 17,Q 17,Freq 18,Amp 18,ZW 18,D2 18,Q 18,Freq 19,Amp 19,ZW 19,D2 19,Q 19,Freq 20,Amp 20,ZW 20,D2 20,Q 20,Freq 21,Amp 21,ZW 21,D2 21,Q 21,Freq 22,Amp 22,ZW 22,D2 22,Q 22,Freq 23,Amp 23,ZW 23,D2 23,Q 23,Freq 24,Amp 24,ZW 24,D2 24,Q 24,Freq 25,Amp 25,ZW 25,D2 25,Q 25,Freq 26,Amp 26,ZW 26,D2 26,Q 26,Freq 27,Amp 27,ZW 27,D2 27,Q 27,Freq 28,Amp 28,ZW 28,D2 28,Q 28,,,,,,,,,,,
,,,,,,,,,,,,,,,,,,,,,,,,,,,,,,,,,,,,,,,,,,,,,,,,,,,,,,,,,,,,,,,,,,,,,,,,,,,,,,,,,,,,,,,,,,,,,,,,,,,,,,,,,,,,,,,,,,,,,,,,,,,,,,,,,,,,,,,,,,,,,,,,,,,,,,,,,,,,,,,,,,,,,,,,,,,,,,,,,,,,,,,,,,,,,
0,2386,44478549_11846,9/24/2021 17:14,23.4,2,Failed Sort COL1-001 OB 10-1631_PIK_SORT rev10  09/24/21 07:40,FALSE,,GD,No Defect,Pass,Pass,Green,Pass,Pass,Green,Pass,100_LVL (old),none,,,3,2011,Pass,0,0,,2.29,3.023,3.313,3.366,4.04,4.337,5.163,5.517,6.216,7.151,3.743,-1.379,0.167,-0.442,-1.787,-1.484,-1.143,-1.845,-0.619,-1.871,-0.716,-1.521,2.164,0.064,0.012,-59.769,0.179,2.29,0.044,0.005,-138.765,0.417,3.023,0.019,0.007,-64.506,0.442,3.118,0.042,0.009,-74.08,0.353,3.138,0.018,0.005,-206.788,0.682,3.313,0.016,0.007,-67.883,0.445,3.366,0.008,0.007,-57.478,0.476,4.04,0.016,0.009,-54.998,0.455,4.209,0.011,0.007,-124.197,0.607,4.251,0.011,0.008,-56.837,0.535,4.337,0.111,0.007,-78.52,0.582,4.713,0.008,0.007,-73.892,0.633,5.048,0.017,0.01,-62.456,0.509,5.163,0.079,0.007,-95.459,0.755,5.517,0.057,0.007,-100.159,0.788,5.994,0.007,0.008,-31.72,0.737,6.051,0.019,0.006,-73.291,0.997,6.216,0.061,0.008,-90.706,0.824,6.605,0.025,0.009,-61.731,0.775,6.926,0.006,0.007,-28.349,0.998,7.151,0.052,0.011,-38.907,0.678,8.284,0.004,0.006,-18.699,1.46,8.341,0.009,0.018,-10.575,0.466,5.111,0.01,0.007,-83.905,0.683,5.678,0.013,0.008,-102.972,0.713,3.743,0.034,0.008,-79.604,0.489,6.118,0.053,0.008,-71.743,0.75,11.36,0.007,0.012,-14.908,0.909
1,4309,44500617_1450,9/24/2021 17:00,23.4,2,Failed Sort COL1-001 OB 10-1631_PIK_SORT rev10  09/24/21 07:26,FALSE,,GD,No Defect,Pass,Pass,Green,Pass,Pass,Green,Pass,100_LVL (old),none,,,2,2012,Pass,0,0,,2.289,3.016,3.314,3.367,4.033,4.339,5.164,5.511,6.223,7.134,3.744,-1.541,-0.403,-0.339,-1.707,-1.857,-1.027,-1.82,-0.975,-1.545,-1.574,-1.352,2.16,0.057,0.013,-38.584,0.165,2.289,0.055,0.01,-52.863,0.221,3.016,0.018,0.011,-44.889,0.268,3.118,0.04,0.01,-51.721,0.316,3.151,0.013,0.005,-129.914,0.639,3.314,0.018,0.007,-85.564,0.463,3.367,0.012,0.008,-52.296,0.4,4.033,0.01,0.011,-41.39,0.38,4.2,0.014,0.007,-120.257,0.621,4.249,0.014,0.008,-64.201,0.52,4.339,0.178,0.007,-77.441,0.622,4.698,0.011,0.008,-54.775,0.589,5.04,0.031,0.009,-68.037,0.567,5.164,0.01,0.008,-46.533,0.654,5.511,0.063,0.008,-87.877,0.685,5.982,0.008,0.015,-17.351,0.388,6.049,0.005,0.007,-51.383,0.855,6.223,0.056,0.009,-62.244,0.72,6.609,0.021,0.008,-41.902,0.823,6.96,0.026,0.009,-71.803,0.802,7.134,0.053,0.013,-25.322,0.563,8.262,0.008,0.019,-11.143,0.428,8.342,0.008,0.012,-21.505,0.673,5.108,0.046,0.006,-77.601,0.805,5.68,0.011,0.009,-65.999,0.604,3.744,0.251,0.008,-67.242,0.457,6.118,0.038,0.007,-99.283,0.848,11.321,0.02,0.013,-20.177,0.877
2,8060,44539676_1450,10/15/2021 20:53,24.4,2,Failed Sort COL1-001 OB 10-1631_PIK_SORT rev10  10/15/21 11:20,FALSE,,UN,No Defect,Pass,Not Done,,Not Done,Pass,,Not Done,100_LVL (old),,,,0,0,Pass,0,0,,2.301,3.018,3.315,3.405,4.082,4.37,5.208,5.541,6.267,7.188,3.755,-0.198,-0.281,-0.27,0.551,0.714,0.752,0.375,0.829,0.365,1.142,-0.224,2.188,0.069,0.01,-43.372,0.219,2.301,0.072,0.008,-72.105,0.275,3.018,0.022,0.008,-48.996,0.365,3.131,0.041,0.006,-156.545,0.515,3.171,0.034,0.009,-52.433,0.358,3.315,0.023,0.007,-77.784,0.464,3.405,0.012,0.011,-44.414,0.32,4.082,0.012,0.01,-30.725,0.397,4.202,0.019,0.006,-146.248,0.673,4.293,0.013,0.01,-45.01,0.448,4.37,0.028,0.008,-64.199,0.526,4.738,0.018,0.007,-49.212,0.651,5.077,0.315,0.009,-65.93,0.574,5.208,0.015,0.01,-29.587,0.504,5.541,0.009,0.009,-48.513,0.6,6.002,0.011,0.011,-38.902,0.568,6.075,0.012,0.013,-20.717,0.46,6.267,0.011,0.01,-38.318,0.611,6.641,0.004,0.009,-29.287,0.715,6.954,0.019,0.006,-23.262,1.126,7.188,0.095,0.013,-19.349,0.56,8.306,0.017,0.009,-16.216,0.95,8.402,0.029,0.022,-8.979,0.387,5.135,0.043,0.005,-108.631,1.005,5.701,0.009,0.005,-13.323,1.201,3.755,0.046,0.008,-72.967,0.491,6.153,0.008,0.008,-60.119,0.758,11.428,0.017,0.015,-21.109,0.769
3,6551,44530128_1450,10/13/2021 21:38,25.3,2,Failed Sort COL1-001 OB 10-1631_PIK_SORT rev10  10/13/21 12:04,FALSE,,GD,No Defect,Pass,Pass,Green,Pass,Pass,Green,Pass,100_LVL (old),_none,,,12,15,Pass,0,0,,2.29,3.009,3.305,3.361,4.024,4.34,5.148,5.497,6.217,7.125,3.743,-1.425,-1.059,-1.266,-2.074,-2.299,-0.982,-2.618,-1.796,-1.831,-1.996,-1.482,2.153,0.078,0.014,-49.32,0.155,2.29,0.066,0.005,-141.673,0.464,3.009,0.023,0.01,-68.318,0.294,3.112,0.058,0.009,-54.796,0.335,3.143,0.02,0.005,-128.79,0.579,3.305,0.022,0.008,-84.207,0.436,3.361,0.012,0.008,-53.544,0.411,4.024,0.017,0.01,-38.266,0.413,4.183,0.014,0.006,-130.35,0.657,4.242,0.026,0.008,-64.246,0.517,4.34,0.021,0.008,-64.606,0.558,4.699,0.015,0.009,-72.294,0.551,5.027,0.037,0.009,-65.215,0.582,5.148,0.02,0.008,-52.957,0.664,5.497,0.009,0.008,-67.573,0.723,5.961,0.014,0.009,-46.12,0.637,6.018,0.012,0.011,-34.385,0.57,6.217,0.115,0.008,-86.788,0.809,6.594,0.031,0.008,-58.088,0.788,6.889,0.014,0.006,-45.032,1.125,7.125,0.113,0.014,-23.533,0.493,8.26,0.03,0.014,-17.745,0.573,8.349,0.037,0.014,-21.25,0.602,5.081,0.013,0.006,-160.655,0.913,5.667,0.013,0.009,-61.333,0.61,3.743,0.041,0.008,-68.58,0.465,6.101,0.013,0.007,-72.966,0.825,11.287,0.006,0.01,-29.405,1.082
4,4258,44511938_1450,10/12/2021 16:50,25.2,2,Failed Sort COL1-001 OB 10-1631_PIK_SORT rev10  10/12/21 07:16,FALSE,,GD,No Defect,Not Done,Pass,Green,Pass,Pass,Green,Pass,100_LVL (old),none,,,1,2012,Pass,0,0,,2.298,2.998,3.314,3.396,4.072,4.373,5.201,5.525,6.252,7.163,3.748,-0.491,-1.975,-0.339,0.036,0.195,0.948,0.005,-0.127,-0.312,-0.109,-0.924,2.175,0.078,0.01,-53.41,0.209,2.298,0.095,0.008,-104.118,0.277,2.998,0.021,0.008,-77.127,0.36,3.118,0.034,0.007,-112.562,0.467,3.156,0.028,0.01,-45.641,0.309,3.314,0.021,0.007,-79.829,0.457,3.396,0.014,0.009,-52.776,0.381,4.072,0.013,0.009,-46.608,0.446,4.199,0.018,0.006,-156.506,0.679,4.287,0.017,0.008,-99.492,0.567,4.373,0.03,0.008,-71.141,0.539,4.727,0.021,0.009,-70.748,0.538,5.065,0.339,0.009,-80.467,0.547,5.201,0.019,0.008,-41.119,0.614,5.525,0.095,0.008,-87.831,0.692,5.983,0.013,0.009,-64.958,0.669,6.058,0.018,0.012,-28.708,0.518,6.252,0.016,0.008,-63.78,0.787,6.627,0.004,0.008,-33.741,0.835,6.918,0.018,0.006,-54.956,1.119,7.163,0.134,0.012,-30.674,0.598,8.293,0.028,0.009,-31.419,0.946,8.38,0.038,0.018,-13.903,0.47,5.11,0.007,0.005,-104.049,0.931,5.698,0.013,0.01,-58.065,0.548,3.748,0.041,0.007,-83.457,0.503,6.137,0.008,0.006,-68.42,1.068,11.36,0.018,0.011,-29.198,1
5,6393,44511946_1450,9/30/2021 19:56,25,2,Failed Sort COL1-001 OB 10-1631_PIK_SORT rev10  09/30/21 10:22,FALSE,,GD,No Defect,Not Done,Pass,Green,Pass,Pass,Green,Pass,100_LVL (old),none,,,9,2015,Pass,0,0,,2.301,3.028,3.325,3.398,4.081,4.377,5.21,5.548,6.261,7.181,3.766,-0.244,0.595,0.794,0.154,0.701,1.144,0.494,1.212,0.082,0.781,0.914,2.178,0.076,0.012,-69.65,0.179,2.301,0.067,0.006,-128.383,0.356,3.028,0.023,0.007,-67.09,0.437,3.135,0.045,0.006,-134.295,0.496,3.165,0.036,0.006,-96.383,0.575,3.325,0.019,0.008,-67.455,0.423,3.398,0.01,0.008,-57.414,0.442,4.081,0.019,0.008,-67.872,0.501,4.222,0.012,0.006,-123.098,0.653,4.294,0.018,0.007,-87.182,0.584,4.377,0.018,0.007,-76.544,0.606,4.736,0.014,0.01,-55.624,0.474,5.08,0.031,0.008,-67.732,0.61,5.21,0.018,0.007,-58.47,0.7,5.548,0.055,0.006,-71.288,0.859,6.018,0.016,0.01,-46.602,0.618,6.078,0.012,0.009,-47.439,0.683,6.261,0.013,0.008,-81.73,0.794,6.651,0.005,0.008,-47.848,0.788,6.963,0.019,0.006,-47.05,1.173,7.181,0.121,0.01,-42.714,0.705,8.327,0.028,0.014,-21.089,0.579,8.409,0.027,0.014,-21.972,0.598,5.139,0.01,0.006,-142.234,0.812,5.714,0.015,0.013,-129.929,0.437,3.766,0.313,0.007,-83.109,0.517,6.161,0.012,0.007,-75.648,0.853,11.417,0.008,0.01,-35.592,1.14
6,8057,44700699_1450,2/7/2022 19:03,22.4,2,QPLog 10-1631 (16) rev4,FALSE,,GD,No Defect,Pass,Pass,Green,Pass,Pass,Green,Pass,100_LVL (old),none,,,8,2017,Pass,0,0,,2.305,3.018,3.334,3.413,4.089,4.376,5.227,5.547,6.277,7.185,3.765,0.198,-0.263,1.703,1.051,1.082,1.105,1.301,1.182,0.81,0.994,0.834,2.183,0.034,0.01,-70.162,0.217,2.305,0.052,0.01,-67.474,0.241,3.018,0.014,0.009,-49.475,0.318,3.13,0.022,0.006,-159.486,0.555,3.169,0.012,0.007,-70.053,0.423,3.334,0.013,0.007,-84.533,0.456,3.413,0.012,0.011,-24.063,0.309,4.089,0.003,0.003,-51.895,1.39,4.239,0.012,0.006,-163.6,0.67,4.306,0.022,0.008,-76.733,0.515,4.376,0.027,0.007,-70.717,0.624,4.738,0.018,0.008,-56.447,0.625,5.092,0.041,0.008,-73.097,0.655,5.227,0.006,0.006,-52.008,0.861,5.547,0.095,0.008,-74.574,0.715,6.032,0.011,0.007,-33.809,0.827,6.109,0.008,0.006,-113.685,1.068,6.277,0.008,0.007,-83.432,0.939,6.663,0.002,0.009,-27.15,0.758,6.962,0.007,0.002,-4.458,3.217,7.185,0.04,0.015,-20.852,0.491,8.332,0.006,0.006,-88.717,1.412,8.415,0.011,0.015,-21.705,0.58,5.16,0.003,0.003,-76.112,1.581,5.718,0.011,0.009,-133.173,0.65,3.765,0.027,0.007,-114.098,0.545,6.179,0.003,0.003,-229,2.385,11.409,0.051,0.018,-7.96,0.629
7,4798,44824167_1450,4/11/2022 22:51,24.2,2,QPLog 10-1631 (16) rev3,FALSE,,B3,Non-Critical Defect,Pass,Pass,Blue,Pass,Pass,Yellow,Fail,100_LVL (old),_ImpactDamage,,,12,2012,Pass,0,0,,2.296,3.009,3.32,3.399,4.08,4.358,5.206,5.529,6.252,7.168,3.754,-0.751,-1.02,0.245,0.213,0.615,0.055,0.266,0.094,-0.303,0.156,-0.392,2.172,0.031,0.013,-42.452,0.165,2.296,0.038,0.011,-92.518,0.214,3.009,0.009,0.008,-53.435,0.366,3.128,0.024,0.006,-148.388,0.558,3.163,0.011,0.008,-49.898,0.409,3.32,0.01,0.007,-61.721,0.469,3.399,0.007,0.007,-40.279,0.457,4.08,0.004,0.008,-37.772,0.489,4.213,0.007,0.005,-106.085,0.802,4.287,0.011,0.007,-91.977,0.589,4.358,0.159,0.007,-80.036,0.654,4.726,0.009,0.009,-50.49,0.549,5.071,0.022,0.008,-53.664,0.615,5.206,0.009,0.007,-42.09,0.741,5.529,0.044,0.006,-117.24,0.969,6.006,0.007,0.008,-35.688,0.726,6.065,0.006,0.007,-38.336,0.857,6.252,0.006,0.006,-78.708,1.018,6.641,0.001,0.005,-75.867,1.313,6.951,0.006,0.003,-6.114,2.443,7.168,0.045,0.011,-25.034,0.624,8.302,0.005,0.007,-27.077,1.247,8.404,0.005,0.01,-19.467,0.872,5.127,0.003,0.004,-88.455,1.311,5.705,0.011,0.007,-102.757,0.876,3.754,0.148,0.008,-75.634,0.486,6.149,0.004,0.005,-68.837,1.227,11.372,0.042,0.013,-18.551,0.879
8,4798,44824167_1450,4/13/2022 19:17,23.9,3,QPLog 10-1631 (16) rev3,FALSE,,B2,Non-Critical Defect,Pass,Pass,Blue,Pass,Pass,Yellow,Fail,100_LVL (old),_ImpactDamage,,,12,2012,Pass,0,0,,2.3,3.012,3.323,3.403,4.077,4.365,5.214,5.537,6.26,7.18,3.759,-0.322,-0.823,0.554,0.471,0.478,0.459,0.665,0.563,0.068,0.727,0.166,2.177,0.029,0.009,-62.117,0.255,2.3,0.035,0.01,-90.017,0.228,3.012,0.008,0.008,-52.203,0.391,3.13,0.02,0.006,-142.106,0.562,3.167,0.009,0.007,-64.261,0.455,3.323,0.008,0.009,-40.122,0.367,3.403,0.006,0.008,-31.996,0.407,4.077,0.003,0.002,-9.787,2.094,4.219,0.007,0.006,-119.286,0.707,4.293,0.01,0.008,-64.877,0.558,4.365,0.15,0.008,-75.221,0.566,4.733,0.008,0.009,-44.246,0.534,5.079,0.02,0.009,-42.011,0.558,5.214,0.062,0.007,-46.173,0.799,5.537,0.048,0.006,-107.999,0.903,6.015,0.006,0.008,-38.246,0.737,6.075,0.006,0.007,-48.306,0.901,6.26,0.005,0.007,-54.673,0.896,6.649,0.001,0.005,-64.02,1.217,6.964,0.006,0.002,-8.855,4.072,7.18,0.037,0.013,-20.33,0.571,8.313,0.001,0.006,-10.708,1.47,8.417,0.004,0.011,-19.016,0.77,5.135,0.003,0.003,-127.956,1.638,5.712,0.008,0.007,-115.928,0.826,3.759,0.13,0.008,-72.229,0.482,6.16,0.003,0.007,-47.476,0.84,11.387,0.053,0.015,-12.39,0.741
9,4587,44829892_1450,4/21/2022 18:15,25.5,2,QPLog 10-1631 (16) rev11,FALSE,,UN,,Not Done,Not Done,,Not Done,Pass,,Not Done,300_FW,,,,0,0,Pass,0,0,,2.292,3.019,3.321,3.403,4.078,4.356,5.204,5.53,6.257,7.175,3.747,-1.125,-0.21,0.348,0.473,0.516,-0.08,0.191,0.152,-0.085,0.501,-1.063,2.168,0.064,0.01,-10.935,0.222,2.292,0.04,0.005,-5.987,0.438,3.019,0.026,0.006,-112.473,0.512,3.131,0.039,0.006,-176.275,0.545,3.166,0.037,0.006,-111.266,0.49,3.321,0.021,0.006,-92.189,0.538,3.403,0.01,0.009,-49.6,0.391,4.078,0.014,0.006,-97.637,0.672,4.209,0.012,0.006,-219.099,0.738,4.287,0.029,0.005,-158.305,0.787,4.356,0.02,0.005,-113.009,0.808,4.725,0.018,0.008,-62.239,0.562,5.07,0.035,0.008,-74.349,0.606,5.204,0.019,0.007,-79.598,0.754,5.53,0.013,0.006,-135.854,0.938,6.014,0.024,0.004,-143.56,1.558,6.071,0.021,0.005,-162.41,1.196,6.257,0.019,0.005,-151.134,1.19,6.646,0.005,0.008,-47.894,0.877,6.955,0.002,0.003,-9.346,2.531,7.175,0.026,0.008,-72.612,0.947,8.314,0.03,0.01,-36.271,0.825,8.408,0.063,0.009,-59.753,0.965,5.128,0.013,0.006,-144.493,0.819,5.704,0.012,0.005,-106.331,1.064,3.747,0.028,0.006,-93.039,0.628,6.154,0.008,0.006,-98.266,1.048,11.389,0.012,0.01,-26.863,1.151
10,6139,44845047_1450,4/26/2022 20:20,23.3,2,QPLog 10-1631 (16) rev5,FALSE,,GD,No Defect,Not Done,Not Done,Green,Not Done,Pass,Green,Not Done,100_LVL (old),none,,,4,2015,Pass,0,0,,2.295,3.026,3.312,3.394,4.064,4.347,5.192,5.524,6.257,7.164,3.76,-0.826,0.395,-0.511,-0.064,-0.239,-0.58,-0.416,-0.167,-0.071,-0.048,0.278,2.177,0.031,0.011,-40.485,0.192,2.295,0.027,0.014,-67.899,0.169,3.026,0.008,0.008,-38.648,0.377,3.136,0.024,0.007,-86.881,0.469,3.168,0.008,0.003,-196.381,0.96,3.312,0.011,0.007,-61.769,0.464,3.394,0.004,0.01,-25.964,0.337,4.064,0.006,0.007,-29.538,0.542,4.195,0.007,0.006,-99.997,0.646,4.269,0.006,0.008,-59.63,0.555,4.347,0.099,0.007,-60.799,0.609,4.718,0.005,0.01,-37.961,0.471,5.054,0.015,0.009,-41.871,0.549,5.192,0.073,0.008,-42.068,0.65,5.524,0.007,0.003,-110.499,2.157,5.985,0.005,0.008,-32.891,0.785,6.051,0.005,0.005,-26.403,1.297,6.257,0.033,0.008,-57.134,0.811,6.644,0.001,0.005,-87.623,1.301,6.986,0.011,0.009,-41.166,0.797,7.164,0.039,0.012,-22.299,0.621,8.306,0.006,0.004,-12.655,1.958,8.41,0.004,0.014,-15.042,0.595,5.106,0.003,0.004,-98.588,1.218,5.698,0.012,0.007,-68.566,0.847,3.76,0.019,0.006,-81.075,0.592,6.128,0.002,0.005,-104.612,1.312,11.372,0.003,0.01,-19.938,1.128
11,6141,44845052_1450,4/26/2022 18:06,24.7,2,QPLog 10-1631 (16) rev5,FALSE,,GD,No Defect,Not Done,Not Done,Green,Not Done,Pass,Green,Not Done,100_LVL (old),none,,,4,2015,Fail,0,0,,2.28,3,3.285,3.379,4.042,4.312,5.167,5.487,6.223,7.121,3.728,-2.438,-1.834,-3.309,-1.009,-1.379,-2.573,-1.653,-2.377,-1.574,-2.215,-3.094,2.161,0.027,0.011,-54.577,0.199,2.28,0.033,0.008,-78.965,0.275,3,0.008,0.008,-64.108,0.375,3.112,0.019,0.007,-95.423,0.477,3.144,0.008,0.005,-75.094,0.683,3.285,0.009,0.007,-53.994,0.463,3.379,0.005,0.008,-33.901,0.416,4.042,0.004,0.002,-49.858,2.21,4.157,0.007,0.006,-103.972,0.64,4.24,0.007,0.006,-58.918,0.731,4.312,0.15,0.006,-92.09,0.769,4.684,0.008,0.008,-58.421,0.564,5.017,0.022,0.008,-56.206,0.629,5.167,0.009,0.007,-31.44,0.716,5.487,0.003,0.006,-89.473,0.88,5.938,0.006,0.006,-54.583,1.032,6.011,0.007,0.008,-20.962,0.712,6.223,0.006,0.006,-73.086,1.006,6.609,0.001,0.005,-67.96,1.387,6.94,0.011,0.009,-43.281,0.745,7.121,0.032,0.016,-13.896,0.444,8.254,0.007,0.013,-10.604,0.635,8.369,0.005,0.009,-25.551,0.958,5.085,0.004,0.006,-108.75,0.818,5.663,0.01,0.008,-58.583,0.71,3.728,0.014,0.007,-55.396,0.499,6.107,0.003,0.006,-79.12,0.997,11.302,0.004,0.01,-11.458,1.103
12,4291,44877059_1450,5/12/2022 0:27,27.7,2,QPLog 10-1631 (16) rev8,FALSE,,UN,,Not Done,Not Done,,Not Done,Pass,,Not Done,300_FW,,,,0,0,Pass,0,0,,2.3,3.005,3.312,3.379,4.047,4.334,5.176,5.503,6.235,7.14,3.744,-0.26,-1.415,-0.579,-0.969,-1.122,-1.322,-1.232,-1.4,-1.018,-1.261,-1.398,2.176,0.088,0.012,-35.625,0.176,2.3,0.115,0.01,-47.347,0.221,3.005,0.031,0.005,-163.977,0.582,3.125,0.065,0.005,-199.671,0.58,3.147,0.024,0.001,-84.436,2.373,3.312,0.022,0.007,-92.162,0.46,3.379,0.012,0.011,-47.68,0.312,4.047,0.012,0.008,-64.624,0.509,4.198,0.014,0.006,-203.884,0.713,4.256,0.025,0.006,-162.686,0.74,4.334,0.025,0.005,-111.661,0.891,4.699,0.02,0.007,-132.468,0.715,5.043,0.036,0.008,-74.139,0.631,5.176,0.02,0.007,-75.125,0.732,5.503,0.015,0.005,-167.915,1.083,5.982,0.022,0.006,-142.755,0.935,6.041,0.016,0.005,-175.163,1.223,6.235,0.019,0.005,-170.281,1.179,6.618,0.004,0.009,-27.455,0.725,6.935,0.006,0.005,-72.371,1.467,7.14,0.02,0.009,-43.875,0.802,8.275,0.059,0.01,-46.26,0.822,8.374,0.052,0.009,-57.409,0.945,5.105,0.007,0.005,-145.744,1.12,5.687,0.013,0.009,-50.171,0.627,3.744,0.02,0.008,-55.38,0.489,6.124,0.01,0.006,-113.263,1.072,11.318,0.008,0.012,-22.363,0.91
13,9066,44855001_355,5/17/2022 19:45,24.3,2,,FALSE,,UN,,Not Done,Not Done,,Not Done,Pass,,Not Done,100_LVL (old),,,,0,0,Pass,0,0,,2.304,3.016,3.319,3.428,4.11,4.385,5.23,5.532,6.279,7.191,3.76,0.078,-0.434,0.21,1.941,2.184,1.605,1.477,0.283,0.867,1.297,0.278,2.19,0.029,0.009,-44.961,0.236,2.304,0.022,0.01,-56.746,0.234,3.016,0.007,0.007,-39.171,0.432,3.137,0.018,0.006,-111.665,0.542,3.185,0.012,0.01,-30.945,0.33,3.319,0.01,0.007,-51.662,0.463,3.428,0.004,0.008,-19.316,0.413,4.11,0.005,0.009,-28,0.441,4.214,0.005,0.006,-106.377,0.689,4.304,0.004,0.005,-26.032,0.9,4.385,0.009,0.007,-47.28,0.592,4.746,0.007,0.008,-40.238,0.578,5.097,0.015,0.009,-36.187,0.587,5.23,0.007,0.004,-35.445,1.193,5.532,0.005,0.002,-24.675,3.592,6.018,0.004,0.002,-29.189,3.983,6.08,0.005,0.005,-46.503,1.146,6.279,0.004,0.006,-45.044,1.03,6.658,0,0.005,-73.533,1.306,6.985,0.002,0.009,-54.44,0.749,7.191,0.037,0.012,-20.485,0.581,8.336,0.005,0.005,-11.279,1.524,8.426,0.003,0.006,-31.789,1.357,5.136,0.003,0.003,-119.416,1.569,5.712,0.006,0.007,-98.731,0.796,3.76,0.121,0.009,-62.384,0.44,6.172,0.004,0.004,-62.25,1.421,11.421,0.018,0.01,-20.201,1.091
14,D0138,44868963_1450,5/5/2022 21:36,24.8,2,QPLog 10-1631 (16) rev8,FALSE,,GD,No Defect,Pass,Pass,Green,Pass,Pass,Green,Pass,200_LA (old),none,,,11,2018,Pass,0,0,,2.323,3.026,3.316,3.413,4.09,4.372,5.224,5.541,6.272,7.184,3.761,2.169,0.473,-0.167,1.072,1.155,0.883,1.193,0.781,0.577,0.944,0.413,2.195,0.119,0.004,-35.737,0.626,2.323,0.105,0.003,-19.958,0.665,3.026,0.036,0.008,-73.765,0.366,3.144,0.077,0.006,-192.476,0.552,3.175,0.08,0.007,-93.419,0.44,3.316,0.048,0.007,-101.345,0.506,3.413,0.027,0.006,-100.084,0.585,4.09,0.024,0.005,-138.264,0.835,4.206,0.022,0.004,-212.087,0.939,4.283,0.019,0.005,-121.311,0.81,4.372,0.057,0.006,-104.682,0.783,4.731,0.038,0.007,-112.688,0.72,5.09,0.079,0.009,-78.883,0.597,5.224,0.045,0.004,-219.897,1.403,5.541,0.026,0.005,-194.609,1.14,6.018,0.055,0.006,-169.153,1.046,6.072,0.06,0.005,-151.843,1.113,6.272,0.036,0.005,-155.361,1.16,6.671,0.007,0.006,-53.831,1.038,6.996,0.008,0.011,-47.08,0.63,7.184,0.046,0.008,-56.751,0.874,8.327,0.021,0.01,-49.798,0.808,8.442,0.144,0.009,-54.049,0.926,5.127,0.014,0.003,-194.404,1.581,5.701,0.006,0.007,-104.148,0.863,3.761,0.044,0.011,-33.426,0.356,6.171,0.02,0.006,-147.633,1.095,11.394,0.007,0.014,-11.066,0.812
15,D0522,44884666_1450,5/16/2022 22:10,24.1,2,QPLog 10-1631 (16) rev8,FALSE,,GD,No Defect,Pass,Pass,Green,Pass,Pass,Green,Pass,200_LA (old),none,,,3,2019,Pass,0,0,,2.311,3.018,3.315,3.412,4.091,4.371,5.211,5.548,6.263,7.207,3.761,0.898,-0.265,-0.202,0.952,1.178,0.787,0.547,1.215,0.183,2.072,0.348,2.199,0.146,0.009,-53.422,0.247,2.311,0.194,0.01,-72.847,0.239,3.018,0.032,0.009,-67.976,0.344,3.134,0.062,0.005,-214.708,0.597,3.172,0.069,0.007,-107.075,0.478,3.315,0.038,0.005,-117.779,0.611,3.412,0.019,0.007,-88.849,0.496,4.091,0.023,0.006,-113.045,0.688,4.198,0.018,0.007,-171.502,0.643,4.302,0.029,0.007,-133.687,0.649,4.371,0.055,0.006,-121.605,0.716,4.744,0.04,0.007,-116.57,0.721,5.093,0.071,0.008,-90.913,0.671,5.211,0.042,0.004,-132.139,1.213,5.548,0.013,0.004,-99.548,1.449,5.999,0.022,0.005,-251.651,1.316,6.073,0.069,0.007,-108.193,0.922,6.263,0.033,0.006,-135.675,1.093,6.648,0.008,0.007,-64.077,0.97,6.973,0.012,0.008,-81.806,0.928,7.207,0.062,0.008,-73.368,0.926,8.344,0.066,0.01,-22.194,0.85,8.416,0.192,0.012,-33.293,0.698,5.121,0.013,0.003,-154.158,1.681,5.702,0.004,0.006,-102.912,0.896,3.761,0.039,0.009,-52.455,0.431,6.159,0.02,0.005,-121.292,1.191,11.384,0.022,0.01,-31.262,1.086
16,2798,44897784_1450,5/23/2022 22:15,25.3,2,QPLog 10-1631 (16) rev10,FALSE,,UN,,Not Done,Not Done,,Not Done,Pass,,Not Done,300_FW,,,,0,0,Pass,0,0,,2.301,3.033,3.335,3.397,4.073,4.394,5.21,5.54,6.266,7.176,3.769,-0.183,1.002,1.807,0.115,0.234,2.163,0.466,0.739,0.301,0.523,1.284,2.185,0.078,0.006,-48.896,0.337,2.301,0.107,0.007,-14.157,0.341,3.033,0.026,0.009,-58.977,0.351,3.14,0.062,0.006,-180.389,0.565,3.164,0.042,0.003,-168.365,0.909,3.335,0.029,0.007,-91.061,0.45,3.397,0.013,0.012,-41.655,0.29,4.073,0.015,0.007,-78.171,0.621,4.227,0.023,0.005,-203.063,0.821,4.302,0.015,0.006,-182.35,0.758,4.394,0.022,0.007,-92.406,0.632,4.744,0.019,0.009,-80.958,0.541,5.079,0.036,0.01,-57.061,0.524,5.21,0.024,0.006,-108.87,0.846,5.54,0.011,0.006,-149.894,0.978,6.01,0.034,0.006,-128.113,0.945,6.087,0.019,0.005,-162.176,1.133,6.266,0.023,0.006,-146.174,1.102,6.649,0.007,0.007,-68.961,0.91,6.964,0.003,0.005,-53.19,1.335,7.176,0.029,0.008,-73.251,0.941,8.32,0.004,0.007,-29.636,1.227,8.406,0.05,0.009,-44.591,0.913,5.14,0.013,0.005,-189.195,1.124,5.713,0.015,0.006,-100.597,1.017,3.769,0.02,0.005,-75.198,0.758,6.156,0.01,0.007,-96.572,0.93,11.417,0.01,0.011,-21.748,1.045
17,2798,44897784_1450,5/25/2022 1:15,25.2,2,QPLog 10-1631 (16) rev11,FALSE,,UN,,Not Done,Not Done,,Not Done,Pass,,Not Done,300_FW,,,,0,0,Pass,0,0,,2.33,3.032,3.334,3.396,4.074,4.393,5.209,5.54,6.267,7.175,3.771,2.916,0.975,1.772,0.054,0.306,2.086,0.402,0.739,0.344,0.483,1.4,2.182,0.108,0.004,-8.563,0.531,2.33,0.094,0.014,-8.721,0.17,3.032,0.023,0.008,-59.494,0.398,3.139,0.056,0.006,-185.068,0.54,3.163,0.041,0.004,-129.349,0.818,3.334,0.027,0.007,-83.116,0.451,3.396,0.01,0.009,-41.638,0.391,4.074,0.02,0.007,-93.138,0.583,4.227,0.02,0.005,-212.908,0.806,4.301,0.011,0.006,-183.374,0.679,4.393,0.017,0.006,-99.434,0.739,4.743,0.017,0.01,-64.545,0.497,5.077,0.027,0.008,-74.757,0.611,5.209,0.022,0.006,-94.511,0.945,5.54,0.009,0.005,-110.769,1.188,6.009,0.033,0.006,-133.786,1.021,6.086,0.014,0.005,-171.621,1.215,6.267,0.021,0.006,-136.572,1.084,6.649,0.005,0.007,-59.262,0.934,6.964,0.002,0.005,-45.434,1.326,7.175,0.025,0.007,-84.504,1.008,8.319,0.004,0.008,-19.976,1.051,8.406,0.005,0.008,-42.355,1,5.14,0.014,0.004,-204.537,1.206,5.715,0.016,0.006,-103.836,0.924,3.771,0.019,0.005,-74.45,0.75,6.156,0.011,0.007,-72.713,0.85,11.418,0.005,0.01,-22.679,1.101
18,4282,44933250_1450,6/18/2022 17:35,25.9,2,,FALSE,,UN,,Not Done,Not Done,,Not Done,Pass,,Not Done,300_FW,,,,0,0,Pass,0,0,,2.317,3.006,3.318,3.392,4.07,4.358,5.197,5.528,6.252,7.171,3.754,1.457,-1.274,0.107,-0.234,0.112,0.074,-0.193,0.067,-0.296,0.271,-0.353,2.181,0.099,0.007,-10.291,0.306,2.317,0.101,0.012,-15.379,0.198,3.006,0.031,0.006,-132.898,0.472,3.121,0.044,0.006,-167.117,0.53,3.155,0.041,0.006,-126.685,0.522,3.318,0.024,0.007,-85.431,0.459,3.392,0.012,0.006,-72.054,0.555,4.07,0.014,0.008,-76.696,0.535,4.202,0.012,0.006,-159.934,0.756,4.281,0.025,0.006,-127.63,0.709,4.358,0.023,0.006,-125.943,0.75,4.728,0.018,0.007,-93.848,0.674,5.064,0.033,0.008,-85.001,0.628,5.197,0.02,0.008,-69.246,0.692,5.528,0.013,0.005,-134.517,1.047,5.995,0.022,0.005,-196.233,1.157,6.052,0.027,0.006,-113.874,1.011,6.252,0.018,0.005,-138.862,1.137,6.629,0.004,0.008,-39.538,0.811,6.923,0.004,0.005,-79.642,1.387,7.171,0.022,0.008,-58.001,0.845,8.316,0.035,0.01,-59.016,0.859,8.387,0.05,0.013,-26.618,0.646,5.111,0.009,0.005,-152.674,0.957,5.699,0.016,0.009,-38.128,0.623,3.754,0.02,0.008,-67.238,0.48,6.141,0.009,0.006,-106.527,1.006,11.35,0.008,0.011,-14.951,1.016
19,4291,44877059_1450,5/24/2022 0:10,25.4,2,QPLog 10-1631 (16) rev11,FALSE,,UN,,Not Done,Not Done,,Not Done,Pass,,Not Done,300_FW,,,,0,0,Pass,0,0,,2.297,3.006,3.311,3.38,4.049,4.335,5.177,5.504,6.236,7.141,3.746,-0.661,-1.327,-0.614,-0.951,-1.028,-1.264,-1.168,-1.37,-1.008,-1.192,-1.225,2.17,0.037,0.008,-29.089,0.269,2.297,0.042,0.008,-49.076,0.291,3.006,0.011,0.006,-67.403,0.513,3.124,0.019,0.005,-93.917,0.583,3.143,0.001,0.002,-110.881,1.418,3.311,0.007,0.008,-42.516,0.4,3.38,0.005,0.008,-39.897,0.431,4.049,0.005,0.007,-66.664,0.607,4.199,0.004,0.004,-86.066,0.998,4.257,0.007,0.007,-58.313,0.637,4.335,0.131,0.006,-316.693,0.697,4.699,0.006,0.009,-38.66,0.552,5.044,0.009,0.009,-33.455,0.545,5.177,0.002,0.007,-45.227,0.757,5.504,0.07,0.005,-86.067,1.042,5.983,0.007,0.006,-75.114,1.039,6.041,0.004,0.005,-78.424,1.214,6.236,0.015,0.002,-1119.867,3.077,6.618,0.004,0.007,-33.071,0.991,6.937,0.003,0.005,-43.867,1.374,7.141,0.008,0.008,-35.598,0.951,8.275,0.013,0.009,-23.477,0.925,8.374,0.033,0.01,-23.377,0.863,5.116,0.001,0.002,-45.543,3.344,5.69,0.004,0.008,-28.684,0.7,3.746,0.009,0.005,-57.492,0.715,6.124,0.003,0.005,-52.501,1.12,11.318,0.001,0.007,-8.853,1.547
20,4292,44955031_1450,6/25/2022 17:53,27.3,2,,FALSE,,UN,,Not Done,Not Done,,Not Done,Pass,,Not Done,300_FW,,,,0,0,Pass,0,0,,2.301,3.023,3.319,3.373,4.04,4.348,5.18,5.507,6.238,7.142,3.752,-0.178,0.148,0.21,-1.33,-1.48,-0.484,-1.034,-1.178,-0.885,-1.148,-0.594,2.157,0.077,0.015,-28.603,0.148,2.301,0.122,0.011,-33.653,0.215,3.023,0.02,0.006,-115.917,0.503,3.124,0.055,0.006,-99.621,0.501,3.158,0.008,0.004,-145.904,0.867,3.319,0.021,0.007,-101.383,0.504,3.373,0.011,0.006,-83.506,0.569,4.04,0.011,0.009,-83.747,0.468,4.202,0.012,0.007,-108.377,0.565,4.258,0.015,0.007,-103.139,0.635,4.348,0.208,0.008,-93.693,0.576,4.7,0.017,0.007,-94.593,0.639,5.044,0.029,0.008,-73.724,0.664,5.18,0.016,0.007,-98.657,0.794,5.507,0.086,0.005,-169.835,1.025,5.975,0.016,0.006,-188.734,0.992,6.057,0.012,0.005,-155.985,1.118,6.238,0.02,0.005,-190.547,1.157,6.626,0.004,0.008,-25.332,0.788,6.952,0.005,0.005,-69.721,1.476,7.142,0.02,0.008,-66.588,0.941,8.275,0.006,0.009,-40.61,0.929,8.382,0.023,0.009,-52.223,0.974,5.114,0.01,0.005,-154.222,1.034,5.694,0.02,0.008,-62.522,0.697,3.752,0.022,0.006,-125.309,0.672,6.131,0.008,0.007,-98.285,0.908,11.342,0.005,0.014,-16.15,0.829
21,4310,44935434_1450,6/15/2022 21:05,26.1,2,,FALSE,,UN,,Not Done,Not Done,,Not Done,Pass,,Not Done,200_LA (old),,,,0,0,Pass,0,0,,2.303,3.018,3.301,3.373,4.036,4.33,5.162,5.5,6.229,7.141,3.747,0.049,-0.289,-1.713,-1.33,-1.667,-1.553,-1.916,-1.573,-1.309,-1.192,-1.127,2.129,0.069,0.004,-2.761,0.474,2.303,0.114,0.011,-15.623,0.207,3.018,0.039,0.008,-78.013,0.38,3.125,0.108,0.006,-125.847,0.483,3.153,0.035,0.003,-236.177,0.974,3.301,0.035,0.009,-63.152,0.348,3.373,0.024,0.007,-79.776,0.503,4.036,0.022,0.007,-105.106,0.579,4.18,0.021,0.006,-194.271,0.71,4.248,0.053,0.007,-127.749,0.59,4.33,0.051,0.006,-102.416,0.701,4.695,0.039,0.007,-119.405,0.697,5.037,0.069,0.008,-73.249,0.662,5.162,0.046,0.007,-83.977,0.781,5.5,0.026,0.005,-188.845,1.027,5.974,0.051,0.005,-203.904,1.307,6.029,0.058,0.006,-130.33,0.983,6.229,0.044,0.005,-190.919,1.195,6.609,0.007,0.009,-41.309,0.762,6.953,0.014,0.008,-86.023,0.827,7.141,0.056,0.008,-64.08,0.875,8.276,0.016,0.009,-41.761,0.949,8.373,0.175,0.009,-62.025,0.984,5.087,0.021,0.006,-131.36,0.857,5.682,0.005,0.006,-111.428,0.89,3.747,0.054,0.007,-96.199,0.522,6.112,0.019,0.005,-104.38,1.171,11.317,0.011,0.012,-27.708,0.941
22,4315,44940466_1450,6/17/2022 21:26,25.5,2,,FALSE,,UN,,Not Done,Not Done,,Not Done,Pass,,Not Done,200_LA (old),,,,0,0,Pass,0,0,,2.311,3.019,3.314,3.378,4.043,4.34,5.177,5.514,6.238,7.157,3.752,0.821,-0.157,-0.339,-1.049,-1.3,-0.985,-1.161,-0.768,-0.885,-0.428,-0.594,2.178,0.113,0.006,-16.376,0.376,2.311,0.121,0.013,-18.817,0.173,3.019,0.039,0.008,-84.871,0.395,3.13,0.105,0.006,-177.04,0.535,3.141,0.076,0.002,-318.005,1.507,3.314,0.042,0.007,-110.255,0.487,3.378,0.025,0.007,-71.311,0.468,4.043,0.023,0.006,-82.239,0.699,4.195,0.025,0.006,-160.773,0.724,4.258,0.041,0.007,-160.898,0.602,4.34,0.075,0.005,-137.953,0.794,4.704,0.04,0.007,-111.892,0.687,5.051,0.074,0.009,-56.459,0.574,5.177,0.048,0.007,-89.393,0.772,5.514,0.031,0.005,-203.292,1.13,5.977,0.032,0.006,-217.002,1.048,6.048,0.052,0.006,-146.895,1.082,6.238,0.045,0.005,-174.023,1.181,6.622,0.007,0.007,-48.65,0.928,6.938,0.005,0.006,-47.06,1.253,7.157,0.054,0.008,-63.932,0.859,8.292,0.167,0.009,-60.667,0.913,8.385,0.155,0.01,-44.728,0.828,5.107,0.015,0.005,-132.746,0.969,5.69,0.039,0.007,-122.858,0.875,3.752,0.056,0.005,-139.436,0.794,6.128,0.021,0.005,-125.362,1.156,11.347,0.011,0.015,-11.567,0.774
23,5394,44945716_1450,6/24/2022 21:59,26.9,2,,FALSE,,GD,No Defect,Pass,Pass,Green,Pass,Pass,Green,Pass,200_LA (old),none,,,2,2014,Pass,0,0,,2.309,3.023,3.322,3.393,4.068,4.349,5.198,5.525,6.253,7.159,3.76,0.685,0.131,0.52,-0.155,-0.013,-0.484,-0.119,-0.115,-0.254,-0.295,0.245,2.19,0.116,0.007,-33.3,0.3,2.309,0.126,0.014,-22.645,0.163,3.023,0.039,0.007,-95.534,0.456,3.138,0.085,0.005,-191.869,0.579,3.159,0.04,0.006,-113.275,0.556,3.322,0.037,0.006,-108.5,0.55,3.393,0.02,0.008,-68.669,0.419,4.068,0.022,0.005,-124.571,0.757,4.214,0.021,0.007,-216.26,0.623,4.273,0.037,0.006,-151.409,0.708,4.349,0.068,0.006,-134.79,0.705,4.714,0.032,0.007,-118.566,0.717,5.063,0.065,0.009,-61.422,0.56,5.198,0.036,0.003,-148.19,2.046,5.525,0.021,0.005,-202.216,1.119,6,0.054,0.006,-138.714,0.935,6.061,0.031,0.004,-141.979,1.382,6.253,0.033,0.005,-173.186,1.196,6.643,0.007,0.008,-45.114,0.847,6.959,0.004,0.005,-38.492,1.471,7.159,0.047,0.009,-58.233,0.81,8.297,0.02,0.009,-47.867,0.924,8.415,0.132,0.009,-61.084,0.973,5.126,0.013,0.004,-196.475,1.454,5.703,0.005,0.004,-117.879,1.435,3.76,0.05,0.007,-76.556,0.531,6.146,0.023,0.004,-129.284,1.559,11.366,0.009,0.015,-13.927,0.771
24,5482,44860019_1450,5/24/2022 17:10,24.8,2,QPLog 10-1631 (16) rev11,FALSE,,UN,,Not Done,Not Done,,Not Done,Pass,,Not Done,300_FW,,,,0,0,Pass,0,0,,2.305,2.995,3.319,3.391,4.065,4.362,5.196,5.514,6.247,7.157,3.739,0.215,-2.315,0.21,-0.295,-0.184,0.267,-0.221,-0.8,-0.495,-0.428,-1.878,2.183,0.04,0.014,-14.405,0.16,2.305,0.051,0.009,-37.119,0.256,2.995,0.013,0.007,-44.558,0.417,3.116,0.014,0.005,-97.235,0.579,3.154,0.015,0.007,-47.209,0.438,3.319,0.009,0.007,-52.518,0.502,3.391,0.005,0.013,-21.311,0.256,4.065,0.006,0.007,-49.12,0.572,4.207,0.006,0.006,-78.311,0.691,4.28,0.006,0.006,-74.907,0.713,4.362,0.141,0.009,-305.419,0.48,4.719,0.006,0.008,-39.752,0.61,5.059,0.01,0.009,-34.024,0.571,5.196,0.001,0.007,-24.156,0.715,5.514,0.076,0.006,-77.686,0.986,5.99,0.009,0.006,-66.401,0.989,6.068,0.006,0.002,-205.126,2.766,6.247,0.007,0.006,-70.13,1.064,6.605,0.004,0.008,-27.326,0.811,6.931,0.002,0.005,-26.117,1.478,7.157,0.009,0.007,-37.683,0.958,8.286,0.007,0.011,-12.077,0.741,8.359,0.019,0.007,-29.107,1.26,5.119,0.002,0.004,-102.161,1.298,5.699,0.008,0.007,-36.285,0.77,3.739,0.01,0.01,-19.298,0.369,6.13,0.004,0.007,-46.999,0.884,11.348,0.001,0.011,-9.077,1.001
25,5482,44860019_1450,5/23/2022 21:53,25.4,2,QPLog 10-1631 (16) rev10,FALSE,,UN,,Not Done,Not Done,,Not Done,Pass,,Not Done,300_FW,,,,0,0,Pass,0,0,,2.308,2.997,3.32,3.392,4.065,4.362,5.197,5.514,6.247,7.157,3.743,0.57,-2.097,0.314,-0.214,-0.164,0.267,-0.15,-0.784,-0.509,-0.411,-1.537,2.19,0.044,0.01,-12.551,0.223,2.308,0.048,0.009,-22.478,0.245,2.997,0.016,0.006,-59.479,0.512,3.116,0.014,0.006,-91.327,0.55,3.154,0.017,0.007,-38.964,0.432,3.32,0.009,0.006,-50.631,0.54,3.392,0.006,0.008,-25.844,0.441,4.065,0.006,0.007,-51.441,0.605,4.207,0.007,0.005,-117.05,0.776,4.28,0.014,0.002,-1239.963,2.216,4.362,0.146,0.012,-284.958,0.36,4.718,0.007,0.008,-53.167,0.587,5.059,0.012,0.008,-42.816,0.672,5.197,0.001,0.006,-33.773,0.831,5.514,0.084,0.005,-84.299,1.05,5.99,0.01,0.006,-76.139,1.078,6.068,0.015,0.004,-189.11,1.404,6.247,0.02,0.004,-212.679,1.648,6.604,0.004,0.008,-29.57,0.859,6.93,0.002,0.005,-26.321,1.531,7.157,0.01,0.008,-32.055,0.869,8.284,0.007,0.012,-11.479,0.714,8.358,0.047,0.01,-30.453,0.839,5.119,0.002,0.004,-101.323,1.236,5.7,0.006,0.007,-34.333,0.814,3.743,0.011,0.005,-45.752,0.762,6.13,0.004,0.007,-52.311,0.873,11.349,0.001,0.01,-8.808,1.144
26,5482,44860019_1450,5/25/2022 0:34,25.2,2,QPLog 10-1631 (16) rev11,FALSE,,UN,,Not Done,Not Done,,Not Done,Pass,,Not Done,300_FW,,,,0,0,Pass,0,0,,2.313,2.995,3.32,3.392,4.065,4.361,5.195,5.514,6.247,7.155,3.742,1.033,-2.245,0.245,-0.214,-0.167,0.228,-0.246,-0.794,-0.492,-0.512,-1.626,2.19,0.094,0.005,-15.81,0.436,2.313,0.092,0.007,-23.921,0.325,2.995,0.027,0.008,-115.772,0.395,3.115,0.041,0.005,-192.74,0.574,3.153,0.036,0.006,-107.952,0.507,3.32,0.021,0.006,-107.266,0.567,3.392,0.01,0.009,-48.944,0.381,4.065,0.013,0.006,-97.271,0.626,4.207,0.015,0.005,-197.449,0.777,4.28,0.015,0.007,-124.53,0.637,4.361,0.022,0.006,-116.028,0.673,4.717,0.018,0.007,-98.275,0.692,5.057,0.03,0.008,-75.599,0.666,5.195,0.016,0.007,-68.808,0.744,5.514,0.012,0.005,-150.368,1.132,5.99,0.027,0.006,-151.391,1.034,6.067,0.016,0.006,-138.588,1.057,6.247,0.018,0.005,-167.519,1.168,6.605,0.004,0.008,-41.046,0.855,6.93,0.003,0.004,-41.73,1.658,7.155,0.021,0.008,-61.912,0.88,8.287,0.004,0.008,-24.453,0.985,8.358,0.047,0.009,-44.554,0.916,5.118,0.008,0.004,-194.193,1.208,5.701,0.016,0.008,-45.6,0.723,3.742,0.018,0.005,-85.04,0.823,6.134,0.009,0.003,-148.528,1.817,11.345,0.005,0.013,-14.26,0.849
27,6149,44922381_1450,6/11/2022 20:05,24.6,2,QPLog 10-1631 (16) rev8,FALSE,,GD,No Defect,Pass,Pass,Green,Pass,Pass,Green,Pass,200_LA (old),none,,,4,2015,Pass,0,0,,2.313,3.027,3.311,3.395,4.059,4.356,5.196,5.52,6.261,7.169,3.76,1.11,0.525,-0.648,-0.044,-0.48,-0.08,-0.229,-0.434,0.124,0.17,0.327,2.188,0.134,0.005,-25.224,0.435,2.313,0.149,0.014,-36.992,0.17,3.027,0.034,0.007,-73.085,0.446,3.139,0.095,0.006,-175.332,0.541,3.157,0.051,0.002,-243.953,1.428,3.311,0.046,0.006,-105.533,0.539,3.395,0.022,0.008,-66.131,0.431,4.059,0.025,0.006,-123.194,0.72,4.187,0.023,0.006,-199.686,0.719,4.274,0.038,0.007,-128.078,0.584,4.356,0.053,0.006,-120.558,0.767,4.713,0.037,0.008,-86.212,0.62,5.058,0.072,0.007,-87.267,0.681,5.196,0.047,0.006,-102.239,0.856,5.52,0.018,0.006,-165.546,0.972,5.987,0.045,0.004,-241.208,1.58,6.058,0.062,0.006,-135.349,1.069,6.261,0.046,0.005,-175.655,1.187,6.65,0.007,0.007,-44.886,0.948,6.989,0.007,0.008,-48.834,0.846,7.169,0.044,0.008,-84.195,0.942,8.311,0.147,0.011,-37.485,0.788,8.421,0.143,0.01,-45.881,0.858,5.104,0.021,0.006,-158.825,0.841,5.696,0.006,0.006,-116.12,0.953,3.76,0.04,0.007,-40.888,0.558,6.133,0.012,0.004,-177.871,1.494,11.373,0.009,0.013,-22.709,0.902
28,6230,44944458_355,6/18/2022 16:48,25.8,2,,FALSE,,UN,,Not Done,Not Done,,Not Done,Pass,,Not Done,300_FW,,,,0,0,Pass,0,0,,2.313,3.037,3.348,3.39,4.07,4.39,5.229,5.552,6.256,7.204,3.775,1.049,1.428,3.215,-0.331,0.109,1.932,1.412,1.423,-0.131,1.95,1.902,2.181,0.053,0.003,-27.844,0.662,2.313,0.133,0.009,-82.715,0.261,3.037,0.013,0.01,-54.402,0.316,3.138,0.061,0.005,-164.104,0.582,3.156,0.009,0.003,-102.887,0.99,3.348,0.021,0.006,-152.346,0.56,3.39,0.01,0.01,-61.682,0.354,4.07,0.011,0.009,-61.565,0.445,4.253,0.013,0.006,-171.653,0.726,4.295,0.014,0.006,-150.866,0.722,4.39,0.02,0.006,-109.306,0.687,4.73,0.011,0.006,-60.94,0.735,5.095,0.029,0.009,-58.514,0.552,5.229,0.011,0.004,-163.92,1.381,5.552,0.041,0.004,-26.726,1.571,6.015,0.006,0.004,-81.41,1.445,6.123,0.006,0.003,-150.566,2.089,6.256,0.018,0.005,-175.287,1.235,6.656,0.005,0.007,-59.974,0.971,7.041,0.004,0.007,-80.246,0.952,7.204,0.02,0.006,-102.634,1.112,8.34,0.003,0.009,-20.622,0.971,8.412,0.006,0.008,-41.18,1.013,5.172,0.014,0.005,-141.308,1.096,5.706,0.008,0.008,-79.295,0.717,3.775,0.017,0.006,-81.589,0.653,6.177,0.008,0.005,-125.901,1.233,11.453,0.011,0.011,-16.191,1.051
29,6407,44905238_1450,6/10/2022 22:25,26,2,QPLog 10-1631 (16) rev8,FALSE,,UN,,Not Done,Not Done,,Not Done,Pass,,Not Done,300_FW,,,,0,0,Pass,0,0,,2.318,3.045,3.337,3.405,4.088,4.389,5.225,5.57,6.311,7.215,3.783,1.566,2.079,2.011,0.591,1.067,1.855,1.217,2.503,2.289,2.485,2.723,2.185,0.077,0.004,-42.821,0.539,2.318,0.124,0.009,-43.075,0.263,3.045,0.018,0.005,-88.578,0.559,3.148,0.071,0.005,-174.747,0.58,3.178,0.026,0.006,-144.473,0.571,3.337,0.023,0.007,-88.989,0.51,3.405,0.011,0.007,-61.5,0.493,4.088,0.014,0.006,-109.327,0.736,4.236,0.015,0.006,-208.621,0.707,4.306,0.016,0.005,-127.707,0.818,4.389,0.027,0.006,-116.434,0.698,4.747,0.016,0.006,-75.601,0.752,5.101,0.035,0.006,-101.405,0.81,5.225,0.019,0.005,-107.565,1.088,5.57,0.011,0.005,-147.006,1.152,6.042,0.031,0.006,-161.529,1.049,6.099,0.023,0.006,-131.874,0.984,6.311,0.018,0.005,-174.297,1.158,6.694,0.006,0.007,-52.993,1.019,6.988,0.003,0.005,-56.161,1.342,7.215,0.028,0.007,-88.428,1.035,8.367,0.004,0.01,-31.588,0.846,8.443,0.054,0.009,-55.81,0.933,5.154,0.008,0.005,-201.752,1.142,5.721,0.012,0.006,-132.189,0.917,3.783,0.024,0.004,-127.327,0.94,6.161,0.006,0.005,-114.588,1.268,11.455,0.016,0.011,-21.707,1.089
30,6407,44905238_1450,6/5/2022 20:10,25.7,2,QPLog 10-1631 (16) rev12,FALSE,,UN,,Not Done,Not Done,,Not Done,Pass,,Not Done,300_FW,,,,0,0,Pass,0,0,,2.317,3.041,3.331,3.4,4.082,4.381,5.215,5.561,6.301,7.201,3.775,1.471,1.729,1.447,0.29,0.726,1.412,0.725,1.988,1.872,1.803,1.902,2.2,0.138,0.012,-23.363,0.186,2.317,0.103,0.022,-16.649,0.106,3.041,0.019,0.007,-68.865,0.426,3.146,0.074,0.006,-165.284,0.53,3.178,0.003,0.004,-144.583,0.721,3.331,0.025,0.007,-89.784,0.481,3.4,0.011,0.008,-45.178,0.424,4.082,0.015,0.005,-112.797,0.839,4.227,0.015,0.006,-158.38,0.68,4.299,0.016,0.007,-147.425,0.637,4.381,0.025,0.006,-101.35,0.721,4.741,0.016,0.006,-71.189,0.774,5.093,0.035,0.007,-76.587,0.698,5.215,0.02,0.005,-119.202,0.958,5.561,0.012,0.006,-99.218,0.989,6.032,0.029,0.006,-152.19,0.986,6.088,0.023,0.006,-146.755,1.034,6.301,0.016,0.005,-148.749,1.168,6.685,0.005,0.007,-51.901,0.938,6.974,0.002,0.005,-52.852,1.318,7.201,0.026,0.007,-77.336,0.974,8.351,0.004,0.013,-21.463,0.649,8.429,0.053,0.008,-58.248,1.055,5.145,0.008,0.004,-209.431,1.392,5.708,0.009,0.006,-94.809,0.928,3.775,0.024,0.007,-103.691,0.51,6.151,0.007,0.005,-126.305,1.277,11.436,0.015,0.012,-22.394,0.97
31,6529P,44914984_1450,6/3/2022 19:08,25.6,2,QPLog 10-1631 (16) rev10,FALSE,,GD,No Defect,Pass,Pass,Green,Pass,Pass,Green,Pass,200_LA (old),none,,,8,2015,Pass,0,0,,2.321,3.04,3.344,3.407,4.09,4.386,5.236,5.562,6.281,7.2,3.782,1.922,1.622,2.768,0.693,1.175,1.681,1.775,2.027,0.971,1.724,2.614,2.191,0.127,0.009,-24.588,0.243,2.321,0.142,0.012,-36.725,0.191,3.04,0.024,0.003,-31.505,1.191,3.152,0.089,0.006,-178.774,0.531,3.175,0.035,0.002,-111.053,1.902,3.344,0.035,0.008,-100.161,0.415,3.407,0.02,0.009,-59.384,0.393,4.09,0.023,0.006,-89.734,0.727,4.252,0.02,0.007,-191.747,0.63,4.306,0.035,0.005,-155.533,0.807,4.386,0.051,0.007,-95.002,0.61,4.742,0.029,0.007,-109.114,0.649,5.104,0.067,0.005,-108.88,0.97,5.236,0.031,0.003,-143.174,1.536,5.562,0.019,0.005,-94.026,1.12,6.048,0.059,0.006,-101.805,1.01,6.115,0.02,0.005,-175.181,1.254,6.281,0.03,0.006,-139.601,1.055,6.679,0.007,0.006,-55.494,1.072,7.011,0.004,0.002,-10.612,4.352,7.2,0.043,0.008,-73.312,0.957,8.345,0.017,0.01,-32.003,0.856,8.446,0.134,0.01,-48.476,0.852,5.175,0.018,0.004,-195.62,1.181,5.714,0.025,0.007,-171.949,0.846,3.782,0.042,0.007,-99.717,0.568,6.185,0.023,0.004,-141.667,1.688,11.455,0.01,0.016,-11.428,0.717
32,8036,44890077_1450,5/22/2022 20:33,24.8,2,QPLog 10-1631 (16) rev10,FALSE,,UN,,Not Done,Not Done,,Not Done,Pass,,Not Done,300_FW,,,,0,0,Pass,0,0,,2.307,3.023,3.315,3.412,4.084,4.355,5.214,5.538,6.273,7.179,3.757,0.479,0.184,-0.27,1.01,0.815,-0.118,0.652,0.631,0.606,0.709,-0.024,2.199,0.087,0.016,-40.107,0.135,2.307,0.103,0.009,-56.53,0.263,3.023,0.017,0.01,-68.419,0.29,3.14,0.044,0.006,-184.106,0.553,3.172,0.031,0.009,-73.178,0.357,3.315,0.026,0.006,-124.3,0.556,3.412,0.01,0.008,-58.614,0.41,4.084,0.013,0.006,-130.358,0.634,4.204,0.014,0.006,-202.943,0.727,4.284,0.017,0.006,-185.302,0.677,4.355,0.029,0.006,-126.408,0.729,4.723,0.02,0.007,-84.614,0.66,5.076,0.035,0.009,-69.211,0.587,5.214,0.017,0.008,-65.771,0.693,5.538,0.013,0.005,-166.845,1.108,6.013,0.028,0.006,-150.367,1.067,6.074,0.024,0.004,-129.835,1.357,6.273,0.015,0.006,-130.509,1.122,6.659,0.005,0.007,-51.314,0.902,6.967,0.005,0.005,-75.534,1.471,7.179,0.026,0.008,-67.577,0.889,8.314,0.005,0.011,-26.343,0.782,8.424,0.049,0.01,-49.723,0.884,5.126,0.004,0.004,-139.204,1.464,5.71,0.012,0.007,-119.844,0.872,3.757,0.024,0.005,-100.15,0.754,6.166,0.008,0.006,-95.736,0.96,11.398,0.006,0.013,-14.303,0.875
33,8036,44890077_1450,5/22/2022 22:04,25.2,2,QPLog 10-1631 (16) rev10,FALSE,,UN,,Not Done,Not Done,,Not Done,Pass,,Not Done,300_FW,,,,0,0,Pass,0,0,,2.307,3.022,3.316,3.413,4.085,4.355,5.213,5.539,6.273,7.179,3.759,0.487,0.051,-0.133,1.05,0.866,-0.137,0.613,0.674,0.606,0.68,0.206,2.198,0.095,0.014,-45.159,0.161,2.307,0.116,0.009,-77.324,0.265,3.022,0.018,0.011,-43.745,0.285,3.14,0.046,0.005,-202.202,0.594,3.173,0.032,0.008,-82.948,0.396,3.316,0.026,0.006,-127.472,0.544,3.413,0.01,0.009,-48.876,0.365,4.085,0.013,0.006,-110.368,0.662,4.205,0.014,0.005,-206.302,0.774,4.284,0.018,0.006,-190.178,0.718,4.355,0.028,0.006,-119.632,0.711,4.723,0.019,0.008,-84.432,0.614,5.076,0.034,0.009,-60.838,0.576,5.213,0.017,0.006,-89.233,0.902,5.539,0.013,0.005,-164.541,1.089,6.013,0.029,0.005,-165.593,1.097,6.075,0.023,0.004,-132.49,1.35,6.273,0.015,0.006,-121.856,1.064,6.659,0.005,0.008,-50.775,0.86,6.968,0.005,0.005,-74.438,1.451,7.179,0.028,0.008,-75.776,0.953,8.313,0.004,0.011,-23.436,0.754,8.425,0.056,0.009,-60.465,0.985,5.126,0.004,0.003,-142.265,1.591,5.71,0.012,0.006,-136.516,0.904,3.759,0.026,0.007,-78.181,0.567,6.166,0.008,0.008,-63.835,0.781,11.398,0.008,0.012,-21.698,0.96
34,8036,44890077_1450,5/23/2022 16:30,24.5,2,QPLog 10-1631 (16) rev10,FALSE,,UN,,Not Done,Not Done,,Not Done,Pass,,Not Done,300_FW,,,,0,0,Pass,0,0,,2.307,3.024,3.314,3.412,4.083,4.354,5.212,5.537,6.272,7.178,3.757,0.462,0.237,-0.305,1.01,0.779,-0.195,0.551,0.556,0.591,0.641,-0.054,2.198,0.082,0.009,-42.636,0.244,2.307,0.099,0.009,-48.87,0.244,3.024,0.018,0.01,-66.742,0.308,3.14,0.044,0.006,-182.412,0.548,3.172,0.031,0.008,-74.446,0.389,3.314,0.026,0.006,-128.725,0.578,3.412,0.009,0.009,-46.541,0.369,4.083,0.013,0.006,-119.012,0.68,4.204,0.014,0.006,-207.579,0.763,4.284,0.017,0.006,-188.829,0.732,4.354,0.028,0.006,-125.116,0.728,4.722,0.02,0.008,-89.396,0.619,5.075,0.035,0.008,-73.472,0.605,5.212,0.016,0.008,-65.415,0.66,5.537,0.012,0.006,-135.911,0.987,6.013,0.029,0.006,-138.492,0.989,6.074,0.025,0.004,-127.201,1.356,6.272,0.016,0.006,-140.17,1.122,6.659,0.005,0.007,-51.005,0.892,6.966,0.005,0.005,-75.806,1.464,7.178,0.027,0.008,-77.453,0.933,8.311,0.004,0.009,-30.658,0.961,8.423,0.051,0.009,-60.386,0.946,5.125,0.004,0.003,-116.1,1.507,5.71,0.014,0.006,-133.325,0.918,3.757,0.024,0.007,-78.491,0.515,6.165,0.009,0.007,-85.76,0.921,11.396,0.008,0.013,-16.521,0.897
35,9015,44922359_1450,6/11/2022 20:50,24.8,2,QPLog 10-1631 (16) rev8,FALSE,,GD,No Defect,Pass,Pass,Green,Pass,Pass,Green,Pass,200_LA (old),none,,,8,2018,Pass,0,0,,2.321,3.031,3.324,3.426,4.1,4.38,5.239,5.572,6.293,7.206,3.78,1.915,0.834,0.726,1.829,1.681,1.309,1.912,2.624,1.495,2.023,2.336,2.192,0.095,0.006,-33.658,0.371,2.321,0.134,0.013,-29.336,0.18,3.031,0.017,0.003,-41.04,1.056,3.155,0.051,0.006,-151.68,0.516,3.185,0.031,0.005,-147.688,0.687,3.324,0.031,0.007,-97.461,0.487,3.426,0.024,0.013,-52.616,0.271,4.1,0.009,0.002,-104.184,1.949,4.222,0.015,0.005,-184.282,0.876,4.314,0.035,0.005,-133.442,0.795,4.38,0.067,0.003,-109.885,1.308,4.744,0.042,0.008,-109.076,0.598,5.108,0.087,0.007,-72.559,0.754,5.239,0.025,0.008,-88.106,0.618,5.572,0.031,0.004,-155.175,1.409,6.044,0.052,0.006,-138.37,0.995,6.093,0.062,0.007,-140.203,0.905,6.293,0.033,0.006,-111.328,1.042,6.697,0.007,0.007,-58.253,1.01,6.986,0.003,0.006,-38.511,1.269,7.206,0.036,0.007,-76.794,1,8.352,0.012,0.01,-37.451,0.827,8.475,0.141,0.009,-50.737,0.899,5.148,0.011,0.004,-72.439,1.288,5.717,0.018,0.007,-163.724,0.791,3.78,0.039,0.008,-64.018,0.487,6.187,0.007,0.005,-92.41,1.342,11.447,0.023,0.017,-11.338,0.69
36,9065,000_000,6/22/2022 15:27,27.2,2,,FALSE,,UN,,Not Done,Not Done,,Not Done,Pass,,Not Done,300_FW,,,,0,0,Pass,0,0,,2.308,3.022,3.322,3.421,4.104,4.386,5.234,5.551,6.283,7.199,3.761,0.553,0.042,0.52,1.547,1.894,1.701,1.687,1.4,1.044,1.687,0.356,2.194,0.082,0.007,-70.573,0.323,2.308,0.101,0.008,-102.705,0.281,3.022,0.018,0.006,-105.77,0.487,3.139,0.029,0.006,-179.842,0.541,3.18,0.026,0.007,-76.881,0.426,3.322,0.02,0.006,-113.019,0.563,3.421,0.007,0.01,-37.822,0.358,4.104,0.012,0.008,-83.392,0.541,4.215,0.011,0.005,-185.735,0.822,4.307,0.008,0.006,-142.537,0.782,4.386,0.017,0.006,-118.539,0.69,4.747,0.016,0.007,-91.356,0.68,5.097,0.027,0.008,-73.19,0.613,5.234,0.015,0.005,-98.328,0.957,5.551,0.006,0.006,-79.364,0.987,6.026,0.024,0.005,-173.451,1.138,6.091,0.021,0.006,-140.722,1.08,6.283,0.014,0.005,-137.041,1.193,6.666,0.005,0.006,-68.62,1.045,6.965,0.002,0.004,-14.392,1.865,7.199,0.02,0.007,-78.356,1.004,8.346,0.03,0.012,-41.707,0.702,8.427,0.04,0.012,-33.937,0.708,5.142,0.007,0.004,-167.906,1.262,5.711,0.008,0.009,-69.203,0.646,3.761,0.016,0.005,-59.299,0.807,6.177,0.007,0.006,-96.886,1.053,11.441,0.006,0.011,-16.238,1.018
37,B0276,44907132_1450,6/5/2022 15:13,26.1,2,QPLog 10-1631 (16) rev12,FALSE,,UN,,Not Done,Not Done,,Not Done,Pass,,Not Done,300_FW,,,,0,0,Pass,0,0,,2.308,3.024,3.316,3.431,4.107,4.346,5.24,5.536,6.289,7.161,3.761,0.57,0.236,-0.099,2.111,2.031,-0.657,1.961,0.504,1.337,-0.197,0.439,2.201,0.067,0.016,-58.315,0.138,2.308,0.066,0.009,-90.168,0.257,3.024,0.014,0.009,-45.575,0.344,3.148,0.028,0.005,-190.646,0.582,3.192,0.022,0.006,-122.151,0.551,3.316,0.017,0.006,-118.462,0.574,3.431,0.006,0.011,-47.157,0.312,4.107,0.007,0.008,-64.096,0.517,4.21,0.011,0.005,-203.576,0.787,4.298,0.015,0.006,-140.035,0.732,4.346,0.028,0.007,-106.2,0.664,4.733,0.01,0.004,-103.08,1.223,5.072,0.025,0.009,-66.582,0.568,5.24,0.011,0.006,-74.695,0.913,5.536,0.062,0.006,-133.663,0.95,5.998,0.021,0.006,-138.337,1.007,6.075,0.007,0.004,-198.588,1.36,6.289,0.008,0.005,-128.336,1.154,6.695,0.004,0.008,-29.857,0.806,7.008,0.003,0.009,-36.829,0.755,7.161,0.155,0.008,-63.395,0.848,8.302,0.042,0.009,-31.541,0.924,8.457,0.023,0.009,-48.373,0.898,5.127,0.002,0.002,-26.203,2.142,5.704,0.006,0.008,-84.861,0.754,3.761,0.015,0.007,-36.497,0.572,6.18,0.008,0.006,-88.67,1.009,11.397,0.008,0.014,-13.897,0.794
38,D0088,44933374_1450,6/18/2022 17:47,25.9,2,,FALSE,,UN,,Not Done,Not Done,,Not Done,Pass,,Not Done,300_FW,,,,0,0,Pass,0,0,,2.305,3.035,3.312,3.416,4.085,4.349,5.218,5.525,6.28,7.153,3.764,0.231,1.265,-0.511,1.23,0.882,-0.445,0.867,-0.157,0.941,-0.608,0.678,2.193,0.089,0.006,-67.489,0.367,2.305,0.095,0.012,-40.013,0.185,3.035,0.017,0.008,-74.879,0.398,3.149,0.05,0.006,-167.253,0.543,3.18,0.027,0.005,-150.789,0.679,3.312,0.023,0.008,-70.746,0.436,3.416,0.008,0.009,-54.536,0.376,4.085,0.011,0.007,-75.311,0.545,4.2,0.013,0.006,-173.248,0.746,4.281,0.015,0.006,-132.6,0.754,4.349,0.027,0.007,-107.908,0.637,4.718,0.022,0.007,-102.233,0.659,5.06,0.031,0.009,-67.867,0.559,5.218,0.019,0.007,-88.573,0.708,5.525,0.012,0.005,-141.793,1.097,5.993,0.031,0.006,-120.026,0.971,6.066,0.011,0.004,-196.232,1.628,6.28,0.014,0.006,-121.163,1.111,6.686,0.004,0.008,-37.624,0.88,7.013,0.004,0.009,-42.312,0.765,7.153,0.022,0.008,-73.112,0.904,8.287,0.007,0.009,-42.087,0.953,8.456,0.003,0.009,-31.997,0.969,5.117,0.004,0.004,-122.289,1.323,5.688,0.013,0.007,-55.1,0.765,3.764,0.215,0.008,-81.694,0.499,6.166,0.009,0.006,-87.7,1.036,11.374,0.002,0.008,-12.59,1.344
39,4102P,44927313_1450,7/18/2022 16:02,24.6,2,,FALSE,,GD,No Defect,Not Done,Pass,Green,Not Done,Pass,Green,Pass,100_LVL (old),none,,,11,2001,Pass,0,0,,2.297,3.035,3.312,3.396,4.069,4.364,5.189,5.532,6.257,7.156,3.764,-0.582,1.211,-0.511,0.013,0.023,0.401,-0.55,0.263,-0.057,-0.476,0.743,2.181,0.065,0.01,-61.385,0.229,2.297,0.051,0.008,-97.855,0.274,3.035,0.02,0.008,-62.83,0.385,3.139,0.041,0.007,-115.709,0.464,3.172,0.017,0.002,-223.329,1.338,3.312,0.017,0.007,-89.495,0.508,3.396,0.008,0.007,-57.842,0.507,4.069,0.013,0.008,-73.078,0.527,4.196,0.009,0.006,-167.194,0.685,4.278,0.013,0.007,-81.633,0.596,4.364,0.011,0.006,-76.613,0.687,4.733,0.01,0.008,-50.984,0.603,5.06,0.023,0.01,-52.806,0.53,5.189,0.014,0.007,-65.45,0.745,5.532,0.073,0.005,-153.76,1.193,5.988,0.009,0.005,-83.544,1.218,6.046,0.008,0.004,-62.232,1.372,6.257,0.007,0.006,-72.455,1.004,6.641,0.034,0.007,-116.921,1.01,6.967,0.002,0.002,-23.791,2.868,7.156,0.077,0.01,-35.865,0.698,8.296,0.013,0.009,-26.635,0.903,8.403,0.014,0.012,-33.405,0.698,5.105,0.007,0.004,-240.566,1.349,5.7,0.003,0.007,-135.549,0.835,3.764,0.032,0.006,-97.172,0.582,6.14,0.007,0.005,-97.027,1.325,11.368,0.02,0.008,-51.834,1.408
40,4102P,44927313_1450,7/18/2022 15:39,24.6,2,,FALSE,,GD,No Defect,Not Done,Pass,Green,Not Done,Pass,Green,Pass,100_LVL (old),none,,,11,2001,Pass,0,0,,2.295,3.021,3.31,3.393,4.07,4.345,5.191,5.526,6.248,7.168,3.752,-0.859,-0.027,-0.751,-0.173,0.092,-0.676,-0.473,-0.086,-0.467,0.152,-0.585,2.18,0.063,0.012,-61.605,0.177,2.295,0.05,0.011,-102.862,0.214,3.021,0.016,0.011,-45.62,0.278,3.128,0.034,0.006,-142.751,0.508,3.162,0.028,0.007,-72.446,0.426,3.31,0.017,0.007,-98.81,0.468,3.393,0.008,0.008,-53.272,0.443,4.07,0.012,0.008,-56.643,0.481,4.194,0.009,0.006,-149.381,0.715,4.276,0.013,0.007,-76.088,0.634,4.345,0.014,0.007,-73.441,0.663,4.725,0.009,0.008,-59.833,0.573,5.061,0.022,0.01,-52.844,0.511,5.191,0.013,0.007,-52.019,0.697,5.526,0.004,0.003,-98.385,2.077,5.989,0.008,0.006,-88.817,0.94,6.051,0.008,0.003,-46.205,2.128,6.248,0.006,0.01,-51.284,0.617,6.635,0.004,0.007,-55.124,0.913,6.967,0.027,0.008,-66.391,0.835,7.168,0.07,0.011,-29.463,0.626,8.309,0.014,0.007,-65.514,1.142,8.391,0.013,0.014,-20.557,0.585,5.119,0.003,0.002,-62.707,2.933,5.697,0.021,0.006,-125.606,0.929,3.752,0.031,0.006,-94.091,0.605,6.142,0.007,0.003,-136.708,1.964,11.377,0.003,0.008,-30.278,1.493
41,4730,44963354_1450,6/30/2022 19:44,26.5,2,,FALSE,,GD,No Defect,Pass,Pass,Green,Not Done,Pass,Green,Pass,200_LA (old),none,,,11,2012,Pass,0,0,,2.313,3.023,3.322,3.391,4.065,4.357,5.196,5.528,6.247,7.17,3.758,1.067,0.131,0.485,-0.293,-0.187,-0.022,-0.205,0.019,-0.523,0.219,0.059,2.181,0.13,0.011,-34.891,0.196,2.313,0.132,0.013,-25.715,0.181,3.023,0.038,0.007,-100.669,0.447,3.132,0.086,0.005,-190.692,0.59,3.159,0.042,0.003,-184.544,1.185,3.322,0.032,0.009,-71.788,0.374,3.391,0.024,0.008,-62.738,0.402,4.065,0.022,0.005,-131.634,0.765,4.212,0.02,0.008,-132.184,0.56,4.277,0.038,0.007,-129.314,0.643,4.357,0.062,0.006,-118.056,0.752,4.722,0.032,0.008,-77.381,0.623,5.07,0.068,0.009,-56.401,0.565,5.196,0.045,0.006,-112.566,0.924,5.528,0.026,0.005,-188.348,1.119,5.999,0.03,0.006,-203.889,0.934,6.062,0.046,0.006,-167.11,1.097,6.247,0.039,0.005,-169.888,1.171,6.637,0.006,0.01,-33.683,0.687,6.95,0.004,0.003,-10.682,2.341,7.17,0.047,0.009,-55.91,0.826,8.311,0.138,0.01,-49.118,0.821,8.402,0.168,0.009,-52.667,0.932,5.125,0.015,0.005,-206.576,1.124,5.699,0.005,0.005,-93.424,1.113,3.758,0.039,0.007,-54.992,0.512,6.145,0.021,0.005,-102.474,1.361,11.368,0.014,0.014,-14.154,0.819
42,6144,44969859_1450,7/6/2022 21:48,25.4,2,,FALSE,,GD,No Defect,Pass,Pass,Green,Not Done,Pass,Green,Pass,200_LA (old),none,,,4,2015,Pass,0,0,,2.314,3.026,3.311,3.398,4.064,4.341,5.196,5.524,6.256,7.17,3.763,1.186,0.473,-0.614,0.135,-0.22,-0.927,-0.229,-0.174,-0.129,0.218,0.58,2.192,0.167,0.004,-57.857,0.584,2.314,0.221,0.012,-43.855,0.2,3.026,0.042,0.008,-76.382,0.396,3.141,0.112,0.005,-211.396,0.587,3.165,0.061,0.004,-188.44,0.791,3.311,0.046,0.006,-110.072,0.539,3.398,0.026,0.007,-92.568,0.511,4.064,0.027,0.005,-125.861,0.808,4.19,0.023,0.006,-168.937,0.666,4.269,0.034,0.005,-165.423,0.78,4.341,0.066,0.006,-101.442,0.761,4.715,0.037,0.007,-109.341,0.646,5.062,0.082,0.008,-67.741,0.602,5.196,0.053,0.005,-121.324,1.034,5.524,0.025,0.006,-147.536,0.971,5.986,0.039,0.005,-207.829,1.097,6.049,0.075,0.006,-124.68,0.978,6.256,0.043,0.005,-168.411,1.188,6.644,0.007,0.008,-47.133,0.8,6.986,0.008,0.008,-50.973,0.906,7.17,0.044,0.007,-62.526,0.987,8.312,0.019,0.009,-37.756,0.888,8.421,0.021,0.009,-62.083,0.926,5.116,0.007,0.002,-60.779,2.827,5.697,0.005,0.005,-84.031,1.096,3.763,0.051,0.004,-108.974,0.993,6.138,0.02,0.006,-143.637,1.099,11.359,0.015,0.012,-23.074,0.918
43,6221,44978242_1450,7/9/2022 0:53,28.7,2,,FALSE,,GD,No Defect,Pass,Pass,Green,Pass,Pass,Green,Pass,300_FW,none,,,0,0,Pass,0,0,,2.309,3.009,3.337,3.391,4.072,4.374,5.214,5.534,6.247,7.174,3.755,0.63,-1.091,2.082,-0.273,0.181,0.96,0.674,0.387,-0.495,0.451,-0.278,2.18,0.093,0.008,-74.688,0.259,2.309,0.11,0.008,-104.373,0.281,3.009,0.021,0.007,-113.525,0.456,3.125,0.046,0.005,-217.619,0.6,3.154,0.033,0.006,-163.03,0.557,3.337,0.017,0.008,-91.248,0.413,3.391,0.012,0.006,-74.119,0.525,4.072,0.011,0.007,-112.585,0.591,4.238,0.012,0.006,-168.443,0.687,4.288,0.017,0.006,-149.385,0.725,4.374,0.021,0.007,-86.004,0.638,4.722,0.016,0.007,-79.124,0.661,5.079,0.026,0.009,-51.179,0.547,5.214,0.014,0.004,-148.23,1.284,5.534,0.013,0.005,-149.649,1.069,6.007,0.014,0.005,-137.372,1.127,6.102,0.006,0.005,-176.914,1.305,6.247,0.016,0.006,-133.172,1.106,6.632,0.003,0.01,-29.754,0.657,6.953,0.002,0.01,-44.589,0.732,7.174,0.013,0.007,-74.085,1.025,8.316,0.034,0.011,-38.057,0.773,8.392,0.041,0.009,-53.04,0.937,5.157,0.011,0.005,-169.864,1.052,5.704,0.011,0.009,-49.125,0.65,3.755,0.016,0.006,-76.689,0.603,6.156,0.008,0.006,-82.915,0.947,11.374,0.02,0.004,-51.163,3.103
44,8077,44963672_1450,7/18/2022 16:21,24.6,2,,FALSE,,GD,No Defect,Not Done,Pass,Green,Not Done,Pass,Green,Pass,100_LVL (old),none,,,8,2017,Pass,0,0,,2.295,3.032,3.313,3.4,4.072,4.348,5.199,5.54,6.257,7.176,3.758,-0.875,0.949,-0.408,0.236,0.181,-0.522,-0.057,0.749,-0.093,0.518,0.037,2.179,0.053,0.01,-57.348,0.214,2.295,0.047,0.008,-98.991,0.281,3.032,0.016,0.007,-74.673,0.407,3.139,0.035,0.006,-129.495,0.484,3.163,0.017,0.005,-121.626,0.691,3.313,0.013,0.007,-73.523,0.456,3.4,0.008,0.007,-63.154,0.49,4.072,0.01,0.007,-70.475,0.558,4.205,0.01,0.006,-162.101,0.718,4.28,0.013,0.007,-94.344,0.61,4.348,0.016,0.006,-92.352,0.67,4.723,0.01,0.008,-54.323,0.581,5.067,0.025,0.009,-58.985,0.587,5.199,0.012,0.006,-73.089,0.851,5.54,0.065,0.005,-148.192,1.044,6,0.008,0.007,-90.195,0.835,6.068,0.008,0.008,-54.696,0.767,6.257,0.009,0.006,-112.959,1.112,6.653,0.032,0.006,-122.802,1.071,6.954,0.001,0.004,-43.739,1.723,7.176,0.078,0.01,-35.887,0.686,8.314,0.017,0.007,-94.219,1.256,8.416,0.016,0.011,-34.985,0.781,5.121,0.004,0.004,-142.101,1.27,5.704,0.013,0.006,-151.224,0.934,3.758,0.029,0.006,-94.874,0.607,6.157,0.007,0.003,-171.933,2.227,11.411,0.033,0.01,-37.047,1.155
45,1051,44966932_1450,8/23/2022 17:38,24,2,,FALSE,,GD,No Defect,Not Done,Pass,Green,Not Done,Pass,Green,Pass,100_LVL (old),none,,,2,2000,Pass,0,0,,2.301,3,3.333,3.361,4.053,4.377,5.195,5.511,6.24,7.165,3.754,-0.256,-1.808,1.601,-2.054,-0.801,1.143,-0.289,-0.94,-0.798,0,-0.313,2.17,0.033,0.008,-58.81,0.257,2.301,0.031,0.005,-139.071,0.502,3,0.006,0.007,-27.447,0.411,3.119,0.018,0.007,-94.992,0.474,3.148,0.01,0.002,-157.905,1.32,3.333,0.009,0.007,-75.877,0.487,3.361,0.005,0.008,-35.741,0.409,4.053,0.009,0.008,-47.25,0.526,4.236,0.011,0.006,-98.271,0.692,4.273,0.005,0.006,-77.484,0.768,4.377,0.119,0.006,-100.71,0.72,4.728,0.008,0.007,-53.259,0.642,5.056,0.019,0.008,-54.091,0.616,5.195,0.007,0.006,-76.141,0.885,5.511,0.006,0.004,-108.147,1.421,5.986,0.003,0.004,-34.53,1.371,6.067,0.005,0.005,-87.098,1.124,6.24,0.01,0.005,-125.574,1.235,6.608,0.001,0.006,-72.336,1.19,6.929,0.001,0.008,-26.283,0.91,7.165,0.065,0.007,-72.384,0.995,8.291,0.009,0.008,-35.948,0.996,8.357,0.011,0.012,-18.076,0.697,5.133,0.014,0.005,-86.436,0.96,5.702,0.018,0.005,-154.154,1.12,3.754,0.018,0.006,-86.37,0.615,6.136,0.005,0.004,-96.21,1.405,11.351,0.031,0.008,-28.616,1.365
46,2546,44966017_1450,8/1/2022 18:46,25.2,2,,FALSE,,GD,No Defect,Not Done,Pass,Green,Not Done,Pass,Green,Pass,100_LVL (old),none,,,3,2005,Pass,0,0,,2.295,3.03,3.322,3.367,4.035,4.365,5.166,5.505,6.232,7.128,3.756,-0.826,0.808,0.52,-1.725,-1.753,0.459,-1.696,-1.302,-1.176,-1.852,-0.15,2.162,0.035,0.012,-39.13,0.174,2.295,0.038,0.006,-119.096,0.369,3.03,0.007,0.006,-62.953,0.512,3.123,0.024,0.009,-44.076,0.354,3.169,0.003,0.002,-203.192,1.882,3.322,0.011,0.007,-64.424,0.491,3.367,0.004,0.01,-33.156,0.347,4.035,0.01,0.007,-54.809,0.582,4.206,0.008,0.006,-126.787,0.7,4.259,0.005,0.006,-81.241,0.666,4.365,0.078,0.006,-133.931,0.694,4.709,0.008,0.007,-56.424,0.646,5.037,0.017,0.007,-74.388,0.709,5.166,0.015,0.006,-92.303,0.871,5.505,0.02,0.004,-188.248,1.252,5.96,0.005,0.005,-76.783,1.251,6.042,0.007,0.005,-123.311,1.309,6.232,0.106,0.005,-272.789,1.304,6.622,0.001,0.005,-86.152,1.277,6.965,0.021,0.005,-133.403,1.323,7.128,0.072,0.007,-64.3,0.996,8.266,0.014,0.01,-26.517,0.829,8.37,0.008,0.008,-56.921,1.096,5.109,0.012,0.005,-127.691,1.009,5.69,0.022,0.004,-262.843,1.276,3.756,0.16,0.007,-93.698,0.53,6.116,0.008,0.005,-111.648,1.187,11.341,0.011,0.008,-37.095,1.479
47,4237,45033209_27519,8/15/2022 16:16,24.3,2,,FALSE,,GD,No Defect,Not Done,Pass,Green,Not Done,Pass,Green,Pass,100_LVL (old),none,,,10,2011,Pass,0,0,,2.289,3.014,3.308,3.388,4.061,4.337,5.187,5.511,6.247,7.146,3.745,-1.525,-0.6,-0.991,-0.471,-0.361,-1.177,-0.643,-0.95,-0.508,-0.943,-1.262,2.171,0.031,0.01,-46.645,0.211,2.289,0.03,0.011,-84.268,0.213,3.014,0.005,0.007,-35.092,0.446,3.128,0.02,0.006,-87.785,0.497,3.157,0.011,0.005,-80.464,0.676,3.308,0.008,0.008,-40.028,0.432,3.388,0.003,0.008,-33.814,0.452,4.061,0.008,0.007,-46.191,0.607,4.193,0.006,0.006,-99.613,0.686,4.266,0.007,0.006,-80.081,0.667,4.337,0.09,0.006,-90.396,0.737,4.708,0.007,0.009,-46.498,0.537,5.046,0.016,0.008,-45.789,0.633,5.187,0.012,0.008,-49.44,0.664,5.511,0.007,0.005,-130.562,1.173,5.983,0.008,0.007,-44.408,0.878,6.047,0.007,0.006,-52.026,0.943,6.247,0.007,0.006,-115.191,1.134,6.636,0.001,0.005,-87.026,1.208,6.966,0.002,0.007,-39.006,0.986,7.146,0.063,0.009,-44.655,0.833,8.282,0.012,0.01,-20.055,0.807,8.389,0.007,0.01,-32.2,0.859,5.105,0.005,0.005,-99.08,1.051,5.695,0.016,0.005,-181.936,1.147,3.745,0.017,0.006,-86.885,0.619,6.138,0.006,0.005,-82.379,1.121,11.349,0.016,0.008,-28.008,1.339
48,4268,45042397_1450,8/16/2022 1:56,31.7,2,,FALSE,,GD,No Defect,Pass,Pass,Green,Not Done,Pass,Green,Pass,200_LA (old),none,,,1,2012,Pass,0,0,,2.313,3.014,3.313,3.395,4.072,4.369,5.207,5.523,6.263,7.177,3.759,1.111,-0.579,-0.442,-0.005,0.178,0.671,0.317,-0.258,0.198,0.595,0.129,2.185,0.126,0.011,-20.158,0.192,2.313,0.129,0.019,-21.995,0.124,3.014,0.056,0.006,-145.37,0.522,3.126,0.072,0.006,-186.436,0.535,3.158,0.076,0.006,-132.557,0.557,3.313,0.046,0.006,-116.142,0.55,3.395,0.021,0.011,-42.374,0.32,4.072,0.021,0.007,-84.32,0.554,4.193,0.027,0.005,-249.244,0.78,4.282,0.034,0.006,-133.729,0.714,4.369,0.052,0.005,-144.483,0.808,4.734,0.039,0.007,-106.003,0.658,5.062,0.073,0.008,-72.079,0.657,5.207,0.048,0.007,-79.004,0.729,5.523,0.018,0.006,-152.375,0.929,5.986,0.05,0.005,-222.014,1.148,6.061,0.06,0.006,-135.431,0.982,6.263,0.046,0.005,-185.97,1.191,6.638,0.008,0.007,-43.924,0.966,6.918,0.004,0.005,-52.42,1.412,7.177,0.04,0.011,-34.572,0.662,8.314,0.034,0.005,-107.498,1.804,8.399,0.158,0.013,-34.422,0.627,5.121,0.013,0.004,-173.059,1.294,5.69,0.005,0.006,-108.725,1.028,3.759,0.049,0.005,-116.495,0.724,6.148,0.022,0.005,-92.145,1.298,11.364,0.008,0.016,-13.263,0.69
49,9083,45020021_11846,8/11/2022 20:17,25.6,2,,FALSE,,GD,No Defect,Not Done,Pass,Green,Not Done,Pass,Green,Pass,100_LVL (old),none,,,9,2018,Pass,0,0,,2.293,3.025,3.319,3.397,4.079,4.375,5.211,5.547,6.259,7.183,3.759,-1.045,0.387,0.21,0.115,0.585,1.065,0.519,1.185,0.03,0.89,0.195,2.173,0.031,0.009,-39.692,0.249,2.293,0.034,0.01,-84.913,0.237,3.025,0.006,0.008,-51.409,0.361,3.135,0.022,0.006,-100.755,0.517,3.163,0.012,0.009,-48.187,0.334,3.319,0.008,0.009,-39.716,0.377,3.397,0.004,0.009,-32.794,0.383,4.079,0.009,0.007,-60.163,0.606,4.213,0.007,0.006,-105.566,0.658,4.294,0.006,0.006,-82.837,0.761,4.375,0.082,0.006,-85.203,0.686,4.735,0.007,0.008,-44.127,0.589,5.084,0.018,0.008,-48.834,0.643,5.211,0.12,0.006,-115.61,0.941,5.547,0.016,0.005,-130.419,1.048,6.014,0.009,0.005,-109.492,1.284,6.078,0.007,0.006,-70.897,1.04,6.259,0.063,0.005,-181.85,1.24,6.649,0.001,0.006,-83.825,1.169,6.96,0.006,0.003,-23.037,2.399,7.183,0.066,0.008,-52.815,0.875,8.322,0.01,0.008,-21.199,1.095,8.404,0.007,0.01,-24.375,0.831,5.135,0.002,0.005,-92.341,0.987,5.704,0.008,0.006,-88.058,0.992,3.759,0.017,0.006,-101.436,0.631,6.159,0.007,0.005,-100.979,1.308,11.416,0.021,0.009,-25.41,1.231
50,B0068,44947404_1450,8/4/2022 15:27,24.3,2,,FALSE,,GD,No Defect,Not Done,Pass,Green,Not Done,Pass,Green,Pass,100_LVL (old),none,,,6,2019,Pass,0,0,,2.297,3.032,3.309,3.423,4.099,4.351,5.228,5.531,6.283,7.153,3.764,-0.635,0.949,-0.82,1.63,1.626,-0.349,1.353,0.201,1.058,-0.612,0.704,2.189,0.026,0.01,-36.239,0.213,2.297,0.018,0.007,-50.969,0.325,3.032,0.006,0.007,-54.534,0.411,3.152,0.015,0.006,-89.718,0.527,3.186,0.01,0.005,-59.771,0.596,3.309,0.008,0.008,-50.186,0.419,3.423,0.003,0.007,-24.079,0.469,4.099,0.005,0.006,-75.347,0.698,4.199,0.005,0.005,-100.732,0.77,4.293,0.007,0.005,-87.134,0.952,4.351,0.107,0.006,-94.821,0.72,4.715,0.007,0.007,-51.961,0.666,5.064,0.019,0.008,-48.812,0.65,5.228,0.106,0.006,-71.473,0.866,5.531,0.012,0.006,-137.929,0.989,5.988,0.01,0.007,-64.586,0.895,6.067,0.005,0.004,-113.163,1.384,6.283,0.007,0.005,-109.998,1.303,6.707,0.001,0.004,-92.698,1.563,7.02,0.002,0.008,-43.14,0.918,7.153,0.066,0.009,-42.087,0.805,8.29,0.014,0.011,-19.26,0.771,8.467,0.005,0.008,-33.194,1.024,5.117,0.003,0.004,-107.28,1.26,5.703,0.019,0.005,-202.906,1.239,3.764,0.13,0.007,-80.185,0.511,6.175,0.006,0.005,-87.505,1.246,11.393,0.004,0.009,-23.604,1.325
51,D0631,45049841_1450,8/18/2022 17:26,25.3,2,,FALSE,,GD,No Defect,Not Done,Pass,Green,Not Done,Pass,Green,Pass,300_FW,none,,,0,0,Pass,0,0,,2.302,3.023,3.309,3.406,4.069,4.331,5.204,5.519,6.267,7.15,3.76,-0.136,0.193,-0.888,0.611,0.04,-1.514,0.171,-0.501,0.373,-0.781,0.3,2.189,0.08,0.011,-66.11,0.191,2.302,0.1,0.009,-80.69,0.26,3.023,0.01,0.003,-46.44,1.082,3.15,0.048,0.006,-154.641,0.538,3.166,0.012,0.004,-178.72,0.862,3.309,0.019,0.008,-71.949,0.419,3.406,0.007,0.009,-42.795,0.362,4.069,0.01,0.007,-92.123,0.571,4.19,0.011,0.006,-144.704,0.658,4.268,0.019,0.006,-175.83,0.726,4.331,0.206,0.008,-105.901,0.552,4.694,0.018,0.007,-111.818,0.637,5.048,0.029,0.008,-78.377,0.667,5.204,0.015,0.005,-95.511,1.031,5.519,0.084,0.005,-170.64,1.038,5.988,0.025,0.006,-138.911,0.995,6.052,0.014,0.005,-183.988,1.24,6.267,0.012,0.006,-135.654,1.038,6.678,0.003,0.009,-33.826,0.77,7.02,0.004,0.008,-49.884,0.83,7.15,0.018,0.008,-63.581,0.899,8.279,0.055,0.01,-49.22,0.861,8.456,0.02,0.01,-50.56,0.879,5.11,0.003,0.004,-138.117,1.213,5.696,0.014,0.008,-66.983,0.678,3.76,0.021,0.005,-105.91,0.72,6.16,0.009,0.005,-125.931,1.229,11.355,0.001,0.009,-12.239,1.23
52,4308,45060355_14625,8/31/2022 15:58,24.4,2,,FALSE,,GD,No Defect,Not Done,Pass,Green,Not Done,Pass,Green,Pass,100_LVL (old),none,,,2,2012,Pass,0,0,,2.291,3.02,3.312,3.387,4.061,4.344,5.186,5.511,6.248,7.147,3.753,-1.272,-0.105,-0.545,-0.533,-0.381,-0.77,-0.699,-0.944,-0.481,-0.925,-0.405,2.174,0.032,0.011,-44.852,0.195,2.291,0.026,0.012,-74.792,0.184,3.02,0.006,0.008,-59.76,0.393,3.131,0.021,0.007,-69.527,0.444,3.159,0.009,0.005,-60.918,0.657,3.312,0.012,0.007,-61.641,0.499,3.387,0.004,0.008,-37.983,0.408,4.061,0.008,0.007,-53.273,0.597,4.197,0.006,0.006,-124.494,0.76,4.264,0.006,0.007,-48.787,0.623,4.344,0.009,0.007,-45.06,0.668,4.706,0.007,0.009,-35.379,0.544,5.044,0.014,0.009,-36.612,0.58,5.186,0.01,0.009,-30.536,0.551,5.511,0.011,0.006,-126.744,0.964,5.985,0.005,0.006,-24.872,0.966,6.048,0.004,0.007,-38.163,0.92,6.248,0.035,0.008,-53.466,0.769,6.632,0.001,0.005,-30.523,1.317,6.972,0.015,0.008,-54.895,0.833,7.147,0.044,0.011,-23.998,0.641,8.281,0.008,0.012,-12.223,0.685,8.395,0.005,0.012,-19.326,0.717,5.109,0.006,0.004,-116.356,1.178,5.7,0.014,0.005,-94.777,1.054,3.753,0.019,0.007,-71.617,0.56,6.137,0.005,0.003,-83.791,1.915,11.349,0.009,0.009,-24.263,1.256
53,3171,45195236_1450,11/5/2022 0:06,23.2,2,QPLog 10-1631 (16) rev12,FALSE,,GD,No Defect,Pass,Pass,Green,Not Done,Pass,Green,Pass,200_LA (old),none,,,8,2007,Pass,0,0,,2.295,3.004,3.313,3.402,4.072,4.357,5.2,5.505,6.262,7.137,3.749,-0.83,-1.454,-0.442,0.413,0.216,-0.002,-0.006,-1.296,0.142,-1.411,-0.918,2.167,0.241,0.005,-42.516,0.415,2.295,0.34,0.003,-52.404,0.724,3.004,0.134,0.007,-95.557,0.434,3.128,0.227,0.006,-185.222,0.541,3.161,0.145,0.006,-103.251,0.546,3.313,0.12,0.008,-105.349,0.426,3.402,0.099,0.007,-77.169,0.471,4.072,0.041,0.007,-95.17,0.583,4.201,0.077,0.006,-211.857,0.749,4.278,0.114,0.006,-140.318,0.758,4.357,0.206,0.006,-111.851,0.689,4.717,0.14,0.007,-109.604,0.665,5.051,0.201,0.009,-56.048,0.541,5.2,0.063,0.006,-57.788,0.883,5.505,0.117,0.006,-119.427,0.888,5.981,0.185,0.007,-89.435,0.853,6.054,0.1,0.005,-178.683,1.239,6.262,0.127,0.006,-124.19,1.038,6.642,0.037,0.007,-53.085,0.926,6.968,0.028,0.01,-49.731,0.71,7.137,0.161,0.008,-68.397,0.927,8.266,0.04,0.01,-41.581,0.823,8.4,0.036,0.009,-50.313,0.928,5.114,0.028,0.004,-172.565,1.284,5.698,0.019,0.008,-70.715,0.74,3.749,0.145,0.007,-56.944,0.51,6.14,0.038,0.006,-126.403,1.09,11.328,0.003,0.01,-8.732,1.114
54,6147,45208093_1450,11/12/2022 0:50,23.8,2,QPLog 10-1631 (16) rev12,FALSE,,GD,No Defect,Pass,Pass,Green,Not Done,Pass,Green,Pass,200_LA (old),none,,,4,2015,Pass,0,0,,2.3,3.031,3.309,3.393,4.06,4.339,5.191,5.519,6.256,7.162,3.762,-0.273,0.854,-0.82,-0.153,-0.447,-1.061,-0.451,-0.478,-0.131,-0.147,0.488,2.163,0.271,0.009,-12.241,0.234,2.3,0.305,0.006,-22.327,0.413,3.031,0.104,0.008,-47.719,0.391,3.138,0.342,0.006,-164.331,0.52,3.169,0.021,0.003,-304.762,1.193,3.309,0.145,0.006,-132.945,0.562,3.393,0.063,0.009,-47.262,0.373,4.06,0.077,0.006,-122.359,0.64,4.189,0.067,0.006,-146.473,0.696,4.265,0.101,0.005,-176.09,0.892,4.339,0.148,0.007,-110.711,0.633,4.712,0.096,0.007,-114.136,0.663,5.05,0.187,0.008,-73.153,0.647,5.191,0.08,0.007,-80.828,0.748,5.519,0.05,0.006,-144.838,0.888,5.98,0.126,0.006,-171.457,1.014,6.043,0.138,0.008,-70.508,0.783,6.256,0.101,0.006,-137.807,1.082,6.649,0.034,0.006,-58.328,1.087,6.992,0.025,0.009,-59.265,0.787,7.162,0.143,0.008,-65.648,0.864,8.304,0.043,0.009,-47.333,0.888,8.421,0.042,0.009,-50.576,0.942,5.114,0.017,0.003,-128.458,1.6,5.694,0.02,0.009,-70.756,0.664,3.762,0.157,0.006,-83.282,0.632,6.134,0.053,0.006,-152.993,1.073,11.362,0.002,0.003,-6.111,3.974
55,6551,45217029_355,11/22/2022 20:23,22.7,2,,TRUE,,GD,No Defect,Not Done,Pass,Green,Not Done,Pass,Green,Pass,100_LVL (old),none,,,12,2015,Pass,0,0,,2.289,3.019,3.315,3.37,4.038,4.336,5.177,5.512,6.233,7.144,3.754,-1.536,-0.222,-0.202,-1.528,-1.579,-1.196,-1.178,-0.875,-1.108,-1.074,-0.392,2.163,0.032,0.011,-40.388,0.198,2.289,0.026,0.007,-55.896,0.328,3.019,0.006,0.01,-45.233,0.309,3.119,0.022,0.009,-50.562,0.339,3.152,0.011,0.004,-132.919,0.772,3.315,0.011,0.006,-68.13,0.531,3.37,0.003,0.007,-28.735,0.454,4.038,0.007,0.004,-45.186,1.049,4.197,0.005,0.006,-93.504,0.731,4.256,0.006,0.009,-39.031,0.496,4.336,0.006,0.008,-31.233,0.518,4.714,0.005,0.006,-36.517,0.817,5.044,0.011,0.009,-35.24,0.563,5.177,0.003,0.003,-31.089,1.957,5.512,0.015,0.005,-128.36,1.099,5.976,0.004,0.002,-53.635,3.808,6.036,0.003,0.009,-28.504,0.678,6.233,0.029,0.008,-55.768,0.767,6.609,0.001,0.005,-100.684,1.4,6.917,0.004,0.004,-27.797,1.584,7.144,0.038,0.011,-22.448,0.635,8.285,0.006,0.01,-12.613,0.81,8.369,0.004,0.01,-14.529,0.862,5.1,0.006,0.005,-105.632,1.124,5.687,0.012,0.005,-104.649,1.036,3.754,0.016,0.007,-57.125,0.535,6.119,0.036,0.01,-81.396,0.639,11.322,0.007,0.008,-27.541,1.343
56,4289,45277064_1450,12/22/2022 1:30,22.7,2,QPLog 10-1631 (16) rev14,FALSE,,GD,No Defect,Pass,Pass,Green,Not Done,Pass,Green,Pass,200_LA (old),none,,,2,2012,Pass,0,0,,2.293,3.014,3.311,3.381,4.049,4.338,5.18,5.507,6.242,7.141,3.754,-1.09,-0.613,-0.648,-0.85,-1.005,-1.119,-1.012,-1.178,-0.712,-1.21,-0.364,2.163,0.126,0.008,-69.3,0.274,2.293,0.173,0.008,-87.288,0.28,3.014,0.117,0.008,-43.514,0.356,3.13,0.33,0.007,-116.567,0.424,3.159,0.02,0.003,-310.867,1.128,3.311,0.141,0.008,-112.546,0.44,3.381,0.089,0.008,-71.023,0.415,4.049,0.072,0.008,-127.165,0.537,4.198,0.063,0.006,-182.463,0.712,4.259,0.166,0.006,-143.51,0.685,4.338,0.129,0.006,-105.803,0.731,4.7,0.107,0.007,-104.879,0.683,5.042,0.176,0.008,-65.257,0.611,5.18,0.067,0.008,-49.99,0.685,5.507,0.084,0.006,-139.497,0.911,5.986,0.168,0.007,-108.248,0.914,6.045,0.085,0.006,-143.649,1.055,6.242,0.101,0.006,-129.137,1.043,6.63,0.036,0.006,-60.117,1.143,6.938,0.014,0.005,-53.449,1.342,7.141,0.158,0.008,-64.322,0.849,8.275,0.041,0.013,-37.141,0.628,8.39,0.042,0.009,-55.785,0.93,5.106,0.038,0.005,-178.551,1.105,5.695,0.025,0.006,-116.513,0.877,3.754,0.138,0.006,-52.105,0.584,6.115,0.017,0.005,-53.587,1.247,11.333,0.002,0.008,-11.44,1.392
57,8060,45278392_1450,12/27/2022 20:51,20.5,2,QPLog 10-1631 (16) rev15,TRUE,,GD,No Defect,Not Done,Pass,Green,Not Done,Pass,Green,Pass,110_LVL (new),none,,,8,2017,Pass,0,0,,2.311,3.018,3.314,3.404,4.078,4.367,5.206,5.54,6.264,7.19,3.754,0.834,-0.226,-0.373,0.519,0.493,0.613,0.279,0.739,0.242,1.255,-0.357,2.186,0.097,0.003,-13.293,0.667,2.311,0.264,0.012,-15.233,0.198,3.018,0.102,0.01,-62.453,0.303,3.131,0.213,0.006,-195.152,0.551,3.166,0.188,0.01,-52.564,0.303,3.314,0.134,0.009,-97.747,0.386,3.404,0.055,0.005,-40.737,0.743,4.078,0.067,0.006,-136.052,0.676,4.2,0.076,0.006,-211.958,0.747,4.293,0.085,0.006,-169.511,0.694,4.367,0.143,0.006,-102.13,0.674,4.737,0.11,0.006,-102.629,0.732,5.077,0.193,0.009,-64.337,0.558,5.206,0.089,0.007,-92.294,0.763,5.54,0.051,0.007,-89.094,0.739,6,0.083,0.006,-190.579,1.017,6.074,0.131,0.007,-98.896,0.891,6.264,0.074,0.006,-108.576,0.978,6.638,0.019,0.008,-36.902,0.824,6.949,0.014,0.003,-10.886,2.394,7.19,0.125,0.008,-70.289,0.911,8.33,0.017,0.007,-17.857,1.151,8.405,0.042,0.009,-36.268,0.926,5.131,0.029,0.003,-241.947,1.688,5.704,0.007,0.007,-106.928,0.825,3.754,0.157,0.007,-124.143,0.506,6.151,0.036,0.006,-106.053,1.017,11.425,0.003,0.01,-15.94,1.096
58,8063,45245342_1450,12/7/2022 23:44,24.9,2,QPLog 10-1631 (16) rev14,FALSE,,GD,No Defect,Not Done,Pass,Green,Not Done,Pass,Green,Pass,110_LVL (new),none,,,8,2017,Pass,0,0,,2.311,3.016,3.322,3.396,4.072,4.357,5.201,5.525,6.251,7.161,3.749,0.888,-0.454,0.52,0.034,0.181,-0.022,0.041,-0.131,-0.344,-0.229,-0.835,2.185,0.012,0.003,-48.202,0.69,2.311,0.014,0.004,-35.084,0.54,3.016,0.013,0.006,-92.16,0.511,3.128,0.023,0.005,-151.537,0.58,3.16,0.015,0.011,-58.82,0.28,3.322,0.014,0.008,-117.398,0.435,3.396,0.007,0.006,-58.633,0.574,4.072,0.006,0.006,-86.608,0.632,4.221,0.008,0.006,-173.916,0.685,4.285,0.014,0.006,-108.37,0.733,4.357,0.017,0.007,-76.173,0.666,4.717,0.013,0.007,-65.448,0.658,5.072,0.023,0.008,-54.409,0.651,5.201,0.011,0.005,-97.46,1.117,5.525,0.062,0.007,-114.275,0.818,6.005,0.017,0.006,-81.855,0.933,6.071,0.009,0.005,-171.863,1.104,6.251,0.008,0.007,-74.412,0.943,6.631,0.002,0.006,-34.684,1.067,6.975,0.032,0.008,-82.005,0.926,7.161,0.151,0.008,-67.52,0.891,8.292,0.004,0.009,-34.01,0.898,8.389,0.038,0.01,-46.407,0.86,5.137,0.003,0.005,-121.218,1.067,5.706,0.014,0.008,-66.665,0.723,3.749,0.013,0.007,-87.332,0.549,6.144,0.005,0.005,-87.611,1.17,11.373,0.002,0.004,-17.379,2.717
59,e0632,45247929_355,12/7/2022 22:03,24.7,2,QPLog 10-1631 (16) rev14,FALSE,,GD,No Defect,Not Done,Pass,Green,Not Done,Pass,Green,Pass,110_LVL (new),none,,,2,2020,Pass,0,0,,2.289,3.027,3.313,3.405,4.068,4.355,5.203,5.526,6.267,7.168,3.758,-1.525,0.525,-0.408,0.534,-0.002,-0.099,0.13,-0.073,0.358,0.148,0.09,2.183,0.016,0.004,-63.502,0.517,2.289,0.04,0.013,-30.702,0.181,3.027,0.017,0.006,-105.678,0.499,3.138,0.026,0.006,-162.871,0.532,3.161,0.006,0.003,-55.779,1.032,3.313,0.014,0.006,-106.976,0.548,3.405,0.012,0.005,-65.925,0.623,4.068,0.004,0.006,-93.32,0.728,4.198,0.008,0.005,-152.318,0.807,4.28,0.014,0.005,-130.145,0.783,4.355,0.024,0.008,-75.033,0.518,4.718,0.019,0.007,-82.722,0.725,5.068,0.033,0.011,-46.68,0.477,5.203,0.012,0.006,-94.649,0.906,5.526,0.015,0.006,-118.706,0.961,5.991,0.017,0.006,-158.335,0.966,6.061,0.025,0.006,-109.615,1.075,6.267,0.012,0.008,-78.1,0.831,6.652,0.003,0.007,-33.527,0.998,6.992,0.003,0.008,-34.442,0.844,7.168,0.017,0.009,-57.906,0.822,8.309,0.003,0.006,-44.923,1.385,8.429,0.005,0.009,-49.333,0.908,5.128,0.006,0.003,-184.48,1.65,5.702,0.013,0.009,-41.325,0.648,3.758,0.016,0.004,-122.727,1,6.149,0.005,0.006,-106.631,1.105,11.374,0.005,0.012,-16.677,0.94
60,e0632,45247929_355,12/7/2022 21:25,25.3,2,QPLog 10-1631 (16) rev14,FALSE,,GD,No Defect,Not Done,Pass,Green,Not Done,Pass,Green,Pass,110_LVL (new),none,,,2,2020,Pass,0,0,,2.297,2.999,3.316,3.406,4.081,4.338,5.21,5.498,6.247,7.121,3.743,-0.599,-1.94,-0.167,0.611,0.701,-1.119,0.479,-1.743,-0.492,-2.23,-1.518,2.181,0.031,0.007,-52.772,0.298,2.297,0.038,0.012,-58.068,0.197,2.999,0.009,0.007,-74.769,0.458,3.127,0.017,0.006,-171.748,0.555,3.168,0.012,0.007,-93.567,0.476,3.316,0.01,0.005,-109.692,0.604,3.406,0.005,0.008,-56.69,0.452,4.081,0.005,0.003,-117.019,1.337,4.211,0.007,0.006,-177.107,0.701,4.28,0.011,0.008,-115.153,0.534,4.338,0.139,0.007,-97.072,0.618,4.699,0.01,0.006,-107.45,0.832,5.047,0.019,0.008,-50.394,0.625,5.21,0.01,0.004,-132.028,1.245,5.498,0.052,0.005,-172.236,1.07,5.974,0.015,0.008,-62.438,0.786,6.051,0.007,0.005,-152.178,1.172,6.247,0.008,0.006,-104.067,0.985,6.643,0.002,0.007,-32.996,0.908,6.96,0.032,0.01,-50.536,0.722,7.121,0.105,0.009,-55.923,0.773,8.247,0.045,0.009,-41.894,0.934,8.392,0.019,0.011,-38.63,0.757,5.127,0.002,0.003,-127.51,1.6,5.684,0.008,0.005,-66.46,1.181,3.743,0.009,0.003,-106.255,1.268,6.142,0.005,0.004,-123.65,1.456,11.312,0.002,0.009,-16.397,1.289
61,4299,45293287_1450,1/7/2023 17:52,21,2,QPLog 10-1631 (16) rev14,FALSE,,GD,No Defect,Pass,Pass,Green,Not Done,Pass,Green,Pass,200_LA (old),none,,,2,2012,Pass,0,0,,2.3,2.997,3.31,3.399,4.064,4.345,5.192,5.507,6.257,7.145,3.745,-0.351,-2.131,-0.717,0.215,-0.203,-0.676,-0.395,-1.178,-0.066,-0.996,-1.266,2.174,0.295,0.005,-10.266,0.411,2.3,0.526,0.016,-20.273,0.14,2.997,0.127,0.008,-66.191,0.378,3.124,0.2,0.006,-172.912,0.538,3.16,0.14,0.006,-111.749,0.494,3.31,0.143,0.006,-123.873,0.512,3.399,0.114,0.012,-36.646,0.289,4.064,0.03,0.007,-103.26,0.618,4.19,0.081,0.005,-234.35,0.765,4.272,0.2,0.006,-138.369,0.721,4.345,0.269,0.008,-83.722,0.566,4.711,0.165,0.008,-80.492,0.589,5.048,0.264,0.011,-43.305,0.469,5.192,0.069,0.008,-57.432,0.664,5.507,0.148,0.006,-97.971,0.848,5.978,0.156,0.007,-132.834,0.878,6.045,0.155,0.006,-122.732,0.968,6.257,0.133,0.006,-131.561,1.056,6.631,0.04,0.005,-72.751,1.233,6.961,0.022,0.01,-51.528,0.699,7.145,0.167,0.009,-56.698,0.831,8.28,0.035,0.01,-52.616,0.82,8.395,0.052,0.009,-50.052,0.929,5.115,0.033,0.003,-201.532,1.586,5.702,0.023,0.007,-87.366,0.822,3.745,0.162,0.004,-96.161,0.848,6.135,0.018,0.003,-73.276,1.897,11.322,0.003,0.004,-15.22,3.207
62,2247,45381444_1450,2/18/2023 3:25,23.9,2,QPLog 10-1631 (16) rev14,FALSE,,GD,No Defect,Pass,Pass,Green,Not Done,Pass,Green,Pass,200_LA (old),none,,,1,2003,Pass,0,0,,2.304,3.018,3.338,3.379,4.06,4.384,5.25,5.55,6.247,7.191,3.753,0.082,-0.228,2.116,-0.971,-0.447,1.548,2.44,1.319,-0.522,1.291,-0.43,2.216,0.028,0.003,-36.596,0.683,2.304,0.161,0.004,-92.384,0.518,3.018,0.134,0.011,-37.87,0.276,3.124,0.126,0.006,-131.233,0.499,3.149,0.2,0.005,-133.56,0.632,3.338,0.053,0.007,-119.146,0.511,3.379,0.117,0.008,-63.775,0.417,4.06,0.047,0.007,-94.19,0.565,4.244,0.051,0.006,-168.934,0.666,4.285,0.111,0.006,-151.15,0.722,4.384,0.073,0.007,-104.853,0.63,4.731,0.025,0.006,-99.673,0.809,5.088,0.078,0.011,-37.15,0.465,5.25,0.032,0.006,-120.612,0.927,5.55,0.057,0.006,-105.023,0.943,6.04,0.015,0.006,-97.423,1.08,6.085,0.004,0.005,-52.342,1.314,6.247,0.052,0.006,-146.923,1.062,6.632,0.036,0.007,-81.475,0.972,6.958,0.043,0.008,-85.393,0.925,7.191,0.049,0.007,-103.181,1.077,8.303,0.007,0.008,-69.513,1.093,8.385,0.068,0.009,-61.08,0.967,5.152,0.016,0.005,-90.315,1.05,5.707,0.008,0.009,-102.058,0.641,3.753,0.09,0.002,-25.91,2.174,6.111,0.029,0.005,-194.531,1.247,11.413,0.004,0.004,-22.498,3.166
63,4258,45323100_1450,1/20/2023 18:52,24.4,2,QPLog 10-1631 (16) rev14,TRUE,,GD,No Defect,Not Done,Pass,Green,Not Done,Pass,Green,Pass,300_FW,none,,,0,0,Pass,0,0,,2.304,3.004,3.321,3.399,4.076,4.376,5.207,5.531,6.261,7.174,3.752,0.091,-1.488,0.417,0.213,0.43,1.124,0.305,0.195,0.082,0.417,-0.505,2.176,0.227,0.014,-35.056,0.159,2.304,0.402,0.009,-57.197,0.251,3.004,0.084,0.007,-87.588,0.452,3.124,0.121,0.006,-158.326,0.519,3.158,0.102,0.006,-109.816,0.515,3.321,0.081,0.007,-99.606,0.476,3.399,0.035,0.007,-68.918,0.48,4.076,0.05,0.006,-127.652,0.664,4.205,0.053,0.005,-225.845,0.794,4.292,0.054,0.006,-163.159,0.699,4.376,0.063,0.006,-119.244,0.684,4.732,0.061,0.007,-113.534,0.668,5.07,0.109,0.008,-74.218,0.611,5.207,0.071,0.006,-102.803,0.804,5.531,0.045,0.005,-171.039,1.092,5.992,0.064,0.006,-219.66,1.018,6.064,0.084,0.006,-126.176,0.987,6.261,0.064,0.005,-164.321,1.143,6.636,0.023,0.007,-95.168,1.004,6.961,0.012,0.008,-63.79,0.87,7.174,0.072,0.008,-64.609,0.851,8.297,0.003,0.006,-31.289,1.507,8.39,0.009,0.01,-31.771,0.853,5.116,0.024,0.004,-260.497,1.315,5.707,0.009,0.007,-141.804,0.859,3.752,0.056,0.008,-53.91,0.494,6.153,0.005,0.003,-124.923,2.051,11.375,0.005,0.012,-13.025,0.969
64,5482,45397471_1450,2/24/2023 21:34,20.1,2,QPLog 10-1631 (16) rev14,TRUE,,B3,No Defect,Pass,Pass,Green,Not Done,Pass,Green,Pass,200_LA (old),none,,,4,2014,Pass,0,0,,2.288,2.994,3.32,3.39,4.064,4.362,5.223,5.513,6.245,7.154,3.743,-1.603,-2.359,0.245,-0.334,-0.233,0.324,1.114,-0.826,-0.607,-0.582,-1.473,2.162,0.107,0.005,-30.56,0.473,2.288,0.109,0.009,-23.075,0.243,2.994,0.15,0.007,-76.392,0.433,3.114,0.101,0.006,-180.495,0.551,3.154,0.205,0.007,-101.327,0.422,3.32,0.072,0.006,-116.63,0.521,3.39,0.048,0.011,-41.526,0.31,4.064,0.062,0.007,-95.811,0.614,4.207,0.044,0.006,-188.985,0.727,4.279,0.048,0.008,-97.504,0.544,4.362,0.053,0.007,-126.262,0.639,4.716,0.043,0.009,-55.274,0.497,5.059,0.072,0.01,-44.69,0.49,5.223,0.033,0.006,-152.083,0.939,5.513,0.058,0.005,-131.3,1.152,5.997,0.059,0.004,-189.152,1.486,6.068,0.027,0.006,-119.882,1.032,6.245,0.052,0.005,-165.441,1.142,6.601,0.033,0.007,-84.628,0.992,6.921,0.028,0.008,-79.189,0.866,7.154,0.065,0.008,-79.801,0.95,8.297,0.01,0.005,-68.789,1.709,8.355,0.056,0.009,-62.876,0.964,5.119,0.02,0.005,-168.636,1.098,5.7,0.014,0.007,-76.806,0.87,3.743,0.193,0.007,-97.712,0.574,6.122,0.023,0.005,-104.889,1.286,11.34,0.001,0.003,-12.38,3.735
65,5482,45397471_1450,2/24/2023 21:47,20.5,2,QPLog 10-1631 (16) rev14,TRUE,,GD,No Defect,Pass,Pass,Green,Not Done,Pass,Green,Pass,200_LA (old),none,,,4,2014,Pass,0,0,,2.301,2.995,3.319,3.39,4.065,4.363,5.224,5.514,6.245,7.154,3.743,-0.202,-2.263,0.21,-0.314,-0.173,0.363,1.165,-0.778,-0.579,-0.566,-1.473,2.164,0.109,0.003,-22.254,0.678,2.301,0.343,0.009,-35.278,0.259,2.995,0.151,0.009,-72.669,0.343,3.114,0.107,0.006,-205.552,0.557,3.154,0.204,0.007,-96.368,0.451,3.319,0.075,0.006,-134.025,0.552,3.39,0.052,0.007,-54.108,0.462,4.065,0.067,0.006,-113.874,0.667,4.208,0.048,0.005,-191.204,0.797,4.28,0.053,0.007,-114.181,0.6,4.363,0.058,0.007,-117.768,0.655,4.717,0.051,0.008,-77.041,0.605,5.059,0.088,0.009,-50.475,0.535,5.224,0.033,0.005,-133.138,1.073,5.514,0.06,0.005,-143.048,1.118,5.997,0.06,0.004,-180.034,1.465,6.068,0.029,0.006,-145.723,1.05,6.245,0.057,0.006,-174.128,1.127,6.614,0.009,0.002,-16.944,3.918,6.92,0.03,0.008,-81.337,0.881,7.154,0.069,0.007,-80.447,0.97,8.297,0.011,0.005,-59.092,1.566,8.355,0.06,0.008,-66.322,0.995,5.121,0.02,0.006,-151.489,0.902,5.699,0.014,0.005,-109.095,1.05,3.743,0.203,0.006,-104.622,0.6,6.123,0.024,0.004,-114.008,1.375,11.349,0.001,0.009,-10.942,1.212
66,6146,45367655_1450,2/10/2023 22:43,24.1,2,QPLog 10-1631 (16) rev14,FALSE,,GD,,,,,,Pass,,,300_FW,,,,,,Pass,0,0,,2.308,3.028,3.318,3.4,4.07,4.352,5.199,5.529,6.262,7.175,3.766,0.55,0.625,0.107,0.275,0.076,-0.311,-0.081,0.11,0.142,0.486,0.915,2.185,0.381,0.009,-35.363,0.253,2.308,0.428,0.01,-49.758,0.227,3.028,0.066,0.006,-94.787,0.5,3.141,0.199,0.006,-148.361,0.531,0,0,0,0,0,3.318,0.093,0.006,-114.477,0.537,3.4,0.033,0.011,-36.728,0.32,4.07,0.051,0.008,-105.563,0.522,4.201,0.047,0.005,-247.927,0.805,4.275,0.074,0.006,-175.806,0.765,4.352,0.086,0.006,-140.031,0.738,4.72,0.067,0.007,-118.613,0.719,5.064,0.106,0.009,-65.975,0.591,5.199,0.066,0.009,-69.099,0.594,5.529,0.039,0.006,-129.097,0.905,5.997,0.075,0.006,-159.886,1.054,6.056,0.085,0.006,-104.276,0.951,6.262,0.058,0.005,-153.54,1.158,6.651,0.016,0.007,-73.784,0.962,6.996,0.01,0.009,-48.792,0.763,7.175,0.069,0.008,-73.929,0.896,8.32,0.01,0.012,-21.477,0.676,8.429,0.012,0.01,-40.544,0.833,5.114,0.031,0.006,-167.96,0.896,5.716,0.001,0.001,-187.694,4.454,3.766,0.077,0.006,-75.504,0.596,6.145,0.004,0.003,-73.111,1.779,11.372,0.003,0.011,-17.308,1.027
67,6148,45322623_1450,1/19/2023 20:27,25,2,QPLog 10-1631 (16) rev14,FALSE,,GD,No Defect,Not Done,Pass,Green,Not Done,Pass,Green,Pass,300_FW,none,,,0,0,Pass,0,0,,2.305,3.026,3.314,3.397,4.064,4.354,5.198,5.522,6.263,7.171,3.755,0.277,0.438,-0.339,0.077,-0.223,-0.157,-0.119,-0.285,0.198,0.269,-0.217,2.184,0.327,0.011,-49.638,0.208,2.305,0.407,0.01,-67.967,0.237,3.026,0.072,0.007,-85.237,0.44,3.136,0.171,0.006,-153.424,0.525,0,0,0,0,0,3.314,0.08,0.007,-103.178,0.478,3.397,0.029,0.01,-59.505,0.34,4.064,0.047,0.007,-97.909,0.585,4.194,0.042,0.006,-178.04,0.708,4.275,0.063,0.007,-156.075,0.654,4.354,0.068,0.007,-105.689,0.657,4.716,0.054,0.01,-71.044,0.496,5.058,0.101,0.01,-50.331,0.493,5.198,0.067,0.009,-72.838,0.603,5.522,0.03,0.006,-127.298,0.952,5.989,0.084,0.005,-184.409,1.136,6.058,0.078,0.007,-99.551,0.908,6.263,0.059,0.006,-147.725,1.113,6.655,0.017,0.007,-80.631,0.984,6.992,0.01,0.009,-56.664,0.762,7.171,0.068,0.007,-88.201,0.956,8.316,0.011,0.011,-34.241,0.771,8.421,0.012,0.01,-38.18,0.861,5.121,0.012,0.003,-106.46,1.571,5.7,0.014,0.006,-116.863,0.959,3.755,0.067,0.006,-62.505,0.589,6.156,0.028,0.006,-123.611,1.08,11.377,0.005,0.011,-18.632,1.055
68,6200,45378459_1450,2/16/2023 18:25,24.3,2,QPLog 10-1631 (16) rev14,FALSE,,B3,No Defect,Pass,Pass,Green,Not Done,Pass,Green,Pass,300_FW,none,,,5,2015,Pass,0,0,,2.291,3.016,3.329,3.386,4.057,4.335,5.196,5.528,6.247,7.17,3.749,-1.288,-0.43,1.206,-0.591,-0.571,-1.28,-0.243,0.051,-0.492,0.219,-0.877,2.168,0.121,0.011,-29.24,0.206,2.291,0.13,0.009,-13.332,0.242,3.016,0.079,0.007,-94.999,0.416,3.129,0.158,0.006,-141.277,0.534,3.159,0.01,0.002,-252.583,1.275,3.329,0.091,0.006,-121.497,0.53,3.386,0.035,0.009,-60.921,0.396,4.057,0.042,0.007,-104.717,0.552,4.219,0.04,0.007,-164.859,0.648,4.279,0.076,0.005,-197.178,0.793,4.335,0.011,0.003,-51.239,1.381,4.72,0.041,0.008,-89.032,0.566,5.068,0.086,0.009,-69.637,0.552,5.196,0.054,0.007,-78.822,0.784,5.528,0.047,0.006,-144.82,0.93,5.994,0.031,0.004,-56.67,1.577,6.075,0.05,0.005,-207.242,1.308,6.247,0.065,0.005,-193.484,1.203,6.628,0.017,0.007,-78.935,0.964,6.98,0.017,0.007,-79.162,0.953,7.17,0.058,0.008,-83.668,0.945,8.314,0.009,0.012,-33.587,0.695,8.39,0.009,0.009,-37.657,0.898,5.132,0.038,0.005,-190.838,1.096,5.702,0.023,0.008,-94.464,0.749,3.749,0.038,0.004,-86.426,0.837,6.142,0.033,0.006,-127.616,1.09,11.369,0.006,0.014,-15.352,0.826
69,6200,45378459_1450,2/16/2023 18:46,24.4,2,QPLog 10-1631 (16) rev14,FALSE,,GD,No Defect,Pass,Pass,Green,Not Done,Pass,Green,Pass,300_FW,none,,,5,2015,Pass,0,0,,2.317,3.015,3.328,3.385,4.056,4.37,5.194,5.526,6.246,7.168,3.748,1.469,-0.491,1.138,-0.61,-0.64,0.768,-0.31,-0.073,-0.537,0.12,-1.013,2.181,0.293,0.01,-12.295,0.213,2.317,0.269,0.015,-11.831,0.159,3.015,0.078,0.007,-95.12,0.438,3.128,0.157,0.006,-140.221,0.528,0,0,0,0,0,3.328,0.1,0.006,-130.13,0.557,3.385,0.042,0.008,-71.991,0.408,4.056,0.046,0.008,-101.247,0.535,4.218,0.045,0.006,-152.872,0.652,4.278,0.085,0.005,-193.872,0.799,4.37,0.055,0.006,-109.574,0.696,4.719,0.045,0.007,-90.722,0.718,5.068,0.107,0.008,-68.605,0.61,5.194,0.064,0.007,-86.437,0.751,5.526,0.048,0.005,-161.852,1.033,5.992,0.031,0.004,-66.136,1.613,6.074,0.052,0.005,-178.741,1.177,6.246,0.064,0.005,-172.596,1.154,6.627,0.016,0.007,-67.247,0.894,6.957,0.008,0.003,-36.354,2.325,7.168,0.06,0.007,-83.957,0.959,8.312,0.011,0.01,-39.633,0.871,8.388,0.012,0.01,-36.659,0.841,5.13,0.044,0.005,-188.181,1.012,5.699,0.011,0.006,-102.692,0.881,3.748,0.043,0.004,-86.226,0.846,6.141,0.036,0.006,-128.182,1.061,11.366,0.004,0.015,-12.287,0.744
70,6549,45338740_1450,2/1/2023 15:51,21.2,2,QPLog 10-1631 (16) rev15,FALSE,,B3,No Defect,Not Done,Pass,Green,Not Done,Pass,Green,Pass,110_LVL (new),none,,,12,2015,Fail,0,0,,0,0,0,0,0,0,0,0,0,0,0,0,0,0,0,0,0,0,0,0,0,0,0,0,0,0,0,0,0,0,0,0,0,0,0,0,0,0,0,0,0,0,0,0,0,0,0,0,0,0,0,0,0,0,0,0,0,0,0,0,0,0,0,0,0,0,0,0,0,0,0,0,0,0,0,0,0,0,0,0,0,0,0,0,0,0,0,0,0,0,0,0,0,0,0,0,0,0,0,0,0,0,0,0,0,0,0,0,0,0,0,0,0,0,0,0,0,0,0,0,0,0,0,0,0,0,0,0,0,0,0,0,0,0,0,0,0,0,0,0,0,0,0,0,0,0,0,0,0,0,0,0,0,0,0,0,0,0,0,0,0,0
71,6549,45338740_1450,2/1/2023 15:57,20.7,2,QPLog 10-1631 (16) rev15,FALSE,,GD,No Defect,Not Done,Pass,Green,Not Done,Pass,Green,Pass,110_LVL (new),none,,,12,2015,Pass,0,0,,2.3,3.009,3.32,3.37,4.035,4.359,5.175,5.511,6.237,7.148,3.75,-0.31,-1.077,0.245,-1.528,-1.74,0.093,-1.265,-0.944,-0.96,-0.877,-0.781,2.162,0.233,0.008,-27.409,0.268,2.3,0.439,0.008,-64.063,0.289,3.009,0.101,0.006,-136.671,0.494,3.116,0.231,0.007,-118.58,0.474,3.132,0.029,0.002,-37.696,1.405,3.32,0.073,0.007,-99.231,0.471,3.37,0.063,0.007,-70.231,0.476,4.035,0.044,0.006,-110.492,0.649,4.206,0.072,0.006,-201.725,0.729,4.261,0.101,0.007,-131.487,0.644,4.359,0.127,0.007,-92.229,0.67,4.706,0.085,0.007,-112.925,0.705,5.053,0.185,0.008,-79.548,0.654,5.175,0.075,0.006,-108.856,0.888,5.511,0.073,0.005,-144.746,1.027,5.974,0.048,0.006,-161.822,0.965,6.055,0.074,0.006,-148.272,1.092,6.237,0.057,0.008,-78.153,0.754,6.608,0.018,0.007,-48.248,0.966,6.942,0.011,0.004,-23.279,1.909,7.148,0.099,0.008,-79.375,0.919,8.286,0.021,0.011,-28.228,0.74,8.369,0.03,0.013,-22.296,0.644,5.118,0.03,0.005,-114.373,1.037,5.688,0.006,0.007,-70.132,0.83,3.75,0.094,0.008,-61.674,0.46,6.127,0.023,0.006,-110.368,1.012,11.329,0.003,0.01,-18.292,1.149
72,B0044,45361560_1450,2/14/2023 19:27,21.8,2,QPLog 10-1631 (16) rev14,FALSE,,B3,No Defect,Pass,Pass,Green,Pass,Pass,Green,Pass,200_LA (old),none,,,6,2019,Fail,0,0,,2.362,3.059,3.326,3.427,4.105,4.367,5.165,5.55,6.29,7.187,3.787,6.371,3.298,0.897,1.893,1.962,0.594,-1.754,1.361,1.364,1.071,3.146,2.19,0.032,0.003,-86.73,0.707,2.362,0.073,0.005,-9.394,0.479,3.059,0.197,0.006,-99.757,0.473,3.163,0.164,0.007,-119.01,0.459,3.195,0.24,0.005,-153.36,0.682,3.326,0.096,0.006,-152.522,0.599,3.427,0.048,0.011,-36.509,0.324,4.105,0.062,0.006,-129.491,0.733,4.22,0.032,0.006,-236.34,0.759,4.304,0.072,0.006,-92.654,0.67,4.367,0.067,0.006,-110.731,0.769,4.733,0.073,0.007,-101.36,0.675,5.087,0.076,0.009,-47.659,0.572,5.165,0.008,0.004,-85.161,1.429,5.55,0.045,0.008,-49.585,0.717,0,0,0,0,0,6.075,0.042,0.005,-176.148,1.17,6.29,0.028,0.005,-157.453,1.175,6.715,0.04,0.007,-85.727,0.937,7.049,0.06,0.008,-82.145,0.936,7.187,0.049,0.008,-76.954,0.949,0,0,0,0,0,8.347,0.004,0.003,-37.557,2.858,5.142,0.018,0.005,-160.215,1.051,5.723,0.014,0.007,-85.521,0.805,3.787,0.222,0.008,-104.995,0.502,6.21,0.002,0.006,-74.824,1.055,11.428,0.003,0.008,-25.482,1.357
73,B0044,45361560_1450,2/14/2023 19:49,21.6,2,QPLog 10-1631 (16) rev14,FALSE,,B3,No Defect,Pass,Pass,Green,Pass,Pass,Green,Pass,200_LA (old),none,,,6,2019,Fail,0,0,,2.311,3.056,3.326,3.428,4.105,4.366,5.312,5.552,6.29,7.186,3.787,0.889,3.102,0.897,1.918,1.928,0.536,5.519,1.426,1.364,1.035,3.072,2.203,0.048,0.004,-49.753,0.591,2.311,0.088,0.009,-53.524,0.269,3.056,0.213,0.007,-86.38,0.455,3.162,0.186,0.007,-104.317,0.429,3.194,0.259,0.005,-144.589,0.67,3.326,0.109,0.006,-173.386,0.592,3.428,0.051,0.01,-33.725,0.33,4.105,0.069,0.006,-119.296,0.701,4.22,0.036,0.005,-243.557,0.839,4.305,0.079,0.008,-134.268,0.55,4.366,0.083,0.005,-109.593,0.803,4.734,0.082,0.006,-105.864,0.76,5.085,0.091,0.009,-52.228,0.55,5.312,0.024,0.004,-143.913,1.315,5.552,0.048,0.007,-56.787,0.793,6.021,0.058,0.005,-73.089,1.166,6.076,0.046,0.005,-191.714,1.195,6.29,0.031,0.006,-150.016,1.085,6.715,0.041,0.007,-84.759,0.922,7.048,0.063,0.007,-89.143,0.955,7.186,0.057,0.007,-85.424,1.005,8.331,0.01,0.006,-20.311,1.308,8.493,0.039,0.008,-69.14,1.078,5.14,0.018,0.004,-288.404,1.425,5.722,0.017,0.007,-96.995,0.837,3.787,0.253,0.008,-75.73,0.493,6.212,0.002,0.006,-92.801,1.018,11.429,0.004,0.012,-31.32,0.946
74,B0044,45361560_1450,2/14/2023 19:38,21.3,2,QPLog 10-1631 (16) rev14,FALSE,,B3,No Defect,Pass,Pass,Green,Pass,Pass,Green,Pass,200_LA (old),none,,,6,2019,Fail,0,0,,2.329,3.056,3.326,3.427,4.105,4.359,5.312,5.569,6.29,7.187,3.787,2.822,3.096,0.932,1.854,1.944,0.1,5.544,2.469,1.348,1.076,3.072,2.201,0.109,0.007,-43.747,0.317,2.329,0.041,0.003,-68.751,0.731,3.056,0.193,0.008,-86.662,0.405,3.163,0.173,0.007,-155.828,0.475,3.194,0.241,0.005,-152.049,0.672,3.326,0.106,0.005,-174.077,0.611,3.427,0.05,0.011,-39.166,0.301,4.105,0.067,0.008,-97.105,0.539,4.22,0.032,0.006,-214.97,0.762,4.304,0.083,0.006,-139.835,0.712,4.359,0.053,0.004,-120.032,1.205,4.733,0.08,0.007,-98.547,0.7,5.086,0.091,0.01,-63.737,0.529,5.312,0.025,0.005,-115.953,1.061,5.569,0.016,0.006,-100.414,0.905,0,0,0,0,0,6.076,0.044,0.006,-161.383,1.015,6.29,0.031,0.006,-167.099,1.079,6.715,0.043,0.007,-92.226,0.945,7.049,0.062,0.008,-82.247,0.932,7.187,0.051,0.008,-68.895,0.9,8.332,0.013,0.013,-23.859,0.631,8.441,0.005,0.003,-14.487,2.412,5.14,0.019,0.004,-270.508,1.279,5.722,0.017,0.006,-98.581,0.889,3.787,0.252,0.008,-90.727,0.497,6.211,0.002,0.005,-65.847,1.313,11.429,0.003,0.009,-14.791,1.251
75,D0466,45404757_1450,3/1/2023 5:07,21.9,2,QPLog 10-1631 (16) rev14,FALSE,,B3,No Defect,Pass,Pass,Green,Not Done,Pass,Green,Pass,200_LA (old),none,,,3,2019,Pass,0,0,,2.285,3.041,3.333,3.415,4.095,4.393,5.284,5.557,6.279,7.193,3.78,-1.973,1.736,1.6,1.19,1.399,2.088,4.155,1.757,0.882,1.402,2.397,2.164,0.032,0.007,-16.397,0.294,2.285,0.035,0.007,-25.37,0.326,3.041,0.101,0.007,-24.547,0.408,3.149,0.16,0.007,-135.609,0.474,3.182,0.189,0.006,-86.257,0.496,3.333,0.067,0.007,-91.214,0.445,3.415,0.049,0.009,-45.866,0.395,4.095,0.058,0.008,-86.692,0.506,4.235,0.031,0.006,-194.589,0.738,4.311,0.083,0.008,-133.329,0.573,4.393,0.024,0.009,-41.601,0.494,4.741,0.016,0.007,-77.858,0.661,5.102,0.062,0.008,-57.646,0.638,5.284,0.016,0.003,-32.162,1.783,5.557,0.041,0.007,-78.642,0.844,6.018,0.018,0.006,-53.899,1.007,6.11,0.003,0.005,-130.951,1.347,6.279,0.033,0.006,-133.398,1,6.681,0.026,0.008,-88.091,0.887,7,0.019,0.007,-63.256,1.006,7.193,0.046,0.008,-76.287,0.944,8.321,0.007,0.011,-57.759,0.787,8.449,0.031,0.008,-58.1,0.999,5.164,0.016,0.004,-234.262,1.289,5.716,0.009,0.007,-140.003,0.765,3.78,0.129,0.008,-60.233,0.501,6.181,0.002,0.004,-59.077,1.417,11.425,0.002,0.005,-11.579,2.45
76,D0466,45404757_1450,3/1/2023 4:55,22.3,2,QPLog 10-1631 (16) rev14,FALSE,,B3,No Defect,Pass,Pass,Green,Not Done,Pass,Green,Pass,200_LA (old),none,,,3,2019,Pass,0,0,,2.316,3.041,3.331,3.415,4.095,4.36,5.283,5.57,6.279,7.194,3.778,1.42,1.763,1.462,1.169,1.417,0.171,4.108,2.514,0.868,1.438,2.193,2.186,0.032,0.003,-16.202,0.671,2.316,0.029,0.008,-26.178,0.275,3.041,0.102,0.009,-39.877,0.357,3.148,0.149,0.007,-136.147,0.45,3.181,0.186,0.005,-121.174,0.652,3.331,0.063,0.007,-102.546,0.495,3.415,0.045,0.008,-52.417,0.417,4.095,0.055,0.008,-94.413,0.529,4.234,0.028,0.006,-162.055,0.663,4.337,0.058,0.006,-135.992,0.674,4.36,0.04,0.006,-125.95,0.691,4.721,0.037,0.007,-116.089,0.652,5.101,0.059,0.01,-47.351,0.499,5.283,0.015,0.006,-43.052,0.933,5.57,0.013,0.003,-15.346,1.678,6.042,0.063,0.007,-80.979,0.825,6.109,0.004,0.005,-137.99,1.328,6.279,0.035,0.006,-131.603,1.089,6.681,0.024,0.008,-60.899,0.853,7,0.02,0.007,-63.118,0.986,7.194,0.046,0.008,-81.669,0.954,8.32,0.008,0.009,-73.179,0.88,8.336,0.003,0.009,-46.206,0.956,5.164,0.015,0.004,-214.223,1.174,0,0,0,0,0,3.778,0.143,0.007,-83.844,0.565,6.19,0.002,0.002,-51.576,3.058,11.423,0.002,0.004,-23.005,2.901
77,2386,45404810_86833,3/17/2023 15:20,23.1,2,QPLog 10-1631 (16) rev16,TRUE,,GD,No Defect,Not Done,Pass,Green,Not Done,Pass,Green,Pass,110_LVL (new),none,,,11,2003,Pass,0,0,,2.309,3.033,3.327,3.375,4.052,4.354,5.182,5.532,6.233,7.176,3.76,0.603,1.002,1,-1.249,-0.834,-0.157,-0.91,0.279,-1.106,0.523,0.27,2.158,0.259,0.003,-10.234,0.617,2.309,0.286,0.009,-22.716,0.262,3.033,0.148,0.007,-72.742,0.428,3.13,0.33,0.006,-135.718,0.497,3.143,0.204,0.007,-50.908,0.459,3.327,0.147,0.007,-94.203,0.459,3.375,0.036,0.008,-68.608,0.446,4.052,0.145,0.007,-83.747,0.61,4.226,0.059,0.005,-218.804,0.797,4.269,0.063,0.004,-205.695,1.155,4.354,0.093,0.006,-145.494,0.781,4.727,0.076,0.007,-124.146,0.683,5.066,0.087,0.008,-85.163,0.638,5.182,0.08,0.007,-117.208,0.795,5.532,0.05,0.005,-158,1.029,6.018,0.063,0.005,-93.381,1.207,6.056,0.036,0.006,-124.132,1.059,6.233,0.053,0.007,-91.573,0.844,6.62,0.031,0.007,-82.894,0.915,6.947,0.003,0.009,-49.955,0.808,7.176,0.101,0.007,-92.619,1.015,0,0,0,0,0,8.372,0.052,0.009,-65.835,0.968,5.131,0.106,0.005,-188.192,0.983,5.696,0.008,0.005,-139.675,1.257,3.76,0.148,0.004,-64.285,0.923,6.138,0.058,0.007,-88.342,0.899,0,0,0,0,0
78,2798,45523806_1450,5/8/2023 19:51,23.4,2,QPLog 10-1631 (16) rev18,TRUE,,GD,No Defect,Pass,Pass,Green,Not Done,Pass,Green,Pass,400_LA (new),none,,,4,2006,Pass,0,0,,2.3,3.03,3.333,3.398,4.071,4.399,5.208,5.541,6.266,7.178,3.769,-0.33,0.766,1.619,0.156,0.162,2.433,0.389,0.788,0.301,0.627,1.277,2.172,0.038,0.004,-59.566,0.51,2.3,0.075,0.005,-33.564,0.497,3.03,0.173,0.006,-57.426,0.478,3.139,0.275,0.007,-119.696,0.45,3.158,0.05,0.007,-172.603,0.445,3.333,0.134,0.01,-113.587,0.325,3.398,0.12,0.007,-66.184,0.493,4.071,0.066,0.005,-180.333,0.803,4.228,0.111,0.005,-220.805,0.795,4.272,0.04,0.006,-176.802,0.699,4.399,0.197,0.008,-93.238,0.576,4.746,0.119,0.009,-71.821,0.516,5.083,0.168,0.012,-40.29,0.438,5.208,0.113,0.006,-70.296,0.869,5.541,0.099,0.006,-135.253,0.957,6.011,0.037,0.005,-68.128,1.176,6.09,0.143,0.006,-144.074,1.03,6.266,0.129,0.006,-135.718,1.064,6.646,0.025,0.008,-78.304,0.844,6.965,0.016,0.003,-9.618,2.301,7.178,0.176,0.008,-64.672,0.903,8.318,0.036,0.011,-38.424,0.771,8.404,0.027,0.009,-35.66,0.982,5.142,0.044,0.006,-123.718,0.882,5.71,0.01,0.008,-107.206,0.758,3.769,0.131,0.007,-79.145,0.544,6.154,0.034,0.005,-117.157,1.296,11.402,0.007,0.002,-6.855,7.119
79,3761,45394045_86833,3/10/2023 16:42,23.3,2,QPLog 10-1631 (16) rev15,FALSE,,GD,,,,,,Pass,,,110_LVL (new),,,,,,Pass,0,0,,2.301,3.03,3.317,3.381,4.047,4.35,5.18,5.522,6.239,7.167,3.756,-0.186,0.766,-0.03,-0.889,-1.106,-0.388,-1.034,-0.291,-0.873,0.099,-0.13,2.174,0.275,0.005,-29.779,0.426,2.301,0.293,0.012,-49.2,0.191,3.03,0.089,0.012,-51.56,0.25,3.129,0.241,0.008,-90.002,0.374,3.159,0.02,0.003,-186.105,0.99,3.317,0.142,0.006,-158.731,0.577,3.381,0.054,0.012,-46.437,0.291,4.047,0.075,0.006,-118.18,0.631,4.205,0.061,0.007,-217.013,0.604,4.266,0.124,0.006,-187.178,0.734,4.35,0.112,0.006,-116.067,0.684,4.712,0.089,0.007,-96.368,0.693,5.056,0.16,0.009,-69.302,0.595,5.18,0.093,0.006,-109.245,0.821,5.522,0.045,0.005,-194.363,1.094,5.983,0.04,0.006,-116.94,1.055,6.059,0.082,0.005,-166.638,1.142,6.239,0.061,0.008,-69.604,0.764,6.629,0.022,0.005,-91.232,1.213,6.945,0.013,0.005,-68.72,1.298,7.167,0.142,0.005,-70.846,1.326,8.309,0.023,0.006,-33.321,1.301,8.389,0.035,0.009,-42.67,0.896,5.116,0.068,0.006,-168.354,0.845,5.695,0.008,0.004,-105.22,1.275,3.756,0.119,0.006,-58.696,0.61,6.134,0.028,0.007,-62.672,0.838,11.381,0.002,0.009,-20.018,1.258
80,3761,45394045_86833,3/10/2023 17:04,23.4,2,QPLog 10-1631 (16) rev15,FALSE,,GD,,,,,,Pass,,,110_LVL (new),,,,,,Pass,0,0,,2.306,3.025,3.322,3.404,4.087,4.376,5.215,5.541,6.272,7.177,3.769,0.322,0.323,0.451,0.531,1.014,1.086,0.728,0.824,0.589,0.584,1.235,2.186,0.259,0.007,-28.83,0.331,2.306,0.296,0.01,-36.422,0.225,3.025,0.118,0.009,-43.176,0.327,3.139,0.203,0.006,-164.29,0.521,3.171,0.189,0.009,-64.803,0.363,3.322,0.145,0.007,-117.71,0.501,3.404,0.051,0.011,-44.915,0.319,4.087,0.082,0.006,-124.898,0.708,4.216,0.056,0.006,-194.049,0.757,4.3,0.102,0.008,-92.006,0.52,4.376,0.115,0.006,-112.965,0.703,4.736,0.095,0.006,-106.281,0.729,5.08,0.172,0.01,-64.064,0.508,5.215,0.092,0.009,-69.757,0.612,5.541,0.04,0.005,-129.545,1.195,6.009,0.104,0.006,-137.629,0.981,6.072,0.095,0.006,-117.902,0.994,6.272,0.063,0.007,-77.267,0.922,6.662,0.018,0.008,-44.446,0.838,6.992,0.025,0.009,-56.65,0.811,7.177,0.146,0.008,-79.723,0.949,8.319,0.024,0.01,-37.12,0.797,8.431,0.034,0.009,-56.498,0.945,5.132,0.046,0.006,-180.145,0.904,0,0,0,0,0,3.769,0.11,0.007,-59.873,0.514,6.16,0.007,0.005,-65.841,1.251,11.397,0.002,0.005,-29.049,2.205
81,3761,45394045_86833,3/10/2023 17:10,23.4,2,QPLog 10-1631 (16) rev15,FALSE,,GD,,,,,,Pass,,,110_LVL (new),,,,,,Pass,0,0,,2.306,3.025,3.321,3.404,4.086,4.376,5.213,5.541,6.272,7.176,3.768,0.322,0.305,0.382,0.533,0.933,1.084,0.6,0.83,0.575,0.541,1.148,2.184,0.235,0.011,-28.015,0.193,2.306,0.302,0.012,-39.954,0.197,3.025,0.104,0.007,-82.472,0.449,3.138,0.173,0.006,-162.698,0.509,3.169,0.15,0.006,-103.726,0.494,3.321,0.114,0.006,-126.797,0.537,3.404,0.054,0.011,-46.22,0.318,4.086,0.05,0.007,-166.122,0.579,4.215,0.049,0.006,-183.98,0.653,4.3,0.108,0.008,-95.352,0.522,4.376,0.124,0.006,-114.076,0.743,4.736,0.088,0.006,-107.984,0.743,5.081,0.179,0.01,-63.327,0.528,5.213,0.076,0.007,-74.731,0.72,5.541,0.048,0.005,-189.648,1.094,6.008,0.093,0.006,-128.469,0.988,6.072,0.096,0.006,-111.497,1.011,6.272,0.069,0.007,-82.006,0.895,6.662,0.016,0.007,-47.687,0.932,6.992,0.023,0.009,-57.815,0.81,7.176,0.132,0.008,-73.369,0.911,8.32,0.027,0.01,-41.414,0.869,8.431,0.035,0.009,-58.078,0.927,5.13,0.036,0.004,-250.66,1.352,0,0,0,0,0,3.768,0.092,0.006,-89.822,0.63,6.16,0.025,0.006,-108.841,1.004,11.395,0.004,0.013,-18.524,0.858
82,4257,45453988_1450,3/29/2023 1:31,24.7,2,QPLog 10-1631 (16) rev16,FALSE,,GD,No Defect,Pass,Pass,Green,Not Done,Pass,Green,Pass,400_LA (new),none,,,1,2012,Pass,0,0,,2.307,3.003,3.316,3.379,4.048,4.367,5.179,5.536,6.23,7.158,3.749,0.4,-1.576,-0.099,-1.007,-1.04,0.594,-1.083,0.494,-1.235,-0.382,-0.839,2.158,0.262,0.011,-48.759,0.203,2.307,0.311,0.012,-51.472,0.193,3.003,0.11,0.01,-57.183,0.304,3.113,0.205,0.006,-158.913,0.496,3.139,0.081,0.004,-113.787,0.838,3.316,0.082,0.007,-96.936,0.464,3.379,0.109,0.01,-72.706,0.354,4.048,0.027,0.007,-82.199,0.611,4.206,0.061,0.006,-193.604,0.708,4.277,0.192,0.007,-148.849,0.651,4.367,0.219,0.006,-146.175,0.759,4.73,0.111,0.009,-82.756,0.525,5.072,0.176,0.011,-44.479,0.453,5.179,0.079,0.008,-64.234,0.672,5.536,0.098,0.005,-114.401,1.095,6,0.14,0.006,-176.341,1.055,6.058,0.184,0.006,-100.727,0.937,6.23,0.122,0.005,-174.901,1.147,6.607,0.019,0.004,-63.054,1.737,6.92,0.009,0.003,-19.615,2.129,7.158,0.069,0.007,-75.294,1.076,8.306,0.017,0.008,-59.957,1.026,8.388,0.019,0.01,-16.494,0.877,5.113,0.031,0.004,-99.832,1.27,5.685,0.014,0.007,-61.802,0.855,3.749,0.098,0.009,-51.792,0.425,6.125,0.005,0.002,-57.99,2.522,11.332,0.008,0.002,-12.042,6.85
83,4310,45493854_1450,4/19/2023 15:18,25.5,2,QPLog 10-1631 (16) rev15,TRUE,,GD,No Defect,Pass,Pass,Green,Not Done,Pass,Green,Pass,300_FW,none,,,2,2012,Pass,0,0,,2.302,3.02,3.306,3.378,4.04,4.333,5.165,5.503,6.232,7.14,3.746,-0.124,-0.132,-1.129,-1.027,-1.477,-1.399,-1.745,-1.443,-1.161,-1.244,-1.225,2.177,0.049,0.012,-22.123,0.183,2.302,0.486,0.013,-46.825,0.181,3.02,0.103,0.006,-118.55,0.5,3.125,0.262,0.007,-112.637,0.48,3.155,0.012,0.003,-231.004,1.06,3.306,0.115,0.007,-107.142,0.495,3.378,0.045,0.013,-44.095,0.261,4.04,0.053,0.008,-111.054,0.501,4.185,0.055,0.005,-231.305,0.764,4.25,0.123,0.006,-170.594,0.75,4.333,0.081,0.007,-99.526,0.652,4.698,0.076,0.007,-121.933,0.68,5.036,0.114,0.012,-48.153,0.432,5.165,0.085,0.007,-73.601,0.711,5.503,0.059,0.005,-159.183,1.003,5.979,0.115,0.004,-194.366,1.437,6.032,0.077,0.006,-118.8,1.006,6.232,0.083,0.005,-192.147,1.197,6.613,0.016,0.011,-30.576,0.61,6.959,0.013,0.008,-60.04,0.82,7.14,0.089,0.008,-62.645,0.864,8.277,0.017,0.01,-47.836,0.868,8.375,0.013,0.008,-52.405,1.018,5.094,0.04,0.006,-153.229,0.9,5.689,0.014,0.006,-125.834,0.976,3.746,0.112,0.008,-64.368,0.488,6.116,0.04,0.006,-104.018,1.025,11.322,0.002,0.009,-14.516,1.195
84,4587,45442187_1450,3/22/2023 21:28,20.6,2,QPLog 10-1631 (16) rev16,FALSE,,B3,,,,,,Pass,,,400_LA (new),,,,,,Pass,0,0,,2.296,3.015,3.32,3.409,4.073,4.369,5.25,5.539,6.252,7.259,3.756,-0.793,-0.493,0.314,0.833,0.264,0.691,2.439,0.713,-0.282,4.655,-0.164,2.158,0.096,0.012,-32.657,0.186,2.296,0.222,0.011,-9.844,0.206,3.015,0.095,0.014,-63.579,0.22,3.126,0.114,0.005,-185.329,0.577,3.165,0.007,0.002,-188.824,1.51,3.32,0.111,0.008,-120.246,0.414,3.409,0.159,0.012,-33.814,0.276,4.073,0.047,0.006,-136.296,0.641,4.203,0.039,0.006,-113.9,0.727,4.292,0.186,0.006,-110.211,0.71,4.369,0.332,0.01,-56.445,0.418,4.74,0.328,0.011,-53.562,0.44,5.074,0.292,0.008,-80.693,0.674,5.25,0.065,0.006,-139.434,0.843,5.539,0.156,0.01,-75.448,0.569,6.004,0.067,0.006,-183.889,0.936,6.066,0.037,0.004,-225.282,1.353,6.252,0.078,0.008,-73.057,0.8,6.64,0.002,0.005,-40.3,1.262,0,0,0,0,0,7.259,0.064,0.012,-27.388,0.591,8.313,0.037,0.008,-56.951,1.049,8.405,0.055,0.012,-45.595,0.714,5.124,0.057,0.003,-208.725,1.83,5.704,0.009,0.006,-66.021,0.966,3.756,0.107,0.007,-65.649,0.553,6.15,0.054,0.005,-123.441,1.161,11.388,0.004,0.007,-13.49,1.536
85,5394,45481222_1450,4/12/2023 22:09,26.2,2,QPLog 10-1631 (16) rev15,TRUE,,B3,No Defect,Pass,Pass,Green,Not Done,Pass,Green,Pass,300_FW,none,,,12,2014,Pass,0,0,,2.316,3.02,3.319,3.393,4.063,4.347,5.194,5.525,6.251,7.152,3.755,1.389,-0.098,0.21,-0.155,-0.245,-0.599,-0.298,-0.131,-0.342,-0.648,-0.287,2.165,0.272,0.014,-30.901,0.159,2.316,0.282,0.014,-12.338,0.171,3.02,0.08,0.006,-114.911,0.495,3.134,0.142,0.007,-113.499,0.47,3.156,0.04,0.005,-142.802,0.605,3.319,0.063,0.007,-87.166,0.46,3.393,0.062,0.007,-84.225,0.474,4.063,0.024,0.005,-141.29,0.767,4.213,0.047,0.006,-235.272,0.734,4.272,0.11,0.005,-181.596,0.777,4.347,0.117,0.007,-119.376,0.616,4.712,0.051,0.007,-109.914,0.663,5.06,0.13,0.01,-47.663,0.53,5.194,0.052,0.006,-54.145,0.864,5.525,0.07,0.005,-167.477,1.043,5.996,0.108,0.006,-137.397,0.948,6.061,0.013,0.005,-154.94,1.332,6.251,0.061,0.005,-185.924,1.201,6.643,0.015,0.008,-53.955,0.82,6.957,0.006,0.006,-51.734,1.228,7.152,0.058,0.009,-53.143,0.801,8.289,0.011,0.011,-37.117,0.776,8.411,0.008,0.009,-32.272,0.901,5.125,0.016,0.004,-93.24,1.218,5.703,0.007,0.009,-36.691,0.667,3.755,0.066,0.005,-64.953,0.781,6.133,0.005,0.005,-91.039,1.172,11.351,0.013,0.015,-11.015,0.754
86,5394,45481222_1450,4/12/2023 22:27,26,2,QPLog 10-1631 (16) rev15,FALSE,,GD,No Defect,Pass,Pass,Green,Not Done,Pass,Green,Pass,300_FW,none,,,12,2014,Pass,0,0,,2.32,3.021,3.322,3.392,4.066,4.346,5.195,5.524,6.25,7.153,3.757,1.78,-0.003,0.52,-0.195,-0.118,-0.657,-0.268,-0.216,-0.361,-0.626,0.006,2.164,0.3,0.007,-10.92,0.31,2.32,0.204,0.004,-4.229,0.648,3.021,0.098,0.006,-111.001,0.484,3.135,0.187,0.007,-134.03,0.48,3.158,0.088,0.006,-116.851,0.517,3.322,0.091,0.008,-97.192,0.412,3.392,0.046,0.007,-78.87,0.508,4.066,0.053,0.006,-112.945,0.654,4.214,0.052,0.005,-248.14,0.784,4.27,0.081,0.007,-149.163,0.649,4.346,0.108,0.007,-124.818,0.65,4.712,0.059,0.008,-114.907,0.625,5.057,0.106,0.01,-52.405,0.507,5.195,0.069,0.006,-104.894,0.845,5.524,0.051,0.005,-166.123,1.049,5.996,0.115,0.006,-136.497,0.967,6.061,0.009,0.004,-148.747,1.499,6.25,0.058,0.005,-191.357,1.224,6.642,0.016,0.008,-44.502,0.823,6.958,0.007,0.005,-46.364,1.274,7.153,0.064,0.008,-60.054,0.868,8.292,0.016,0.009,-45.046,0.893,8.411,0.008,0.009,-37.413,0.933,5.125,0.024,0.004,-197.403,1.309,5.703,0.008,0.009,-67.384,0.666,3.757,0.078,0.006,-76.315,0.626,6.133,0.021,0.005,-148.758,1.317,11.361,0.005,0.016,-12.174,0.711
87,6139,45483807_1450,4/13/2023 19:30,25.9,2,QPLog 10-1631 (16) rev15,TRUE,,B3,No Defect,Pass,Pass,Green,Not Done,Pass,Green,Pass,300_FW,none,,,4,2015,Pass,0,0,,2.319,3.03,3.316,3.394,4.064,4.35,5.197,5.527,6.262,7.172,3.76,1.701,0.793,-0.167,-0.094,-0.2,-0.388,-0.194,-0.04,0.14,0.337,0.283,2.161,0.231,0.017,-8.783,0.128,2.319,0.213,0.021,-5.544,0.109,3.03,0.083,0.013,-63.191,0.226,3.14,0.221,0.006,-134.15,0.497,3.159,0.021,0.002,-295.864,1.372,3.316,0.099,0.006,-114.276,0.539,3.394,0.042,0.007,-76.893,0.521,4.064,0.047,0.005,-123.104,0.806,4.197,0.048,0.006,-191.834,0.705,4.273,0.074,0.006,-182.877,0.721,4.35,0.071,0.006,-108.367,0.703,4.719,0.054,0.008,-94.617,0.622,5.059,0.112,0.009,-56.082,0.591,5.197,0.081,0.006,-83.641,0.825,5.527,0.043,0.006,-144.359,0.966,5.991,0.081,0.005,-196.895,1.092,6.057,0.088,0.006,-124.956,1.049,6.262,0.066,0.006,-161.715,1.097,6.652,0.023,0.007,-80.054,1.005,6.993,0.013,0.009,-51.32,0.783,7.172,0.073,0.008,-72.394,0.861,8.315,0.017,0.011,-37.458,0.766,8.418,0.011,0.01,-47.8,0.883,5.11,0.024,0.004,-206.363,1.271,5.701,0.01,0.007,-83.192,0.808,3.76,0.089,0.012,-40.875,0.313,6.135,0.006,0.005,-111.355,1.263,11.371,0.004,0.015,-11.092,0.759
88,6139,45483807_1450,4/13/2023 19:36,25.9,2,QPLog 10-1631 (16) rev15,FALSE,,GD,No Defect,Pass,Pass,Green,Not Done,Pass,Green,Pass,300_FW,none,,,4,2015,Pass,0,0,,2.311,3.03,3.316,3.393,4.064,4.35,5.196,5.526,6.261,7.171,3.76,0.907,0.793,-0.133,-0.126,-0.223,-0.407,-0.231,-0.082,0.11,0.305,0.278,2.165,0.198,0.003,-2.091,0.692,2.311,0.263,0.013,-12.552,0.184,3.03,0.089,0.013,-67.305,0.226,3.14,0.227,0.007,-128.171,0.48,3.159,0.024,0.002,-269.565,1.368,3.316,0.117,0.006,-124.768,0.561,3.393,0.048,0.007,-76.098,0.52,4.064,0.057,0.005,-145.063,0.805,4.197,0.056,0.006,-208.705,0.721,4.273,0.079,0.006,-189.409,0.73,4.35,0.086,0.006,-105.253,0.692,4.718,0.064,0.007,-104.978,0.647,5.059,0.114,0.009,-59.863,0.555,5.196,0.079,0.006,-99.182,0.871,5.526,0.045,0.003,-196.378,1.6,5.99,0.087,0.005,-217.618,1.131,6.057,0.09,0.006,-122.195,1.022,6.261,0.063,0.006,-140.522,1.056,6.652,0.024,0.006,-97.267,1.1,6.992,0.013,0.009,-55.322,0.801,7.171,0.077,0.008,-75.165,0.864,8.314,0.015,0.011,-32.448,0.77,8.418,0.015,0.011,-32.795,0.736,5.109,0.023,0.004,-212.939,1.261,5.701,0.013,0.006,-98.279,0.891,3.76,0.088,0.009,-50.493,0.42,6.135,0.005,0.005,-105.663,1.27,11.371,0.004,0.009,-15.71,1.238
89,6141,45427917_1450,3/13/2023 20:58,22.6,2,QPLog 10-1631 (16) rev14,FALSE,,GD,No Defect,Pass,Pass,Green,Not Done,Pass,Green,Pass,200_LA (old),none,,,4,2015,Pass,0,0,,2.313,3.015,3.309,3.397,4.066,4.341,5.198,5.518,6.259,7.165,3.755,1.032,-0.566,-0.854,0.094,-0.134,-0.889,-0.129,-0.516,0.003,0,-0.226,2.17,0.095,0.003,-29.982,0.719,2.313,0.172,0.011,-30.899,0.208,3.015,0.122,0.009,-41.444,0.346,3.134,0.17,0.006,-198.824,0.549,3.162,0.211,0.004,-144.139,0.811,3.309,0.082,0.008,-88.721,0.415,3.397,0.061,0.007,-76.797,0.502,4.066,0.066,0.006,-121.122,0.674,4.184,0.045,0.007,-156.298,0.568,4.276,0.061,0.007,-137.673,0.645,4.341,0.088,0.006,-112.317,0.733,4.71,0.081,0.008,-118.977,0.569,5.05,0.098,0.008,-61.725,0.617,5.198,0.014,0.004,-119.169,1.249,5.518,0.071,0.005,-140.972,1.101,5.976,0.053,0.006,-186.294,1.027,6.049,0.063,0.007,-117.246,0.878,6.259,0.057,0.006,-163.462,1.106,6.645,0.043,0.006,-114.739,1.141,6.984,0.057,0.007,-94.374,0.989,7.165,0.069,0.007,-82.207,0.974,8.307,0.012,0.012,-28.393,0.703,8.42,0.056,0.008,-87.98,1.116,5.101,0.01,0.002,-24.193,3.185,5.7,0.018,0.006,-115.855,0.908,3.755,0.218,0.008,-85.234,0.486,6.144,0.03,0.006,-99.388,1.117,11.372,0.003,0.012,-17.927,0.945
90,6407,45456773_1450,3/31/2023 18:50,20.4,2,QPLog 10-1631 (16) rev16,TRUE,,GD,No Defect,Pass,Pass,Green,Not Done,Pass,Green,Pass,400_LA (new),none,,,9,2015,Pass,0,0,,2.314,3.027,3.327,3.405,4.077,4.391,5.213,5.561,6.262,7.205,3.775,1.233,0.482,1.035,0.553,0.457,1.952,0.615,1.997,0.152,2.005,1.81,2.159,0.008,0.004,-46.099,0.508,2.314,0.025,0.005,-8.263,0.485,3.027,0.209,0.006,-8.356,0.544,3.141,0.301,0.011,-45.493,0.281,3.165,0.037,0.009,-134.353,0.344,3.327,0.176,0.009,-57.318,0.373,3.405,0.164,0.01,-28.991,0.343,4.077,0.038,0.006,-94.851,0.739,4.225,0.089,0.006,-216.299,0.732,4.3,0.162,0.007,-102.02,0.626,4.391,0.284,0.009,-61.106,0.467,4.749,0.201,0.009,-55.371,0.502,5.099,0.304,0.011,-48.422,0.46,5.213,0.096,0.008,-75.982,0.654,5.561,0.124,0.006,-85.279,1.007,6.03,0.027,0.006,-85.528,1.047,6.089,0.162,0.008,-72.237,0.799,6.262,0.114,0.006,-103.515,0.984,6.66,0.02,0.008,-36.224,0.825,6.972,0.013,0.003,-26.714,2.027,7.205,0.086,0.009,-39.274,0.822,8.342,0.019,0.009,-32.497,0.918,8.44,0.039,0.012,-19.039,0.695,5.161,0.038,0.003,-158.375,1.491,5.705,0.013,0.008,-96.732,0.73,3.775,0.187,0.009,-58.896,0.431,6.146,0.006,0.005,-91.96,1.353,11.43,0.013,0.013,-9.498,0.868
91,8036,45447508_1450,3/24/2023 21:00,20.2,2,QPLog 10-1631 (16) rev16,TRUE,,GD,No Defect,Pass,Pass,Green,Not Done,Pass,Green,Pass,400_LA (new),none,,,8,2017,Pass,0,0,,2.308,3.02,3.315,3.412,4.081,4.356,5.213,5.538,6.271,7.18,3.76,0.57,-0.051,-0.236,0.969,0.69,-0.041,0.628,0.605,0.52,0.716,0.278,2.187,0.229,0.01,-37.866,0.229,2.308,0.238,0.014,-42.058,0.166,3.02,0.078,0.007,-43.442,0.408,3.139,0.198,0.007,-139.124,0.433,3.171,0.135,0.008,-66.978,0.394,3.315,0.117,0.006,-109.804,0.52,3.412,0.063,0.011,-47.797,0.317,4.081,0.058,0.006,-156.462,0.716,4.205,0.063,0.006,-212.262,0.712,4.284,0.099,0.006,-207.922,0.717,4.356,0.194,0.006,-140.994,0.742,4.723,0.108,0.007,-111.274,0.71,5.076,0.148,0.009,-55.06,0.545,5.213,0.067,0.006,-81.412,0.934,5.538,0.076,0.006,-124.347,0.903,6.014,0.126,0.007,-134.74,0.91,6.076,0.125,0.005,-166.873,1.185,6.271,0.104,0.006,-158.911,1.072,6.657,0.021,0.008,-48.434,0.877,6.967,0.005,0.005,-72.466,1.478,7.18,0.157,0.008,-65.728,0.864,8.313,0.027,0.014,-30.926,0.589,8.422,0.035,0.008,-65.978,1.063,5.14,0.014,0.003,-126.977,1.563,0,0,0,0,0,3.76,0.153,0.007,-73.574,0.507,6.165,0.036,0.005,-88.071,1.356,11.396,0.004,0.007,-15.737,1.636
92,9065,45459487_1450,4/1/2023 17:17,21.4,2,QPLog 10-1631 (16) rev16,TRUE,,GD,No Defect,Pass,Pass,Green,Not Done,Pass,Green,Pass,400_LA (new),none,,,9,2018,Pass,0,0,,2.296,3.018,3.323,3.419,4.105,4.387,5.234,5.548,6.28,7.197,3.762,-0.718,-0.244,0.623,1.387,1.923,1.721,1.69,1.215,0.927,1.556,0.529,2.173,0.242,0.004,-10.404,0.494,2.296,0.156,0.005,-44.815,0.435,3.018,0.078,0.015,-30.439,0.203,3.137,0.185,0.006,-144.279,0.505,3.181,0.168,0.01,-48.468,0.318,3.323,0.136,0.006,-122.882,0.52,3.419,0.037,0.013,-37.919,0.273,4.105,0.081,0.008,-106.957,0.533,4.216,0.061,0.005,-228.221,0.792,4.308,0.045,0.006,-155.051,0.732,4.387,0.094,0.006,-116.063,0.765,4.744,0.068,0.008,-94.81,0.605,5.095,0.106,0.012,-37.043,0.409,5.234,0.087,0.006,-43.744,0.951,5.548,0.023,0.006,-121.751,0.938,6.026,0.108,0.006,-114.796,0.96,6.09,0.096,0.006,-122.183,1.065,6.28,0.079,0.006,-149.071,1.1,6.661,0.012,0.009,-43.539,0.726,6.966,0.009,0.003,-23.339,2.048,7.197,0.095,0.007,-72.011,1.03,8.342,0.017,0.009,-25.424,0.94,8.423,0.019,0.011,-34.446,0.776,5.144,0.044,0.006,-133.516,0.914,5.709,0.008,0.004,-42.817,1.307,3.762,0.103,0.007,-46.632,0.547,6.175,0.041,0.007,-93.707,0.89,11.437,0.001,0.008,-11.895,1.394
93,9066,45481233_1450,4/12/2023 23:30,24.9,2,QPLog 10-1631 (16) rev15,TRUE,,B3,No Defect,Pass,Pass,Green,Pass,Pass,Green,Pass,300_FW,none,,,9,2018,Pass,0,0,,2.322,3.019,3.323,3.425,4.108,4.387,5.234,5.553,6.282,7.197,3.758,2.058,-0.212,0.623,1.755,2.082,1.72,1.687,1.527,1.017,1.56,0.054,2.193,0.193,0.005,-10.256,0.456,2.322,0.299,0.026,-7.58,0.091,3.019,0.085,0.006,-112.622,0.517,3.139,0.122,0.006,-165.761,0.536,3.183,0.118,0.007,-94.207,0.481,3.323,0.082,0.009,-86.265,0.384,3.425,0.036,0.01,-42.891,0.353,4.108,0.054,0.007,-92.265,0.557,4.217,0.037,0.006,-222.682,0.755,4.304,0.031,0.006,-190.659,0.745,4.387,0.056,0.006,-127.47,0.684,4.748,0.048,0.007,-108.412,0.72,5.101,0.102,0.009,-70.856,0.541,5.234,0.057,0.006,-86.168,0.886,5.553,0.044,0.005,-164.536,1.02,6.028,0.075,0.005,-165.238,1.1,6.084,0.014,0.004,-175.014,1.555,6.282,0.038,0.006,-130.88,0.999,6.662,0.016,0.007,-71.893,0.938,6.962,0.006,0.006,-59.152,1.211,7.197,0.049,0.009,-61.137,0.845,8.344,0.005,0.011,-33.331,0.788,8.432,0.015,0.009,-41.268,0.956,5.14,0.022,0.005,-140.245,0.975,5.717,0.004,0.007,-100.553,0.847,3.758,0.049,0.007,-43.864,0.522,6.174,0.027,0.006,-129.204,1.078,11.419,0.002,0.01,-12.95,1.135
94,9066,45481233_1450,4/12/2023 23:37,25.2,2,QPLog 10-1631 (16) rev15,FALSE,,B3,No Defect,Pass,Pass,Green,Pass,Pass,Green,Pass,300_FW,none,,,9,2018,Pass,0,0,,2.296,3.018,3.323,3.427,4.107,4.386,5.234,5.553,6.282,7.195,3.765,-0.693,-0.273,0.588,1.858,2.066,1.682,1.65,1.534,1.014,1.484,0.816,2.179,0.222,0.01,-13.421,0.212,2.296,0.16,0.004,-63.705,0.537,3.018,0.087,0.006,-113.452,0.513,3.138,0.124,0.006,-160.444,0.518,3.183,0.121,0.007,-92.037,0.472,3.323,0.085,0.008,-70.863,0.407,3.427,0.037,0.009,-46.606,0.373,4.107,0.059,0.007,-106.642,0.6,4.216,0.039,0.006,-229.412,0.752,4.304,0.034,0.006,-180.72,0.764,4.386,0.061,0.006,-117.739,0.719,4.746,0.052,0.007,-90.769,0.682,5.099,0.115,0.009,-55.089,0.59,5.234,0.067,0.008,-79.405,0.692,5.553,0.046,0.005,-154.389,1.074,6.028,0.089,0.006,-156.288,1.09,6.084,0.017,0.004,-173.563,1.61,6.282,0.049,0.006,-109.318,0.994,6.661,0.016,0.007,-72.903,0.955,6.962,0.007,0.006,-64.07,1.212,7.195,0.067,0.008,-64.936,0.876,8.342,0.007,0.015,-29.91,0.568,8.431,0.013,0.01,-37.13,0.83,5.138,0.03,0.004,-241.645,1.338,5.719,0.007,0.005,-104.034,1.074,3.765,0.042,0.003,-40.794,1.31,6.175,0.031,0.005,-126.825,1.13,11.421,0.005,0.012,-16.74,0.93
95,B0276,45521386_1450,5/8/2023 18:41,23.3,2,QPLog 10-1631 (16) rev18,TRUE,,GD,No Defect,Pass,Pass,Green,Not Done,Pass,Green,Pass,400_LA (new),none,,,9,2019,Pass,0,0,,2.301,3.024,3.318,3.43,4.108,4.348,5.222,5.535,6.287,7.162,3.766,-0.161,0.27,0.073,2.074,2.082,-0.541,1.065,0.429,1.261,-0.161,0.865,2.19,0.054,0.006,-43.659,0.344,2.301,0.037,0.007,-70.707,0.345,3.024,0.173,0.01,-33.77,0.295,3.149,0.172,0.007,-95.153,0.444,3.192,0.19,0.009,-53.225,0.358,3.318,0.117,0.006,-96.746,0.542,3.43,0.039,0.01,-37.834,0.336,4.108,0.056,0.007,-122.04,0.579,4.21,0.054,0.005,-190.028,0.849,4.298,0.079,0.008,-135.279,0.561,4.348,0.163,0.008,-96.872,0.521,4.728,0.065,0.006,-140.445,0.748,5.071,0.126,0.008,-68.785,0.611,5.222,0.013,0.002,-28.982,3.242,5.535,0.026,0.006,-117.126,0.979,5.997,0.122,0.006,-122.705,0.952,6.055,0.08,0.006,-138.491,1.029,6.287,0.052,0.006,-131.052,1.085,6.693,0.019,0.007,-57.163,0.946,7.005,0.025,0.009,-60.524,0.814,7.162,0.121,0.009,-54.064,0.842,8.304,0.045,0.006,-66.716,1.466,8.453,0.018,0.009,-56.044,0.954,5.143,0.008,0.004,-81.836,1.349,5.705,0.013,0.006,-71.741,0.958,3.766,0.126,0.011,-79.717,0.346,6.18,0.056,0.007,-75.686,0.83,11.393,0.004,0.007,-19.558,1.711
96,D0138,45513969_1450,4/30/2023 17:46,24.8,2,QPLog 10-1631 (16) rev15,TRUE,,GD,No Defect,Not Done,Pass,Green,Not Done,Pass,Green,Pass,300_FW,none,,,0,0,Pass,0,0,,2.308,3.032,3.323,3.42,4.101,4.381,5.235,5.552,6.285,7.194,3.766,0.595,0.975,0.554,1.486,1.7,1.412,1.7,1.447,1.146,1.438,0.938,2.193,0.35,0.011,-38.769,0.203,2.308,0.437,0.009,-86.47,0.262,3.032,0.058,0.008,-74.671,0.374,3.15,0.152,0.006,-178.537,0.554,3.181,0.084,0.007,-84.855,0.44,3.323,0.086,0.006,-100.015,0.565,3.42,0.036,0.007,-71.133,0.486,4.101,0.05,0.007,-119.247,0.626,4.217,0.043,0.006,-215.529,0.718,4.314,0.067,0.007,-124.427,0.585,4.381,0.076,0.006,-144.433,0.745,4.74,0.051,0.007,-80.18,0.634,5.095,0.107,0.009,-53.407,0.542,5.235,0.058,0.008,-65.043,0.672,5.552,0.042,0.005,-169.045,1.043,6.03,0.102,0.006,-141.087,1.025,6.085,0.077,0.005,-168.935,1.13,6.285,0.051,0.005,-167.133,1.168,6.685,0.015,0.007,-72.205,0.909,7.012,0.011,0.008,-61.282,0.862,7.194,0.073,0.007,-78.437,0.966,8.342,0.004,0.006,-56.231,1.385,8.457,0.008,0.009,-44.004,0.975,5.141,0.017,0.004,-201.871,1.35,5.715,0.007,0.007,-116.014,0.833,3.766,0.069,0.011,-49.566,0.344,6.185,0.027,0.006,-99.145,0.995,11.426,0.002,0.011,-18.213,1.051
97,D0283,45509558_355,4/27/2023 17:11,24.6,2,QPLog 10-1631 (16) rev15,FALSE,,B3,No Defect,Not Done,Pass,Green,Not Done,Pass,Green,Pass,300_FW,none,,,0,0,Pass,0,0,,2.312,3.014,3.296,3.414,4.081,4.343,5.199,5.523,6.257,7.159,3.743,0.981,-0.613,-2.209,1.13,0.668,-0.812,-0.067,-0.275,-0.057,-0.331,-1.456,2.19,0.158,0.004,-9.841,0.574,2.312,0.243,0.003,-27.22,0.671,3.014,0.079,0.008,-127.448,0.373,3.134,0.12,0.006,-184.983,0.559,3.172,0.102,0.006,-98.354,0.505,3.296,0.078,0.008,-68.762,0.416,3.414,0.031,0.011,-46.45,0.313,4.081,0.043,0.01,-114.975,0.416,4.17,0.028,0.005,-200.718,0.76,4.287,0.066,0.006,-195.797,0.76,4.343,0.056,0.006,-128.421,0.713,4.715,0.053,0.007,-113.336,0.629,5.057,0.086,0.009,-77.819,0.559,5.199,0.057,0.008,-61.261,0.671,5.523,0.043,0.005,-197.308,1.126,5.96,0.029,0.005,-168.28,1.275,6.029,0.079,0.007,-111.636,0.9,6.257,0.044,0.006,-156.705,1.106,6.64,0.014,0.008,-55.19,0.872,6.966,0.007,0.009,-53.313,0.802,7.159,0.06,0.009,-55.271,0.804,8.301,0.013,0.016,-38.636,0.518,8.404,0.012,0.013,-22.868,0.657,5.079,0.035,0.006,-126.856,0.864,5.697,0.012,0.008,-52.446,0.719,3.743,0.075,0.007,-72.933,0.543,6.142,0.031,0.006,-121.708,1.007,11.341,0.002,0.013,-12.566,0.872
98,D0283,45509558_355,4/27/2023 17:17,24.8,2,QPLog 10-1631 (16) rev15,FALSE,,GD,No Defect,Not Done,Pass,Green,Not Done,Pass,Green,Pass,300_FW,none,,,0,0,Pass,0,0,,2.306,3.014,3.296,3.413,4.078,4.344,5.199,5.522,6.257,7.159,3.743,0.371,-0.658,-2.243,1.051,0.535,-0.753,-0.08,-0.291,-0.085,-0.311,-1.51,2.174,0.19,0.019,-8.482,0.112,2.306,0.244,0.011,-11.438,0.203,3.014,0.086,0.008,-86.683,0.364,3.134,0.121,0.006,-171.409,0.531,3.172,0.107,0.007,-97.152,0.427,3.296,0.08,0.008,-77.315,0.437,3.413,0.032,0.01,-35.601,0.326,4.078,0.044,0.009,-95.061,0.464,4.169,0.028,0.005,-229.055,0.769,4.287,0.07,0.006,-208.74,0.738,4.344,0.059,0.006,-140.84,0.767,4.716,0.054,0.007,-94.231,0.65,5.057,0.088,0.009,-72.924,0.578,5.199,0.063,0.009,-53.348,0.587,5.522,0.04,0.005,-174.22,1.024,5.959,0.031,0.005,-148.492,1.179,6.029,0.087,0.007,-119.571,0.913,6.257,0.048,0.005,-171.022,1.166,6.639,0.016,0.007,-58.112,0.915,6.965,0.008,0.009,-60.277,0.767,7.159,0.063,0.009,-52.009,0.762,8.302,0.014,0.012,-36.688,0.678,8.404,0.011,0.01,-40.905,0.804,5.078,0.035,0.006,-100.923,0.86,5.696,0.011,0.009,-45.844,0.645,3.743,0.082,0.006,-72.38,0.639,6.141,0.031,0.006,-122.429,1.063,11.342,0.002,0.013,-16.334,0.874
99,D0465,45434947_1450,3/17/2023 2:02,23.8,2,QPLog 10-1631 (16) rev14,FALSE,,B3,No Defect,Pass,Pass,Green,Pass,Pass,Green,Pass,200_LA (old),none,,,1,2019,Fail,0,0,,2.341,3.034,3.329,3.432,4.115,4.384,5.279,5.56,6.301,7.202,3.776,4.046,1.095,1.206,2.194,2.487,1.567,3.907,1.903,1.856,1.839,2.005,2.171,0.032,0.004,-23.223,0.502,2.341,0.257,0.003,-8.015,0.759,3.034,0.087,0.008,-36.982,0.365,3.148,0.065,0.007,-113.353,0.451,3.193,0.174,0.007,-81.25,0.449,3.329,0.055,0.006,-95.427,0.513,3.432,0.041,0.01,-36.532,0.335,4.115,0.051,0.008,-86.243,0.539,4.231,0.027,0.006,-200.843,0.749,4.32,0.061,0.007,-116.995,0.586,4.384,0.031,0.006,-75.183,0.677,4.742,0.032,0.006,-104.551,0.801,5.103,0.074,0.007,-75.793,0.715,5.279,0.019,0.002,-88.443,2.397,5.56,0.038,0.006,-112.423,0.862,6.042,0.046,0.008,-66.554,0.732,6.106,0.007,0.004,-135.071,1.372,6.301,0.025,0.006,-112.024,0.969,6.693,0.025,0.008,-64.178,0.855,7.026,0.051,0.007,-88.29,0.974,7.202,0.056,0.008,-75.543,0.928,8.342,0.008,0.012,-35.377,0.712,8.471,0.037,0.008,-66.04,1.027,5.162,0.013,0.004,-225.41,1.378,5.729,0.005,0.006,-113.733,0.925,3.776,0.106,0.01,-46.193,0.394,6.239,0.003,0.005,-63.083,1.318,11.453,0.003,0.002,-7.966,5.385
100,D0465,45434947_1450,3/17/2023 1:55,23.8,2,QPLog 10-1631 (16) rev14,FALSE,,B3,No Defect,Pass,Pass,Green,Pass,Pass,Green,Pass,200_LA (old),none,,,1,2019,Fail,0,0,,2.315,3.034,3.329,3.432,4.116,4.384,5.281,5.56,6.301,7.202,3.776,1.321,1.129,1.206,2.194,2.504,1.567,3.995,1.92,1.845,1.819,1.983,2.224,0.103,0.003,-30.688,0.696,2.315,0.168,0.004,-12.163,0.529,3.034,0.099,0.009,-38.611,0.321,3.149,0.076,0.007,-131.328,0.45,3.193,0.19,0.007,-83.604,0.454,3.329,0.058,0.008,-85.155,0.437,3.432,0.042,0.01,-36.139,0.33,4.116,0.053,0.008,-86.63,0.523,4.231,0.029,0.006,-205.246,0.759,4.32,0.062,0.007,-130.552,0.597,4.384,0.033,0.007,-78.966,0.671,4.742,0.033,0.006,-103.903,0.803,5.103,0.076,0.008,-72.683,0.679,5.281,0.02,0.004,-75.362,1.213,5.56,0.039,0.006,-117.66,0.895,6.042,0.047,0.008,-69.57,0.736,6.107,0.008,0.004,-134.048,1.373,6.301,0.025,0.006,-120.795,0.999,6.694,0.024,0.008,-65.475,0.869,0,0,0,0,0,7.202,0.06,0.008,-71.416,0.913,8.341,0.008,0.011,-32.893,0.794,8.472,0.039,0.008,-67.026,1.023,5.162,0.013,0.004,-234.137,1.43,5.728,0.005,0.007,-125.308,0.87,3.776,0.103,0.01,-54.354,0.378,6.239,0.003,0.005,-60.108,1.282,11.454,0.003,0.009,-18.213,1.237
101,6393,45525890_1450,5/9/2023 3:21,25.6,2,QPLog 10-1631 (16) rev18,TRUE,,GD,No Defect,Pass,Pass,Green,Not Done,Pass,Green,Pass,400_LA (new),none,,,9,2015,Pass,0,0,,2.298,3.033,3.331,3.404,4.083,4.381,5.216,5.551,6.266,7.19,3.769,-0.553,1.029,1.447,0.475,0.779,1.392,0.754,1.378,0.299,1.229,1.269,2.175,0.047,0.006,-51.041,0.39,2.298,0.051,0.006,-57.262,0.413,3.033,0.219,0.012,-39.357,0.257,3.14,0.064,0.007,-251.771,0.467,3.168,0.284,0.005,-74.901,0.611,3.331,0.143,0.01,-75.855,0.329,3.404,0.061,0.015,-40.687,0.224,4.083,0.104,0.006,-127.049,0.657,4.224,0.068,0.006,-193.969,0.688,4.298,0.113,0.007,-100.939,0.659,4.381,0.121,0.007,-95.403,0.655,4.742,0.071,0.005,-95.347,0.889,5.087,0.149,0.012,-37.725,0.413,5.216,0.127,0.007,-55.5,0.719,5.551,0.042,0.005,-107.185,1.042,6.023,0.149,0.006,-126.829,0.93,6.083,0.126,0.005,-176.943,1.145,6.266,0.089,0.006,-130.3,1.052,6.657,0.018,0.007,-41.728,0.909,6.989,0.027,0.008,-61.59,0.829,7.19,0.118,0.008,-62.037,0.864,8.338,0.032,0.011,-31.626,0.776,8.418,0.031,0.012,-31.425,0.711,5.142,0.06,0.005,-210.346,1.121,5.706,0.01,0.007,-111.177,0.786,3.769,0.134,0.012,-41.88,0.323,6.152,0.031,0.005,-121.884,1.343,11.414,0.003,0.004,-14.666,3.015
102,4102P,45533791_1450,5/11/2023 23:30,25.2,2,QPLog 10-1631 (16) rev16,TRUE,,GD,No Defect,Pass,Pass,Green,Not Done,Pass,Green,Pass,300_FW,none,,,11,2010,Pass,0,0,,2.294,3.019,3.312,3.392,4.068,4.348,5.192,5.535,6.251,7.173,3.754,-0.979,-0.185,-0.511,-0.193,-0.01,-0.522,-0.395,0.462,-0.347,0.399,-0.324,2.166,0.31,0.009,-16.168,0.245,2.294,0.182,0.003,-11.939,0.681,3.019,0.105,0.008,-109.346,0.372,3.129,0.181,0.006,-153.696,0.518,3.157,0.143,0.006,-135.072,0.569,3.312,0.093,0.008,-83.482,0.44,3.392,0.048,0.008,-67.768,0.441,4.068,0.053,0.006,-129.278,0.711,4.197,0.047,0.006,-227.172,0.748,4.277,0.11,0.006,-179.51,0.736,4.348,0.083,0.006,-129.18,0.712,4.726,0.055,0.007,-107.928,0.696,5.066,0.116,0.01,-62.153,0.53,5.192,0.086,0.008,-70.909,0.683,5.535,0.051,0.005,-160.752,1.008,5.994,0.077,0.005,-177.519,1.156,6.054,0.117,0.006,-143.97,1.07,6.251,0.071,0.005,-204.114,1.222,6.638,0.018,0.008,-65.612,0.873,6.968,0.013,0.008,-73.457,0.908,7.173,0.085,0.008,-73.817,0.914,8.323,0.005,0.005,-68.714,1.585,8.396,0.016,0.008,-51.072,1.048,5.108,0.035,0.006,-152.213,0.919,5.697,0.008,0.005,-74.252,1.036,3.754,0.075,0.006,-87.563,0.666,6.144,0.01,0.004,-112.475,1.41,11.376,0.006,0.011,-19.088,1.018
103,4291,45569124_1450,5/31/2023 21:13,24.1,2,QPLog 10-1631 (16) rev18,TRUE,,GD,No Defect,Pass,Pass,Green,Not Done,Pass,Green,Pass,400_LA (new),none,,,2,2012,Pass,0,0,,2.274,3.004,3.315,3.382,4.049,4.339,5.179,5.505,6.236,7.142,3.749,-3.134,-1.454,-0.202,-0.829,-0.992,-1.06,-1.083,-1.306,-1.001,-1.146,-0.825,2.139,0.051,0.004,-20.634,0.566,2.274,0.129,0.012,-15.084,0.193,3.004,0.186,0.009,-61.197,0.336,3.126,0.315,0.008,-155.653,0.404,3.145,0.061,0.002,-181.523,1.522,3.315,0.147,0.006,-110.809,0.54,3.382,0.064,0.007,-63.099,0.473,4.049,0.081,0.009,-87.702,0.441,4.202,0.069,0.006,-162.974,0.707,4.259,0.119,0.007,-108.957,0.623,4.339,0.162,0.006,-84.057,0.786,4.701,0.106,0.006,-117.09,0.729,5.046,0.195,0.008,-61.091,0.611,5.179,0.122,0.007,-90.817,0.748,5.505,0.049,0.006,-136.985,0.918,5.985,0.118,0.006,-155.951,1.039,6.046,0.073,0.005,-197.771,1.234,6.236,0.1,0.005,-160.599,1.153,6.618,0.019,0.007,-71.834,0.932,6.958,0.031,0.008,-65.062,0.853,7.142,0.116,0.009,-49.553,0.795,8.278,0.06,0.008,-45.103,1.042,8.373,0.048,0.008,-60.61,1.039,5.112,0.054,0.005,-198.562,1.081,5.69,0.013,0.007,-126.251,0.859,3.749,0.156,0.008,-81.283,0.464,6.126,0.054,0.007,-85.856,0.887,11.33,0.002,0.002,-6.615,6.525
104,4309,45597637_1450,6/13/2023 18:00,25.1,2,QPLog 10-1631 (16) rev16,TRUE,,GD,No Defect,Pass,Pass,Green,Not Done,Pass,Green,Pass,300_FW,none,,,2,2012,Pass,0,0,,2.305,3.022,3.316,3.369,4.033,4.339,5.169,5.514,6.23,7.151,3.746,0.277,0.061,-0.133,-1.609,-1.842,-1.005,-1.565,-0.751,-1.236,-0.731,-1.194,2.148,0.217,0.003,-4.668,0.628,2.305,0.259,0.005,-19.455,0.492,3.022,0.079,0.006,-137.04,0.516,3.12,0.185,0.006,-114.796,0.505,3.133,0.047,0.004,-42.924,0.819,3.316,0.071,0.006,-123.119,0.557,3.369,0.044,0.008,-63.984,0.411,4.033,0.036,0.006,-60.315,0.644,4.201,0.039,0.006,-176.356,0.707,4.252,0.056,0.006,-129.421,0.662,4.339,0.056,0.006,-82.057,0.782,4.701,0.077,0.007,-117.833,0.684,5.047,0.115,0.01,-58.913,0.485,5.169,0.087,0.007,-111.355,0.775,5.514,0.054,0.006,-140.554,0.972,5.994,0.108,0.006,-139.142,0.999,6.053,0.053,0.005,-189.898,1.194,6.23,0.069,0.005,-206.686,1.206,6.617,0.014,0.008,-47.014,0.794,6.965,0.017,0.007,-76.382,0.935,7.151,0.073,0.007,-81.106,0.997,8.287,0.007,0.012,-27.441,0.695,8.366,0.01,0.009,-43.641,0.882,5.111,0.042,0.006,-116.537,0.816,5.686,0.01,0.006,-102.051,0.876,3.746,0.062,0.006,-100.263,0.678,6.125,0.034,0.006,-139.205,1.107,11.346,0.006,0.014,-12.923,0.801
105,4315,45534850_1450,5/16/2023 20:56,25.1,2,QPLog 10-1631 (16) rev16,TRUE,,GD,No Defect,Not Done,Pass,Green,Not Done,Pass,Green,Pass,110_LVL (new),none,,,2,2012,Pass,0,0,,2.287,3.02,3.31,3.381,4.037,4.348,5.173,5.52,6.239,7.153,3.753,-1.677,-0.053,-0.717,-0.851,-1.637,-0.522,-1.366,-0.425,-0.873,-0.594,-0.498,2.151,0.054,0.003,-15.238,0.716,2.287,0.243,0.011,-18.441,0.205,3.02,0.139,0.005,-121.078,0.559,3.123,0.257,0.006,-141.373,0.496,3.155,0.013,0.003,-125.515,0.988,3.31,0.091,0.007,-106.115,0.455,3.381,0.174,0.009,-53.616,0.398,4.037,0.019,0.002,-22.73,1.977,4.196,0.083,0.006,-216.03,0.741,4.263,0.197,0.006,-119.458,0.72,4.348,0.284,0.007,-89.378,0.605,4.708,0.207,0.007,-105.08,0.653,5.056,0.304,0.009,-54.218,0.576,5.173,0.082,0.007,-117.637,0.771,5.52,0.174,0.006,-130.012,0.882,5.979,0.081,0.006,-213.484,0.949,6.051,0.16,0.006,-114.245,1.004,6.239,0.127,0.006,-151.986,1.097,6.623,0.027,0.007,-76.219,0.997,6.941,0.014,0.005,-72.244,1.275,7.153,0.12,0.008,-69.229,0.893,8.287,0.016,0.008,-25.153,1.1,8.39,0.067,0.012,-35.543,0.707,0,0,0,0,0,5.691,0.003,0.004,-75.653,1.469,3.753,0.151,0.008,-80.878,0.444,0,0,0,0,0,11.353,0.007,0.014,-13.472,0.826
106,4546,45559250_1450,5/23/2023 23:32,25.3,2,QPLog 10-1631 (16) rev16,FALSE,,B3,No Defect,Pass,Pass,Green,Not Done,Pass,Green,Pass,300_FW,none,,,6,2012,Pass,0,0,,2.275,3.014,3.308,3.397,0,4.347,5.191,5.507,6.255,7.141,3.749,-3.045,-0.579,-0.957,0.115,0,-0.599,-0.464,-1.172,-0.159,-1.208,-0.918,2.157,0.053,0.008,-32.762,0.26,2.275,0.098,0.011,-16.288,0.206,3.014,0.062,0.007,-103.031,0.408,3.126,0.07,0.006,-147.623,0.531,0,0,0,0,0,3.308,0.035,0.012,-60.633,0.268,3.397,0.086,0.007,-64.562,0.455,0,0,0,0,0,4.196,0.041,0.006,-153.141,0.736,4.269,0.076,0.008,-68.077,0.528,4.347,0.086,0.015,-17.693,0.298,4.708,0.113,0.007,-90.155,0.672,5.047,0.149,0.009,-53.266,0.558,5.191,0.024,0.008,-69.761,0.682,5.507,0.089,0.006,-71.482,0.988,5.981,0.086,0.007,-97.728,0.913,6.056,0.082,0.005,-174.028,1.141,6.255,0.065,0.006,-139.979,1.07,6.644,0.009,0.007,-50.022,0.958,6.979,0.008,0.008,-56.472,0.869,7.141,0.016,0.01,-28.859,0.692,8.329,0.005,0.008,-75.077,1.048,8.378,0.003,0.015,-8.83,0.553,5.131,0.022,0.004,-193.347,1.274,5.702,0.012,0.011,-21.422,0.496,3.749,0.048,0.008,-60.741,0.453,0,0,0,0,0,11.316,0.021,0.018,-7.177,0.627
107,4546,45559250_1450,5/23/2023 23:26,25.7,2,QPLog 10-1631 (16) rev16,FALSE,,B3,No Defect,Pass,Pass,Green,Not Done,Pass,Green,Pass,300_FW,none,,,6,2012,Pass,0,0,,2.297,3.015,3.309,3.397,0,4.35,5.192,5.507,6.256,7.139,3.747,-0.599,-0.491,-0.854,0.095,0,-0.406,-0.404,-1.188,-0.129,-1.293,-1.056,2.158,0.057,0.01,-57.418,0.206,2.297,0.155,0.01,-45.413,0.231,3.015,0.035,0.008,-84.91,0.391,3.126,0.052,0.006,-133.34,0.521,0,0,0,0,0,3.309,0.025,0.009,-67.77,0.351,3.397,0.056,0.007,-80.938,0.492,0,0,0,0,0,4.197,0.042,0.006,-146.35,0.671,4.27,0.065,0.008,-63.145,0.549,4.35,0.09,0.011,-34.005,0.38,4.709,0.082,0.008,-93.478,0.623,5.046,0.116,0.009,-50.938,0.582,5.192,0.016,0.007,-76.68,0.761,5.507,0.058,0.006,-83.013,0.93,5.982,0.062,0.006,-119.141,0.971,6.057,0.051,0.005,-169.281,1.103,6.256,0.048,0.006,-131.776,1.033,6.645,0.008,0.007,-51.869,0.99,6.979,0.004,0.009,-44.666,0.82,7.139,0.015,0.011,-34.479,0.664,8.33,0.003,0.007,-60.22,1.153,8.415,0.005,0.014,-12.372,0.595,5.132,0.015,0.004,-181.227,1.216,5.702,0.002,0.006,-70.252,0.88,3.747,0.032,0.008,-56.999,0.457,0,0,0,0,0,11.314,0.031,0.017,-11.407,0.666
108,4730,45541507_1450,5/16/2023 17:37,25.8,2,QPLog 10-1631 (16) rev16,TRUE,,B3,No Defect,Pass,Pass,Green,Not Done,Pass,Green,Pass,300_FW,none,,,11,2012,Pass,0,0,,2.278,3.024,3.326,3.392,4.07,4.354,5.199,5.531,6.25,7.171,3.761,-2.69,0.287,0.932,-0.234,0.079,-0.138,-0.094,0.247,-0.363,0.265,0.358,2.156,0.127,0.016,-12.887,0.134,2.278,0.148,0.012,-8.957,0.188,3.024,0.1,0.007,-84.057,0.449,3.132,0.192,0.007,-121.033,0.463,3.159,0.098,0.003,-160.057,0.912,3.326,0.091,0.009,-83.942,0.379,3.392,0.054,0.009,-59.833,0.399,4.07,0.05,0.005,-140.955,0.829,4.219,0.044,0.006,-204.594,0.65,4.281,0.079,0.007,-130.778,0.633,4.354,0.085,0.006,-77.476,0.768,4.725,0.055,0.007,-104.067,0.64,5.071,0.117,0.009,-65.109,0.583,5.199,0.072,0.007,-90.871,0.742,5.531,0.053,0.006,-159.402,0.99,6.004,0.073,0.006,-224.458,1.036,6.067,0.064,0.005,-194.821,1.213,6.25,0.075,0.005,-188.642,1.185,6.642,0.02,0.007,-59.664,1.019,6.96,0.005,0.005,-64.744,1.406,7.171,0.071,0.009,-56.675,0.806,8.315,0.013,0.01,-43.823,0.87,8.403,0.012,0.008,-46.281,0.998,0,0,0,0,0,5.703,0.007,0.006,-113.934,1.018,3.761,0.073,0.014,-51.899,0.273,6.15,0.043,0.005,-150.586,1.166,11.374,0.006,0.013,-12.786,0.852
109,4730,45541507_1450,5/16/2023 17:43,25.6,2,QPLog 10-1631 (16) rev16,FALSE,,GD,No Defect,Pass,Pass,Green,Not Done,Pass,Green,Pass,300_FW,none,,,11,2012,Pass,0,0,,2.287,3.024,3.326,3.391,4.068,4.354,5.199,5.531,6.25,7.17,3.76,-1.732,0.27,0.863,-0.253,-0.029,-0.195,-0.094,0.221,-0.394,0.253,0.292,2.164,0.183,0.015,-16.639,0.146,2.287,0.23,0.008,-10.611,0.276,3.024,0.106,0.006,-110.747,0.512,3.132,0.194,0.006,-129.631,0.491,3.159,0.106,0.003,-166.933,0.922,3.326,0.091,0.009,-78.496,0.385,3.391,0.052,0.008,-68.14,0.441,4.068,0.048,0.005,-144.396,0.817,4.217,0.051,0.006,-212.321,0.671,4.279,0.087,0.006,-149.243,0.702,4.354,0.091,0.009,-77.587,0.488,4.724,0.058,0.007,-94.751,0.635,5.071,0.115,0.009,-57.606,0.575,5.199,0.072,0.008,-73.552,0.664,5.531,0.061,0.006,-155.741,0.99,6.003,0.077,0.006,-227.169,1.052,6.065,0.067,0.005,-198.324,1.207,6.25,0.072,0.005,-185.518,1.185,6.641,0.018,0.007,-62.514,0.939,6.956,0.009,0.003,-16.199,2.226,7.17,0.073,0.009,-56.436,0.785,8.315,0.016,0.01,-41.263,0.863,8.403,0.017,0.009,-47.483,0.919,0,0,0,0,0,5.703,0.009,0.006,-74.73,0.963,3.76,0.084,0.014,-47.071,0.273,6.148,0.042,0.005,-141.799,1.164,11.372,0.006,0.014,-11.769,0.786
110,4798,45559317_1450,5/23/2023 2:46,25.1,2,QPLog 10-1631 (16) rev18,TRUE,,GD,No Defect,Pass,Pass,Green,Not Done,Pass,Green,Pass,400_LA (new),none,,,12,2012,Pass,0,0,,2.293,3.013,3.322,3.4,4.081,4.367,5.211,5.535,6.259,7.179,3.759,-1.077,-0.723,0.52,0.29,0.654,0.595,0.519,0.462,0.03,0.709,0.151,2.175,0.293,0.008,-16.685,0.263,2.293,0.294,0.005,-19.511,0.457,3.013,0.177,0.008,-81.024,0.369,3.131,0.263,0.006,-140.868,0.482,3.162,0.167,0.008,-79.086,0.406,3.322,0.134,0.006,-130.215,0.567,3.4,0.119,0.007,-72.168,0.51,4.081,0.052,0.006,-129.895,0.651,4.216,0.076,0.007,-149.44,0.62,4.293,0.166,0.007,-143.159,0.619,4.367,0.288,0.008,-97.078,0.522,4.729,0.155,0.008,-78.978,0.627,5.081,0.288,0.008,-70.87,0.657,5.211,0.125,0.005,-88.583,0.967,5.535,0.123,0.006,-161.33,0.954,6.012,0.142,0.007,-140.695,0.857,6.073,0.178,0.006,-94.201,1.022,6.259,0.168,0.005,-175.191,1.178,6.647,0.024,0.008,-46.98,0.881,6.98,0.03,0.01,-62.396,0.666,7.179,0.191,0.008,-69.881,0.915,8.324,0.046,0.01,-44.871,0.859,8.416,0.057,0.01,-44.148,0.857,5.131,0.037,0.002,-154.016,2.132,0,0,0,0,0,3.759,0.155,0.005,-88.868,0.746,6.155,0.053,0.006,-144.388,1.014,11.38,0.009,0.006,-12.704,1.95
111,6365,44842521_1450,4/25/2022 17:27,27,2,QPLog 10-1631 (16) rev5,FALSE,,B3,No Defect,Not Done,Not Done,Green,Not Done,Pass,Green,Not Done,100_LVL (old),none,,,9,2015,Pass,0,0,,2.287,3.029,3.311,3.381,4.04,4.354,5.186,5.493,6.245,7.126,3.755,-1.748,0.679,-0.614,-0.891,-1.468,-0.176,-0.701,-1.986,-0.583,-1.937,-0.252,2.164,0.03,0.012,-37.332,0.177,2.287,0.035,0.011,-55.883,0.21,3.029,0.009,0.009,-45.187,0.343,3.123,0.025,0.007,-78.171,0.44,3.154,0.008,0.005,-71.791,0.593,3.311,0.012,0.007,-59.038,0.454,3.381,0.005,0.01,-30.438,0.35,4.04,0.003,0.002,-12.575,2.435,4.203,0.008,0.006,-116.796,0.718,4.269,0.007,0.008,-56.803,0.566,4.354,0.108,0.006,-85.249,0.678,4.724,0.008,0.009,-41.665,0.539,5.04,0.02,0.008,-53.423,0.611,5.186,0.009,0.006,-46.719,0.866,5.493,0.008,0.002,-55.006,3.405,5.973,0.007,0.002,-37.452,3.276,6.051,0.005,0.006,-53.127,0.969,6.245,0.045,0.007,-75.171,0.959,6.626,0.001,0.005,-47.069,1.293,6.955,0.002,0.007,-36.277,1.034,7.126,0.034,0.015,-15.09,0.483,8.255,0.007,0.011,-15.299,0.735,8.37,0.004,0.009,-18.752,0.883,0,0,0,0,0,5.647,0.012,0.006,-61.996,0.931,3.755,0.017,0.007,-58.441,0.557,6.124,0.004,0.005,-77.52,1.241,11.362,0.004,0.011,-17.438,1.029
112,6365,45550621_1450,5/24/2023 15:34,24.9,2,QPLog 10-1631 (16) rev16,FALSE,,GD,No Defect,Not Done,Pass,Green,Not Done,Pass,Green,Pass,110_LVL (new),none,,,9,2015,Pass,0,0,,2.305,3.04,3.328,3.394,4.066,4.376,5.208,5.536,6.269,7.162,3.769,0.186,1.656,1.069,-0.074,-0.118,1.105,0.365,0.53,0.459,-0.179,1.277,2.178,0.26,0.011,-32.167,0.194,2.305,0.338,0.013,-51.633,0.178,3.04,0.099,0.009,-78.899,0.344,3.137,0.286,0.006,-161.541,0.558,3.168,0.02,0.002,-248.275,1.275,3.328,0.127,0.006,-150.864,0.535,3.394,0.058,0.009,-68.72,0.375,4.066,0.057,0.006,-123.115,0.652,4.223,0.065,0.006,-184.672,0.756,4.287,0.102,0.005,-232.943,0.853,4.376,0.138,0.005,-172.19,0.807,4.744,0.088,0.007,-121.093,0.691,5.065,0.181,0.008,-82.465,0.625,5.208,0.084,0.005,-148.322,1.142,5.536,0.053,0.005,-214.915,1.13,6.001,0.114,0.007,-90.407,0.848,6.079,0.063,0.005,-187.778,1.127,6.269,0.06,0.008,-69.973,0.765,6.647,0.022,0.007,-81.065,0.99,6.986,0.036,0.008,-83.25,0.925,7.162,0.121,0.008,-62.829,0.849,8.297,0.044,0.009,-54.338,0.907,8.408,0.035,0.009,-58.835,0.955,5.14,0.051,0.006,-167.776,0.926,5.672,0.006,0.005,-113.338,1.158,3.769,0.129,0.009,-94.423,0.421,6.154,0.022,0.004,-131.459,1.618,11.408,0.002,0.002,-14.533,6.015
113,6529P,45553187_1450,5/21/2023 17:29,26.4,2,QPLog 10-1631 (16) rev16,TRUE,,B3,No Defect,Not Done,Pass,Green,Not Done,Pass,Green,Pass,300_FW,none,,,0,0,Fail,0,0,,2.316,3.045,3.347,3.412,4.096,4.388,5.241,5.567,6.288,7.205,3.784,1.426,2.094,3.111,1.009,1.437,1.776,2.021,2.349,1.274,2.005,2.8,2.183,0.217,0.015,-23.718,0.141,2.316,0.313,0.009,-54.231,0.261,3.045,0.072,0.007,-76.175,0.417,3.153,0.204,0.006,-145.389,0.523,3.174,0.068,0.005,-139.398,0.646,3.347,0.095,0.007,-123.388,0.497,3.412,0.042,0.007,-68.6,0.47,4.096,0.051,0.008,-95.854,0.536,4.257,0.046,0.006,-210.662,0.687,4.308,0.065,0.007,-114.278,0.624,4.388,0.076,0.006,-130.545,0.79,4.745,0.051,0.007,-101.132,0.654,5.104,0.111,0.008,-60.249,0.621,5.241,0.061,0.006,-111.368,0.899,5.567,0.035,0.005,-85.564,1.078,6.048,0.103,0.005,-122.318,1.212,6.122,0.032,0.005,-215.492,1.31,6.288,0.052,0.006,-149.521,1.125,6.688,0.025,0.006,-100.836,1.116,7.036,0.019,0.007,-91.593,0.961,7.205,0.072,0.007,-89.645,1.018,8.353,0.01,0.012,-23.379,0.691,8.457,0.014,0.011,-32.453,0.754,5.179,0.033,0.005,-189.561,1.135,5.723,0.008,0.007,-115.933,0.766,3.784,0.07,0.005,-92.812,0.777,6.193,0.037,0.006,-128.043,1.039,11.473,0.006,0.013,-16.219,0.852
114,6529P,45553187_1450,5/21/2023 17:37,26.2,2,QPLog 10-1631 (16) rev16,FALSE,,B3,No Defect,Not Done,Pass,Green,Not Done,Pass,Green,Pass,300_FW,none,,,0,0,Pass,0,0,,2.316,3.045,3.347,3.411,4.094,4.387,5.24,5.567,6.287,7.204,3.784,1.426,2.06,3.041,0.929,1.384,1.759,1.985,2.323,1.233,1.917,2.756,2.183,0.205,0.02,-20.731,0.112,2.316,0.277,0.01,-35.284,0.227,3.045,0.073,0.007,-76.297,0.412,3.152,0.181,0.006,-144.357,0.513,3.173,0.056,0.005,-143.393,0.623,3.347,0.105,0.006,-137.437,0.532,3.411,0.046,0.007,-76.842,0.522,4.094,0.05,0.005,-129.229,0.759,4.256,0.043,0.006,-189.523,0.698,4.307,0.064,0.006,-139.229,0.707,4.387,0.073,0.005,-151.22,0.817,4.743,0.049,0.007,-113.271,0.668,5.103,0.107,0.008,-76.372,0.664,5.24,0.056,0.005,-128.837,1.077,5.567,0.038,0.005,-89.804,1.054,6.047,0.102,0.005,-126.806,1.213,6.12,0.032,0.005,-218.508,1.268,6.287,0.051,0.006,-149.864,1.079,6.687,0.025,0.007,-91.673,1.002,7.034,0.018,0.007,-89.725,0.954,7.204,0.068,0.007,-95.496,1.034,8.351,0.012,0.012,-32.1,0.723,8.455,0.015,0.009,-41.753,0.899,5.178,0.03,0.004,-213.839,1.157,5.723,0.009,0.006,-136.522,0.883,3.784,0.077,0.006,-114.764,0.629,6.192,0.036,0.006,-123.578,1.035,11.471,0.006,0.011,-15.533,1.082
115,6529P,45553187_1450,5/21/2023 17:53,26.1,2,QPLog 10-1631 (16) rev16,FALSE,,GD,No Defect,Not Done,Pass,Green,Not Done,Pass,Green,Pass,300_FW,none,,,0,0,Pass,0,0,,2.315,3.044,3.345,3.41,4.094,4.387,5.239,5.566,6.284,7.202,3.783,1.327,2.033,2.869,0.867,1.366,1.72,1.936,2.281,1.104,1.855,2.713,2.186,0.26,0.016,-32.967,0.139,2.315,0.356,0.009,-48.412,0.249,3.044,0.077,0.008,-75.163,0.398,3.152,0.212,0.006,-161.046,0.54,3.173,0.065,0.005,-138.841,0.632,3.345,0.103,0.006,-124.05,0.534,3.41,0.045,0.006,-84.659,0.545,4.094,0.052,0.005,-133.181,0.773,4.255,0.047,0.006,-193.752,0.716,4.307,0.071,0.006,-141.172,0.731,4.387,0.086,0.005,-165.372,0.801,4.742,0.054,0.007,-135.177,0.713,5.102,0.116,0.008,-75.35,0.651,5.239,0.062,0.007,-93.835,0.805,5.566,0.043,0.009,-79.852,0.62,6.045,0.112,0.005,-103.123,1.225,6.118,0.035,0.005,-200.626,1.234,6.284,0.051,0.006,-115.704,1,6.685,0.023,0.007,-80.741,0.956,7.032,0.02,0.008,-87.772,0.933,7.202,0.08,0.007,-96.496,1.027,8.35,0.014,0.011,-34.767,0.784,8.453,0.017,0.009,-46.022,0.984,5.177,0.036,0.005,-221.06,1.109,5.72,0.009,0.007,-105.693,0.869,3.783,0.076,0.006,-98.873,0.614,6.19,0.039,0.006,-119.632,1.071,11.468,0.007,0.012,-17.899,0.96
116,8893,.,6/10/2023 1:21,22.5,2,QPLog 10-1631 OB NG NOSE rev21,FALSE,,GD,,,,,,Pass,,,101_COPA,,,,,,Pass,0,0,,2.306,3.027,3.302,3.426,4.093,4.33,5.218,5.524,6.324,7.154,3.762,0.338,0.545,-1.61,1.798,1.31,-1.553,0.895,-0.167,2.842,-0.578,0.481,2.205,0.112,0.009,-55.374,0.236,2.306,0.549,0.014,-64.056,0.161,3.027,0.165,0.007,-91.816,0.424,3.153,0.319,0.006,-161.336,0.542,3.191,0.051,0.005,-174.231,0.697,3.302,0.155,0.007,-99.107,0.47,3.426,0.063,0.009,-51.94,0.379,4.093,0.07,0.008,-81.268,0.522,4.182,0.066,0.006,-221.442,0.752,4.284,0.116,0.007,-143.276,0.63,4.33,0.24,0.007,-103.702,0.657,4.711,0.127,0.008,-80.543,0.624,5.057,0.208,0.01,-45.674,0.49,5.218,0.125,0.007,-43.216,0.698,5.524,0.089,0.006,-141.669,0.971,5.978,0.096,0.006,-132.453,0.93,6.033,0.129,0.01,-51.577,0.616,6.324,0.087,0.005,-176.385,1.181,6.708,0.03,0.006,-59.633,1.038,7.031,0.051,0.005,-105.688,1.375,7.154,0.136,0.01,-42.194,0.729,8.287,0.031,0.013,-22.681,0.649,8.469,0.02,0.009,-49.388,0.896,0,0,0,0,0,5.706,0.013,0.005,-261.186,1.109,3.762,0.208,0.007,-81.699,0.502,6.081,0.06,0.005,-227.828,1.344,11.379,0.005,0.01,-28.114,1.178
117,8893,.,6/9/2023 21:17,22.9,2,QPLog 10-1631 OB NG NOSE rev21,FALSE,,GD,,,,,,Pass,,,101_COPA,,,,,,Pass,0,0,,2.304,3.027,3.3,3.423,4.091,4.327,5.216,5.522,6.321,7.151,3.759,0.107,0.49,-1.797,1.65,1.225,-1.707,0.782,-0.333,2.741,-0.727,0.199,2.202,0.092,0.01,-59.251,0.228,2.304,0.463,0.013,-50.736,0.171,3.027,0.145,0.007,-105.016,0.435,3.151,0.279,0.006,-162.263,0.535,3.189,0.159,0.006,-119.481,0.498,3.3,0.119,0.007,-87.586,0.474,3.423,0.041,0.013,-29.005,0.269,4.091,0.069,0.008,-63.812,0.495,4.18,0.059,0.005,-236.352,0.776,4.282,0.088,0.007,-129.637,0.598,4.327,0.191,0.006,-115.005,0.706,4.709,0.11,0.008,-81.673,0.619,5.053,0.174,0.01,-47.431,0.501,5.216,0.126,0.006,-78.467,0.809,5.522,0.06,0.006,-149.803,0.981,5.976,0.082,0.007,-125.277,0.897,6.031,0.103,0.011,-52.193,0.571,6.321,0.065,0.006,-151.693,1.145,6.705,0.026,0.006,-86.73,1.085,7.028,0.045,0.005,-104.424,1.354,7.151,0.118,0.01,-45.37,0.752,8.284,0.029,0.013,-27.138,0.66,8.465,0.016,0.009,-45.592,0.908,0,0,0,0,0,5.704,0.012,0.006,-230.383,1.034,3.759,0.164,0.009,-68.049,0.432,6.079,0.048,0.005,-197.163,1.262,11.375,0.003,0.009,-29.664,1.252
118,8893,.,6/14/2023 18:23,18.9,2,QPLog 10-1631 OB NG NOSE rev21,FALSE,,GD,,,,,,Pass,,,101_COPA,,,,,,Pass,0,0,,2.314,3.033,3.317,3.441,4.11,4.352,5.241,5.543,6.346,7.181,3.777,1.203,1.063,0.004,2.715,2.203,-0.291,2.013,0.915,3.818,0.787,2.071,2.207,0.454,0.01,-65.277,0.231,2.314,0.339,0.009,-69.209,0.266,3.033,0.064,0.009,-46.827,0.345,3.162,0.209,0.005,-189.782,0.579,3.202,0.084,0.008,-92.509,0.427,3.317,0.096,0.007,-103.279,0.47,3.441,0.034,0.009,-35.687,0.391,4.11,0.032,0.009,-44.999,0.468,4.204,0.041,0.006,-192.021,0.707,4.304,0.076,0.008,-91.054,0.523,4.352,0.143,0.006,-80.595,0.685,4.729,0.071,0.009,-58.397,0.553,5.078,0.18,0.01,-44.273,0.5,5.241,0.066,0.008,-50.93,0.668,5.543,0.04,0.008,-59.903,0.736,6.009,0.055,0.009,-63.205,0.653,6.059,0.053,0.015,-23.781,0.418,6.346,0.041,0.007,-81.878,0.918,6.729,0.025,0.007,-77.034,1.026,7.042,0.022,0.009,-63.852,0.818,7.181,0.065,0.014,-21.701,0.502,8.319,0.013,0.02,-7.035,0.427,8.498,0.011,0.013,-24.135,0.64,5.131,0.019,0.003,-43.91,1.941,5.727,0.004,0.007,-75.479,0.85,3.777,0.142,0.008,-78.109,0.479,6.191,0.039,0.006,-143.357,1.075,11.42,0.011,0.015,-14.52,0.751
119,D0522,45603390_1450,6/15/2023 20:58,24.3,2,QPLog 10-1631 (16) rev18,TRUE,,GD,No Defect,Pass,Pass,Green,Not Done,Pass,Green,Pass,400_LA (new),none,,,3,2019,Pass,0,0,,2.282,3.02,3.314,3.41,4.089,4.37,5.207,5.554,6.259,7.201,3.76,-2.213,-0.08,-0.373,0.87,1.093,0.748,0.328,1.596,-0.006,1.791,0.252,2.158,0.035,0.013,-28.709,0.167,2.282,0.061,0.008,-19.779,0.292,3.02,0.207,0.007,-78.215,0.418,3.134,0.269,0.006,-178.661,0.534,3.172,0.285,0.009,-57.112,0.353,3.314,0.178,0.007,-107.166,0.492,3.41,0.065,0.009,-55.288,0.388,4.089,0.097,0.006,-108.067,0.676,4.198,0.073,0.006,-226.112,0.754,4.301,0.098,0.005,-152.52,0.846,4.37,0.162,0.007,-126.995,0.644,4.742,0.115,0.006,-108.753,0.748,5.088,0.212,0.008,-81.953,0.655,5.207,0.13,0.006,-103.092,0.812,5.554,0.036,0.004,-141.67,1.463,5.998,0.069,0.005,-242.594,1.145,6.067,0.159,0.006,-105.155,0.934,6.259,0.07,0.006,-94.614,0.978,6.645,0.018,0.007,-71.874,0.978,6.969,0.018,0.012,-43.749,0.586,7.201,0.115,0.009,-45.254,0.776,8.343,0.033,0.007,-45.193,1.203,8.41,0.056,0.013,-25.96,0.634,5.121,0.029,0.003,-127.156,1.657,5.698,0.01,0.006,-117.903,0.897,3.76,0.159,0.009,-58.513,0.44,6.169,0.02,0.004,-48.921,1.454,11.376,0.004,0.009,-21.466,1.333
120,D0581,.,6/14/2023 17:54,18.7,2,QPLog 10-1631 OB NG NOSE rev21,FALSE,,B3,,,,,,Pass,,,101_COPA,,,,,,Pass,0,0,,2.308,2.995,3.311,3.413,4.086,4.34,5.203,5.527,6.297,7.184,3.748,0.593,-2.28,-0.682,1.031,0.916,-0.985,0.119,0.009,1.684,0.912,-0.997,2.203,0.511,0.012,-69.425,0.185,2.308,0.431,0.008,-59.06,0.284,2.995,0.113,0.007,-86.898,0.426,3.122,0.246,0.005,-223.725,0.61,3.181,0.13,0.008,-67.449,0.398,3.311,0.106,0.006,-115.082,0.509,3.413,0.039,0.01,-27.679,0.334,4.086,0.039,0.01,-42.573,0.399,4.187,0.051,0.006,-207.408,0.747,4.28,0.053,0.007,-79.577,0.572,4.34,0.138,0.008,-73.34,0.513,4.727,0.06,0.009,-62.467,0.545,5.064,0.153,0.01,-46.207,0.526,5.203,0.078,0.008,-24.663,0.634,5.527,0.042,0.007,-79.51,0.755,5.977,0.043,0.007,-129.997,0.871,6.068,0.05,0.007,-65.363,0.873,6.297,0.042,0.007,-88.031,0.95,6.64,0.026,0.007,-74.701,0.946,6.948,0.019,0.009,-53.677,0.762,7.184,0.08,0.013,-25.152,0.575,8.307,0.012,0.008,-28.16,1.099,8.384,0.016,0.024,-6.685,0.346,5.108,0.031,0.004,-129.854,1.225,0,0,0,0,0,3.748,0.152,0.007,-101.299,0.537,6.149,0.049,0.005,-119.865,1.145,11.354,0.019,0.011,-26.849,1.003
121,D0581,.,6/14/2023 18:01,18.9,2,QPLog 10-1631 OB NG NOSE rev21,FALSE,,GD,,,,,,Pass,,,101_COPA,,,,,,Pass,0,0,,2.304,2.995,3.31,3.412,4.086,4.339,5.203,5.527,6.297,7.182,3.747,0.165,-2.28,-0.717,1.01,0.917,-1.061,0.132,-0.024,1.656,0.845,-1.037,2.204,0.515,0.012,-61.912,0.178,2.304,0.354,0.009,-63.238,0.257,2.995,0.118,0.007,-95.9,0.443,3.122,0.245,0.005,-228.47,0.615,3.182,0.148,0.008,-62.201,0.383,3.31,0.099,0.006,-115.093,0.521,3.412,0.025,0.01,-40.079,0.349,4.086,0.058,0.008,-59.393,0.489,4.187,0.046,0.006,-205.455,0.753,4.281,0.04,0.008,-83.728,0.568,4.339,0.104,0.006,-82.489,0.696,4.726,0.057,0.01,-55.507,0.487,5.063,0.119,0.01,-55.498,0.533,5.203,0.079,0.009,-45.91,0.591,5.527,0.035,0.007,-87.488,0.845,5.977,0.038,0.007,-139.696,0.907,6.067,0.041,0.006,-85.919,0.971,6.297,0.028,0.007,-93.333,0.958,6.64,0.03,0.006,-110.136,1.044,6.948,0.021,0.008,-68.038,0.82,7.182,0.075,0.012,-30.605,0.624,8.319,0.008,0.009,-20.292,0.952,8.384,0.014,0.022,-8.598,0.374,5.109,0.015,0.005,-97.241,1.098,0,0,0,0,0,3.747,0.158,0.007,-102.414,0.535,6.148,0.049,0.007,-80.846,0.904,11.357,0.011,0.009,-36.45,1.28
122,B0267,45615899_355,6/26/2023 20:13,24.8,2,QPLog 10-1631 (16) rev16,FALSE,,B3,No Defect,Not Done,Not Done,Green,Not Done,Pass,Green,Not Done,110_LVL (new),none,,,9,2019,Fail,0,0,,0,0,0,0,0,0,0,0,0,0,0,0,0,0,0,0,0,0,0,0,0,0,0,0,0,0,0,0,0,0,0,0,0,0,0,0,0,0,0,0,0,0,0,0,0,0,0,0,0,0,0,0,0,0,0,0,0,0,0,0,0,0,0,0,0,0,0,0,0,0,0,0,0,0,0,0,0,0,0,0,0,0,0,0,0,0,0,0,0,0,0,0,0,0,0,0,0,0,0,0,0,0,0,0,0,0,0,0,0,0,0,0,0,0,0,0,0,0,0,0,0,0,0,0,0,0,0,0,0,0,0,0,0,0,0,0,0,0,0,0,0,0,0,0,0,0,0,0,0,0,0,0,0,0,0,0,0,0,0,0,0,0
123,B0267,45615899_355,6/26/2023 20:22,24.6,2,QPLog 10-1631 (16) rev16,FALSE,,GD,No Defect,Not Done,Not Done,Green,Not Done,Pass,Green,Not Done,110_LVL (new),none,,,9,2019,Pass,0,0,,2.307,3.027,3.322,3.417,4.083,4.348,5.224,5.532,6.271,7.161,3.76,0.451,0.545,0.485,1.309,0.768,-0.542,1.165,0.305,0.546,-0.197,0.322,2.192,0.225,0.009,-43.619,0.255,2.307,0.333,0.01,-53.878,0.229,3.027,0.119,0.007,-106.12,0.449,3.144,0.188,0.005,-196.291,0.576,3.18,0.157,0.006,-107.747,0.506,3.322,0.117,0.006,-145.365,0.581,3.417,0.046,0.01,-52.79,0.337,4.083,0.022,0.002,-12.296,2.501,4.221,0.049,0.006,-161.38,0.684,4.293,0.12,0.006,-148.224,0.728,4.348,0.156,0.008,-68.811,0.532,4.724,0.054,0.006,-134.442,0.835,5.075,0.168,0.009,-71.92,0.585,5.224,0.073,0.006,-103.127,0.879,5.532,0.052,0.005,-169.106,1.052,6.008,0.102,0.007,-87.422,0.883,6.073,0.013,0.004,-159.212,1.604,6.271,0.05,0.006,-105.933,1.016,6.678,0.019,0.008,-50.973,0.83,6.966,0.012,0.005,-58.925,1.452,7.161,0.121,0.008,-68.163,0.909,8.297,0.039,0.012,-37.251,0.704,8.437,0.026,0.009,-51.625,0.952,0,0,0,0,0,5.7,0.007,0.006,-102.46,1.03,3.76,0.124,0.01,-60.459,0.378,6.17,0.036,0.007,-84.93,0.86,11.384,0.002,0.01,-18.875,1.136
124,8077,45631989_1450,6/30/2023 16:57,25.7,2,QPLog 10-1631 (16) rev16,TRUE,,GD,No Defect,Not Done,Pass,Green,Not Done,Pass,Green,Pass,300_FW,none,,,0,0,Pass,0,0,,2.314,3.033,3.315,3.399,4.071,4.349,5.201,5.541,6.258,7.177,3.758,1.184,1.017,-0.202,0.213,0.15,-0.464,0.007,0.807,-0.03,0.605,0.029,2.17,0.191,0.011,-6.389,0.193,2.314,0.207,0.014,-10.507,0.164,3.033,0.089,0.006,-122.608,0.474,3.14,0.181,0.006,-142.745,0.512,3.172,0.015,0.002,-302.293,1.495,3.315,0.076,0.009,-80.847,0.389,3.399,0.038,0.007,-79.513,0.497,4.071,0.035,0.006,-114.067,0.707,4.206,0.043,0.006,-230.715,0.761,4.28,0.072,0.007,-145.783,0.639,4.349,0.063,0.006,-128.589,0.726,4.723,0.049,0.007,-100.843,0.704,5.069,0.112,0.009,-53.539,0.57,5.201,0.076,0.007,-81.063,0.744,5.541,0.042,0.006,-138.094,0.981,6.003,0.069,0.006,-226.78,1.067,6.069,0.078,0.005,-171.463,1.14,6.258,0.055,0.006,-154.529,1.125,6.655,0.017,0.008,-53.251,0.835,6.992,0.012,0.009,-54.877,0.818,7.177,0.075,0.007,-75.826,0.961,8.321,0.012,0.005,-98.644,1.551,8.418,0.013,0.008,-55.84,1.015,0,0,0,0,0,5.704,0.008,0.007,-109.583,0.841,3.758,0.092,0.005,-108.813,0.7,6.145,0.019,0.004,-126.436,1.487,11.411,0.005,0.013,-17.935,0.853
125,8064,45633918_355,7/4/2023 0:38,26.9,2,QPLog 10-1631 (16) rev16,FALSE,,GD,,,,,,Pass,,,300_FW,,,,,,Pass,0,0,,2.308,3.041,3.313,3.407,4.081,4.376,5.208,5.553,6.267,7.183,3.763,0.586,1.736,-0.476,0.671,0.668,1.124,0.365,1.495,0.371,0.858,0.585,2.191,0.257,0.015,-20.923,0.147,2.308,0.215,0.017,-20.27,0.133,3.041,0.065,0.007,-91.329,0.464,3.144,0.117,0.007,-121.107,0.471,3.175,0.057,0.004,-171.002,0.883,3.313,0.072,0.007,-105.553,0.505,3.407,0.031,0.008,-66.877,0.442,4.081,0.04,0.006,-138.258,0.709,4.204,0.043,0.005,-216.958,0.782,4.296,0.044,0.006,-147.239,0.713,4.376,0.054,0.007,-118.225,0.646,4.736,0.052,0.008,-101.04,0.628,5.085,0.111,0.007,-82.939,0.711,5.208,0.066,0.006,-116.193,0.895,5.553,0.025,0.006,-45.427,0.965,6.004,0.046,0.005,-165.866,1.17,6.069,0.08,0.006,-132.726,1.006,6.267,0.055,0.005,-161.572,1.145,6.671,0.013,0.007,-69.01,0.936,7.003,0.01,0.008,-62.497,0.83,7.183,0.067,0.008,-67.706,0.872,8.324,0.009,0.015,-28.141,0.547,8.43,0.015,0.008,-53.704,1.035,0,0,0,0,0,5.705,0.006,0.007,-58.863,0.803,3.763,0.083,0.005,-152.346,0.753,6.164,0.024,0.005,-116.034,1.23,11.424,0.007,0.012,-21.434,0.924
126,4308,45635149_1450,7/4/2023 0:58,27,2,QPLog 10-1631 (16) rev16,TRUE,,GD,,,,,,Pass,,,300_FW,,,,,,Pass,0,0,,2.31,3.02,3.313,3.387,4.059,4.345,5.189,5.514,6.251,7.154,3.751,0.763,-0.114,-0.442,-0.512,-0.489,-0.676,-0.544,-0.755,-0.355,-0.546,-0.646,2.177,0.339,0.022,-9.143,0.1,2.31,0.345,0.015,-21.116,0.149,3.02,0.101,0.006,-130.813,0.477,3.132,0.208,0.006,-150.311,0.521,3.164,0.011,0.002,-215.465,2.033,3.313,0.078,0.008,-68.425,0.418,3.387,0.046,0.006,-82.093,0.56,4.059,0.043,0.006,-113.599,0.637,4.201,0.051,0.005,-242.436,0.796,4.266,0.084,0.007,-132.401,0.606,4.345,0.071,0.007,-103.909,0.651,4.708,0.058,0.008,-99.069,0.62,5.051,0.125,0.008,-82.447,0.667,5.189,0.081,0.007,-100.407,0.776,5.514,0.065,0.005,-178.656,1.08,5.992,0.117,0.006,-175.791,0.96,6.054,0.059,0.005,-157.209,1.106,6.251,0.07,0.006,-167.844,1.125,6.633,0.015,0.008,-54.069,0.873,6.944,0.007,0.005,-58.126,1.32,7.154,0.075,0.008,-69.262,0.899,8.29,0.013,0.012,-24.835,0.668,8.4,0.014,0.009,-53.522,0.979,0,0,0,0,0,5.702,0.016,0.006,-151.111,1.004,3.751,0.078,0.005,-66.183,0.709,6.139,0.008,0.004,-124.884,1.612,11.35,0.004,0.009,-20.592,1.205
127,9015,45633942_1450,7/4/2023 16:06,25.4,2,QPLog 10-1631 (16) rev16,TRUE,,B3,No Defect,Not Done,Pass,Green,Pass,Pass,Green,Pass,300_FW,none,,,0,0,Fail,0,0,,2.333,3.042,3.329,3.426,4.108,4.372,5.244,5.567,6.294,7.205,3.78,3.248,1.877,1.172,1.838,2.082,0.902,2.148,2.349,1.539,2.005,2.379,2.179,0.217,0.019,-14.062,0.115,2.333,0.168,0.022,-32.876,0.105,3.042,0.068,0.008,-93.879,0.389,3.156,0.137,0.006,-148.722,0.531,3.184,0.083,0.007,-92.215,0.488,3.329,0.075,0.008,-79.374,0.438,3.426,0.035,0.009,-60.929,0.369,4.108,0.049,0.006,-147.969,0.638,4.228,0.038,0.006,-224.969,0.746,4.311,0.075,0.006,-151.669,0.78,4.372,0.071,0.006,-110.629,0.697,4.734,0.051,0.006,-90.252,0.8,5.102,0.115,0.008,-81.929,0.676,5.244,0.06,0.007,-64.432,0.736,5.567,0.037,0.005,-124.873,1.138,6.045,0.112,0.006,-148.655,1.08,6.095,0.065,0.005,-207.529,1.225,6.294,0.045,0.005,-156.056,1.16,6.701,0.018,0.007,-89.366,1.029,6.997,0.006,0.006,-53.838,1.255,7.205,0.064,0.008,-76.771,0.889,8.352,0.01,0.017,-25.774,0.496,8.474,0.014,0.008,-48.527,1.008,0,0,0,0,0,5.724,0.009,0.006,-111.203,0.939,3.78,0.077,0.006,-81.33,0.601,6.194,0.029,0.006,-109.596,1.029,11.453,0.007,0.011,-24.456,1.081
128,4292,45637613_1450,7/5/2023 23:53,27,2,QPLog 10-1631 (16) rev16,TRUE,,GD,No Defect,Not Done,Pass,Green,Not Done,Pass,Green,Pass,300_FW,none,,,0,0,Pass,0,0,,2.291,3.022,3.32,3.372,4.04,4.348,5.178,5.506,6.238,7.139,3.75,-1.286,0.077,0.245,-1.389,-1.481,-0.522,-1.117,-1.253,-0.917,-1.293,-0.781,2.15,0.25,0.007,-15.697,0.307,2.291,0.153,0.004,-8.09,0.589,3.022,0.089,0.007,-92.002,0.427,3.124,0.2,0.008,-87.322,0.394,3.156,0.009,0.003,-167.72,0.903,3.32,0.08,0.006,-113.28,0.516,3.372,0.042,0.007,-78.439,0.491,4.04,0.034,0.005,-107.979,0.747,4.203,0.045,0.006,-186.465,0.674,4.258,0.077,0.006,-166.388,0.737,4.348,0.073,0.007,-111.616,0.616,4.698,0.053,0.007,-91.972,0.651,5.043,0.119,0.008,-67.83,0.644,5.178,0.074,0.005,-131.388,0.95,5.506,0.063,0.005,-156.422,1.011,5.974,0.073,0.006,-210.487,1.014,6.057,0.049,0.005,-205.559,1.246,6.238,0.074,0.005,-199.608,1.218,6.623,0.013,0.008,-49.564,0.832,6.97,0.02,0.007,-79.771,0.952,7.139,0.067,0.009,-57.813,0.83,8.272,0.019,0.009,-42.422,0.895,8.379,0.012,0.009,-53.068,0.93,0,0,0,0,0,5.694,0.01,0.008,-58.84,0.742,3.75,0.088,0.006,-96.236,0.634,6.131,0.036,0.006,-137.375,1.049,11.337,0.004,0.013,-17.134,0.848
129,6149,45647062_1450,7/11/2023 19:56,25.1,2,QPLog 10-1631 (16) rev16,TRUE,,GD,No Defect,Not Done,Pass,Green,Not Done,Pass,Green,Pass,300_FW,none,,,0,0,Pass,0,0,,2.313,3.027,3.307,3.394,4.058,4.351,5.191,5.516,6.259,7.161,3.752,1.094,0.552,-1.026,-0.105,-0.532,-0.349,-0.466,-0.667,-0.006,-0.229,-0.572,2.167,0.279,0.011,-13.14,0.202,2.313,0.275,0.014,-11.615,0.166,3.027,0.092,0.006,-111.449,0.486,3.135,0.186,0.007,-107.581,0.456,3.167,0.016,0.003,-340.745,1.215,3.307,0.092,0.008,-84.4,0.439,3.394,0.038,0.009,-58.63,0.392,4.058,0.049,0.006,-106.201,0.665,4.187,0.05,0.006,-206.313,0.699,4.271,0.078,0.006,-133.577,0.695,4.351,0.064,0.008,-81.936,0.546,4.71,0.067,0.007,-117.61,0.678,5.051,0.106,0.008,-68.715,0.65,5.191,0.077,0.007,-83.168,0.736,5.516,0.044,0.006,-122.568,0.962,5.981,0.102,0.005,-162.731,1.146,6.052,0.098,0.006,-137.151,1.028,6.259,0.068,0.006,-141.972,1.046,6.65,0.016,0.008,-61.368,0.873,6.987,0.012,0.009,-56.297,0.781,7.161,0.077,0.008,-68.804,0.877,8.303,0.013,0.012,-20.889,0.704,8.415,0.019,0.009,-50.036,0.987,0,0,0,0,0,5.692,0.013,0.006,-102.09,0.895,3.752,0.091,0.006,-109.589,0.617,6.133,0.02,0.005,-171.634,1.266,11.367,0.003,0.01,-26.255,1.112
130,6230,45652329_1450,7/13/2023 21:23,28.4,2,QPLog 10-1631 (16) rev18,TRUE,,GD,No Defect,Pass,Pass,Green,Not Done,Pass,Green,Pass,400_LA (new),none,,,6,2015,Pass,0,0,,2.316,3.042,3.348,3.389,4.07,4.393,5.23,5.551,6.254,7.206,3.777,1.407,1.79,3.146,-0.391,0.112,2.067,1.484,1.373,-0.194,2.05,2.069,2.171,0.267,0.005,-9.758,0.448,2.316,0.268,0.014,-19.616,0.163,3.042,0.15,0.006,-110.526,0.489,3.139,0.339,0.007,-111.703,0.48,3.154,0.097,0.004,-185.039,0.892,3.348,0.107,0.009,-84.02,0.363,3.389,0.072,0.011,-49.726,0.299,4.07,0.087,0.007,-116.111,0.602,4.254,0.076,0.006,-156.132,0.749,4.295,0.088,0.007,-113.102,0.615,4.393,0.153,0.006,-148.247,0.728,4.729,0.07,0.007,-74.854,0.696,5.098,0.172,0.008,-64.684,0.616,5.23,0.071,0.004,-156.064,1.209,5.551,0.027,0.003,-178.221,1.775,6.042,0.133,0.008,-77.156,0.773,6.101,0.036,0.005,-115.409,1.14,6.254,0.109,0.006,-151.26,1.103,6.653,0.016,0.009,-47.934,0.742,6.976,0.005,0.008,-65.044,0.867,7.206,0.123,0.008,-77.738,0.947,8.34,0.03,0.01,-29.618,0.809,8.409,0.035,0.009,-51.369,0.941,0,0,0,0,0,5.706,0.008,0.006,-134.992,0.93,3.777,0.124,0.008,-84.115,0.497,0,0,0,0,0,11.452,0.004,0.009,-13.866,1.313
131,2546,45681871_1450,7/27/2023 17:53,24.8,2,QPLog 10-1631 (16) rev16,TRUE,,GD,No Defect,Not Done,Pass,Green,Not Done,Pass,Green,Pass,300_FW,none,,,0,0,Pass,0,0,,2.301,3.03,3.324,3.369,4.034,4.368,5.169,5.505,6.233,7.131,3.755,-0.248,0.793,0.657,-1.607,-1.822,0.633,-1.552,-1.296,-1.134,-1.731,-0.222,2.167,0.304,0.01,-38.659,0.227,2.301,0.35,0.008,-76.293,0.287,3.03,0.06,0.006,-78.624,0.47,3.123,0.209,0.007,-101.769,0.47,3.158,0.008,0.004,-164.348,0.895,3.324,0.074,0.009,-73.676,0.388,3.369,0.038,0.008,-87.65,0.418,4.034,0.048,0.008,-68.919,0.496,4.208,0.056,0.006,-176.749,0.762,4.261,0.042,0.006,-175.94,0.667,4.368,0.059,0.006,-137.132,0.741,4.71,0.054,0.009,-77.512,0.552,5.04,0.091,0.01,-53.81,0.51,5.169,0.082,0.006,-140.819,0.809,5.505,0.023,0.006,-138.241,0.943,5.96,0.037,0.005,-147.6,1.286,6.043,0.048,0.004,-209.88,1.557,6.233,0.08,0.005,-221.206,1.244,6.622,0.009,0.008,-51.889,0.85,6.965,0.012,0.007,-78.355,0.931,7.131,0.068,0.007,-77.756,0.975,8.267,0.011,0.009,-38.072,0.967,8.369,0.006,0.009,-47.808,0.983,5.112,0.073,0.005,-212.259,1.07,5.687,0.009,0.007,-84.322,0.789,3.755,0.081,0.01,-50.595,0.381,6.118,0.034,0.006,-135.029,1.079,11.339,0.002,0.008,-23.239,1.363
132,D0088,45673631_1450,7/28/2023 19:21,24.3,2,QPLog 10-1631 (16) rev16,TRUE,,GD,No Defect,Not Done,Pass,Green,Not Done,Pass,Green,Pass,110_LVL (new),none,,,10,2018,Pass,0,0,,2.303,3.036,3.312,3.411,4.082,4.348,5.216,5.522,6.278,7.15,3.763,-0.037,1.34,-0.579,0.951,0.743,-0.503,0.756,-0.301,0.837,-0.757,0.607,2.193,0.286,0.005,-44.15,0.407,2.303,0.41,0.013,-42.379,0.184,3.036,0.112,0.006,-135.031,0.496,3.147,0.198,0.006,-143.51,0.494,3.178,0.117,0.005,-151.92,0.671,3.312,0.113,0.006,-118.266,0.56,3.411,0.046,0.009,-49.133,0.393,4.082,0.049,0.006,-104.468,0.693,4.198,0.066,0.005,-256.129,0.81,4.279,0.073,0.006,-118.338,0.736,4.348,0.143,0.007,-101.724,0.664,4.716,0.116,0.007,-129.525,0.686,5.059,0.185,0.008,-78.107,0.637,5.216,0.095,0.006,-120.377,0.936,5.522,0.063,0.005,-169.159,1.042,5.99,0.129,0.007,-102.259,0.895,6.064,0.051,0.004,-236.65,1.428,6.278,0.055,0.007,-76.722,0.91,6.684,0.016,0.007,-49.038,0.91,7.009,0.024,0.01,-46.979,0.719,7.15,0.114,0.009,-50.329,0.754,8.284,0.05,0.009,-43.186,0.914,8.453,0.021,0.009,-47.035,0.954,5.117,0.018,0.004,-115.82,1.401,5.686,0.007,0.006,-76.469,1.022,3.763,0.142,0.006,-109.476,0.668,6.163,0.03,0.006,-93.554,1.109,11.37,0.002,0.004,-24.988,3.136
133,9083,45706689_1450,8/14/2023 16:01,23.2,2,QPLog 10-1631 (16) rev16,TRUE,,GD,No Defect,Not Done,Pass,Green,Not Done,Pass,Green,Pass,110_LVL (new),none,,,9,2018,Pass,0,0,,2.304,3.026,3.318,3.401,4.073,4.383,5.209,5.551,6.258,7.184,3.76,0.107,0.429,0.107,0.295,0.231,1.489,0.44,1.414,-0.027,0.926,0.331,2.173,0.2,0.013,-28.471,0.173,2.304,0.401,0.012,-58.499,0.187,3.026,0.072,0.008,-95.047,0.395,3.134,0.146,0.006,-158.476,0.515,3.161,0.045,0.005,-134.85,0.632,3.318,0.072,0.008,-95.674,0.426,3.401,0.073,0.009,-57.653,0.373,4.073,0.016,0.008,-76.813,0.509,4.213,0.052,0.006,-174.328,0.667,4.299,0.085,0.006,-131.434,0.747,4.383,0.153,0.007,-71.255,0.592,4.739,0.131,0.007,-110.688,0.672,5.092,0.202,0.009,-63.418,0.582,5.209,0.057,0.006,-96.867,0.915,5.551,0.082,0.009,-107.809,0.631,6.014,0.064,0.005,-139.955,1.118,6.082,0.106,0.006,-115.531,0.978,6.258,0.067,0.008,-75.412,0.799,6.648,0.018,0.006,-72.146,1.061,6.963,0.009,0.003,-24.36,2.668,7.184,0.095,0.008,-83.309,0.953,8.313,0.011,0.003,-14.572,3.113,8.411,0.027,0.02,-17.236,0.414,5.15,0.026,0.003,-175.581,1.529,5.703,0.003,0.005,-73.388,1.249,3.76,0.086,0.011,-47.873,0.346,6.137,0.009,0.002,-54.959,3.622,11.411,0.008,0.015,-13.267,0.738
134,8839,None,8/16/2023 20:03,21.4,2,QPLog 1631 OB NOSE MAX-NG rev22,FALSE,,B3,,,,,,Pass,,,101_COPA,,,,,,Pass,0,0,,2.306,3.02,3.321,3.417,4.093,4.374,5.225,5.543,6.32,7.18,3.762,0.322,-0.114,0.348,1.292,1.327,0.999,1.219,0.898,2.682,0.713,0.468,2.196,0.448,0.011,-62,0.203,2.306,0.456,0.01,-77.45,0.223,3.02,0.09,0.007,-72.932,0.419,3.141,0.206,0.005,-193.953,0.586,3.183,0.1,0.007,-96.443,0.463,3.321,0.097,0.007,-113.038,0.496,3.417,0.043,0.009,-33.696,0.383,4.093,0.03,0.011,-42.018,0.368,4.214,0.058,0.006,-203.04,0.735,4.302,0.077,0.007,-81.155,0.602,4.374,0.127,0.007,-81.725,0.631,4.732,0.072,0.009,-63.35,0.52,5.082,0.188,0.011,-33.557,0.477,5.225,0.068,0.011,-30.175,0.476,5.543,0.066,0.007,-75.962,0.753,6.013,0.021,0.006,-23.738,0.991,6.084,0.017,0.004,-86.537,1.465,6.32,0.057,0.007,-77.107,0.856,6.69,0.019,0.008,-40.191,0.888,6.964,0.013,0.005,-72.009,1.375,7.18,0.067,0.013,-21.743,0.534,8.312,0.011,0.014,-7.635,0.605,8.433,0.013,0.016,-15.736,0.529,5.136,0.027,0.004,-143.363,1.293,5.709,0.005,0.007,-93.228,0.793,3.762,0.144,0.008,-72.368,0.463,6.173,0.035,0.006,-135.134,1.064,11.406,0.03,0.015,-17.09,0.786
135,8839,None,8/16/2023 20:17,21.5,2,QPLog 1631 OB NOSE MAX-NG rev22,FALSE,,GD,,,,,,Pass,,,101_COPA,,,,,,Pass,0,0,,2.306,3.018,3.321,3.414,4.09,4.373,5.223,5.542,6.32,7.181,3.761,0.322,-0.255,0.382,1.111,1.172,0.921,1.143,0.882,2.695,0.784,0.388,2.195,0.081,0.01,-55.508,0.221,2.306,0.098,0.009,-92.797,0.268,3.018,0.119,0.007,-98.629,0.421,3.14,0.248,0.005,-200.783,0.587,3.181,0.133,0.006,-129.914,0.517,3.321,0.127,0.006,-131.451,0.523,3.414,0.055,0.011,-40.859,0.31,4.09,0.046,0.007,-86.28,0.576,4.213,0.068,0.006,-202.224,0.717,4.301,0.102,0.007,-112.732,0.644,4.373,0.17,0.006,-117.061,0.692,4.731,0.101,0.007,-94.363,0.634,5.082,0.226,0.01,-39.654,0.486,5.223,0.103,0.007,-45.41,0.793,5.542,0.098,0.006,-129.465,0.925,6.02,0.098,0.006,-82.739,1.031,6.084,0.028,0.004,-162.641,1.689,6.32,0.103,0.005,-174.446,1.183,6.69,0.028,0.007,-50.155,1.002,6.963,0.015,0.005,-94.34,1.439,7.181,0.123,0.009,-50.103,0.788,8.316,0.017,0.013,-19.206,0.632,8.434,0.018,0.01,-32.698,0.846,5.135,0.03,0.004,-159.749,1.314,5.709,0.006,0.006,-166.574,1.001,3.761,0.179,0.007,-92.781,0.52,6.172,0.012,0.005,-92.143,1.288,11.407,0.032,0.011,-31.165,1.072
136,4268,45725950_1450,8/18/2023 0:03,30.2,2,QPLog 10-1631 (16) rev18,TRUE,,GD,No Defect,Pass,Pass,Green,Not Done,Pass,Green,Pass,400_LA (new),none,,,1,2012,Pass,0,0,,2.305,3.013,3.313,3.396,4.07,4.369,5.204,5.523,6.261,7.176,3.757,0.26,-0.693,-0.442,0.055,0.112,0.671,0.155,-0.252,0.124,0.518,-0.082,2.179,0.278,0.003,-51.037,0.636,2.305,0.316,0.009,-37.215,0.245,3.013,0.16,0.007,-91.55,0.421,3.125,0.236,0.006,-159.288,0.529,3.158,0.201,0.007,-97.975,0.454,3.313,0.134,0.006,-114.165,0.539,3.396,0.079,0.007,-76.585,0.499,4.07,0.061,0.007,-91.021,0.546,4.194,0.087,0.005,-254.592,0.813,4.284,0.126,0.006,-166.504,0.743,4.369,0.158,0.006,-114.857,0.729,4.734,0.125,0.007,-109.282,0.643,5.061,0.233,0.008,-89.818,0.659,5.204,0.123,0.005,-119.236,1.077,5.523,0.062,0.004,-203.364,1.5,5.986,0.121,0.006,-182.76,1.075,6.059,0.139,0.006,-133.957,1.055,6.261,0.106,0.006,-155.544,1.066,6.636,0.02,0.007,-64.158,0.887,6.923,0.006,0.005,-73.967,1.413,7.176,0.13,0.009,-60.287,0.815,0,0,0,0,0,8.396,0.039,0.012,-32.992,0.717,5.103,0.031,0.002,-243.981,2.116,5.689,0.011,0.006,-135.834,0.962,3.757,0.135,0.007,-82.422,0.508,6.147,0.033,0.005,-64.919,1.186,11.365,0.01,0.013,-23.516,0.892
137,B0068,45707768_1450,8/15/2023 19:24,23.7,2,QPLog 10-1631 (16) rev16,TRUE,,GD,No Defect,Not Done,Pass,,Not Done,Pass,,Pass,110_LVL (new),none,,,6,2019,Pass,0,0,,2.301,3.033,3.309,3.422,4.096,4.352,5.224,5.529,6.28,7.152,3.764,-0.182,1.036,-0.854,1.587,1.454,-0.311,1.178,0.11,0.955,-0.662,0.653,2.191,0.268,0.009,-58.39,0.243,2.301,0.284,0.01,-55.074,0.234,3.033,0.09,0.006,-128.175,0.481,3.152,0.139,0.005,-214.383,0.592,3.185,0.112,0.005,-153.037,0.63,3.309,0.092,0.006,-147.246,0.537,3.422,0.035,0.008,-52.498,0.424,4.096,0.038,0.006,-130.692,0.682,4.198,0.043,0.006,-197.595,0.728,4.293,0.061,0.006,-155.879,0.779,4.352,0.099,0.007,-91.85,0.613,4.712,0.087,0.006,-108.846,0.767,5.064,0.137,0.008,-71.22,0.637,5.224,0.06,0.005,-102.811,1.011,5.529,0.043,0.006,-138.574,0.857,5.987,0.078,0.007,-117.061,0.871,6.064,0.046,0.005,-215.43,1.306,6.28,0.044,0.006,-105.374,0.991,6.7,0.016,0.008,-44.994,0.852,7.016,0.018,0.01,-53.709,0.686,7.152,0.086,0.01,-51.205,0.74,8.288,0.035,0.01,-35.902,0.805,8.463,0.016,0.008,-50.278,0.999,0,0,0,0,0,5.698,0.006,0.006,-71.78,1.029,3.764,0.095,0.009,-57.858,0.42,6.173,0.023,0.006,-79.349,1.089,11.388,0.001,0.008,-13.538,1.421
138,6221,45711728_1450,8/17/2023 21:19,23.5,2,QPLog 10-1631 (16) rev16,TRUE,,B3,No Defect,Not Done,Pass,,Not Done,Pass,,Pass,110_LVL (new),none,,,5,2015,Pass,0,0,,2.299,3.011,3.337,3.392,4.071,4.376,5.216,5.536,6.246,7.186,3.758,-0.388,-0.892,2.012,-0.234,0.128,1.123,0.767,0.488,-0.566,1.053,0.068,2.156,0.219,0.006,-24.061,0.387,2.299,0.245,0.003,-29.108,0.729,3.011,0.103,0.006,-76.971,0.514,3.125,0.23,0.006,-176.931,0.546,3.154,0.151,0.007,-78.52,0.428,3.337,0.109,0.007,-105.645,0.493,3.392,0.086,0.009,-46.102,0.383,4.071,0.054,0.007,-99.297,0.559,4.238,0.066,0.007,-180.997,0.608,4.29,0.118,0.006,-129.577,0.664,4.376,0.155,0.007,-74.522,0.598,4.726,0.123,0.006,-132.401,0.787,5.085,0.224,0.007,-84.635,0.704,5.216,0.08,0.006,-106.195,0.856,5.536,0.093,0.005,-174.976,1.059,6.007,0.056,0.006,-140.127,1.041,6.103,0.046,0.004,-212.85,1.404,6.246,0.067,0.006,-103.684,0.994,6.631,0.023,0.007,-63.363,1.02,6.953,0.005,0.009,-63.587,0.747,7.186,0.117,0.007,-88.786,0.998,8.278,0.008,0.008,-28.208,1.055,8.413,0.015,0.003,-7.205,3.009,0,0,0,0,0,5.702,0.008,0.006,-141.914,0.933,3.758,0.123,0.008,-57.899,0.452,6.157,0.03,0.006,-107.987,0.959,11.379,0.005,0.013,-12.984,0.848
139,3171,45744613_1450,8/26/2023 18:53,24.8,2,QPLog 10-1631 (16) rev16,TRUE,,GD,No Defect,Pass,Pass,,Not Done,Pass,,Pass,300_FW,none,,,8,2007,Pass,0,0,,2.314,3.006,3.315,3.399,4.076,4.356,5.204,5.504,6.263,7.135,3.747,1.174,-1.301,-0.27,0.212,0.414,-0.079,0.168,-1.384,0.169,-1.495,-1.082,2.163,0.171,0.009,-18.147,0.238,2.314,0.17,0.016,-5.44,0.14,3.006,0.114,0.007,-83.05,0.406,3.128,0.135,0.006,-138.977,0.49,3.163,0.119,0.008,-71.711,0.414,3.315,0.085,0.007,-98.801,0.449,3.399,0.027,0.011,-39.843,0.302,4.076,0.049,0.006,-87.348,0.651,4.202,0.042,0.006,-218.648,0.751,4.276,0.04,0.006,-194.791,0.709,4.356,0.027,0.01,-36.045,0.417,4.717,0.058,0.007,-79.658,0.642,5.047,0.087,0.011,-41.265,0.44,5.204,0.067,0.007,-87.348,0.735,5.504,0.037,0.006,-115.221,0.967,5.979,0.107,0.006,-151.714,1.054,6.054,0.009,0.004,-172.047,1.431,6.263,0.054,0.006,-118.865,1.027,6.644,0.016,0.008,-51.009,0.826,6.969,0.016,0.009,-63.144,0.81,7.135,0.07,0.007,-77.121,0.958,8.266,0.011,0.013,-24.772,0.644,8.399,0.01,0.008,-64.612,1.049,0,0,0,0,0,5.701,0.011,0.008,-71.626,0.758,3.747,0.089,0.006,-75.754,0.586,6.144,0.031,0.006,-104.338,0.986,11.336,0.002,0.01,-23.342,1.108
140,4282,45753578_1450,9/7/2023 15:06,22.8,2,QPLog 10-1631 (16) rev16,TRUE,,GD,No Defect,Not Done,Pass,,Not Done,Pass,,Pass,110_LVL (new),none,,,1,2012,Pass,0,0,,2.302,3.003,3.315,3.389,4.067,4.358,5.194,5.525,6.249,7.167,3.752,-0.124,-1.621,-0.236,-0.394,-0.059,0.056,-0.317,-0.131,-0.436,0.102,-0.524,2.175,0.349,0.009,-33.785,0.23,2.302,0.423,0.013,-64.184,0.177,3.003,0.086,0.011,-85.777,0.281,3.118,0.172,0.006,-156.344,0.49,3.152,0.121,0.009,-56.958,0.332,3.315,0.123,0.006,-174.516,0.599,3.389,0.059,0.007,-69.093,0.456,4.067,0.058,0.006,-123.651,0.652,4.199,0.057,0.005,-249.924,0.768,4.279,0.126,0.007,-141.73,0.658,4.358,0.118,0.007,-103.713,0.621,4.726,0.091,0.007,-113.882,0.674,5.063,0.183,0.008,-78.543,0.659,5.194,0.096,0.007,-86.614,0.768,5.525,0.065,0.005,-198.789,1.081,5.991,0.075,0.006,-164.74,0.993,6.049,0.114,0.006,-113.76,0.946,6.249,0.065,0.008,-61.277,0.792,6.625,0.019,0.007,-58.321,1.012,6.918,0.011,0.006,-66.565,1.24,7.167,0.129,0.008,-72.833,0.899,8.31,0.023,0.008,-31.444,0.997,8.384,0.035,0.013,-26.082,0.67,0,0,0,0,0,5.694,0.006,0.006,-91.692,0.987,3.752,0.088,0.011,-53.228,0.332,0,0,0,0,0,11.349,0.004,0.012,-16.338,0.927
141,1051,45760439_1450,9/12/2023 18:54,23.3,2,QPLog 10-1631 (16) rev17,TRUE,,GD,No Defect,Not Done,Pass,,Not Done,Pass,,Pass,110_LVL (new),none,,,2,2000,Pass,0,0,,2.305,3.008,3.33,3.362,4.048,4.374,5.19,5.509,6.235,7.164,3.752,0.277,-1.183,1.309,-1.994,-1.061,0.999,-0.516,-1.074,-1.019,-0.044,-0.505,2.166,0.034,0.006,-28.535,0.384,2.305,0.482,0.009,-72.887,0.268,3.008,0.096,0.011,-76.182,0.279,3.119,0.215,0.006,-172.426,0.517,3.138,0.047,0.002,-208.422,1.395,3.33,0.077,0.008,-129.327,0.443,3.362,0.099,0.007,-85.291,0.5,4.048,0.061,0.008,-90.181,0.506,4.233,0.108,0.007,-172.44,0.64,4.31,0.025,0.004,-151.149,1.104,4.374,0.134,0.008,-82.531,0.522,4.724,0.094,0.008,-82.529,0.584,5.056,0.176,0.008,-75.389,0.643,5.19,0.055,0.005,-94.104,0.946,5.509,0.07,0.005,-152.3,1.023,5.983,0.041,0.006,-125.343,1.023,6.095,0.005,0.005,-150.017,1.194,6.235,0.072,0.006,-100.863,0.975,6.605,0.018,0.007,-70.59,0.915,7.003,0.018,0.007,-102.158,0.948,7.164,0.123,0.007,-93.497,0.984,0,0,0,0,0,8.357,0.04,0.009,-49.523,0.921,0,0,0,0,0,5.696,0.007,0.006,-91.107,0.914,3.752,0.089,0.008,-54.323,0.445,6.132,0.026,0.005,-141.335,1.241,11.342,0.005,0.012,-16.938,0.93
142,6144,45790264_1450,9/20/2023 19:46,24.1,2,QPLog 10-1631 (16) rev16,TRUE,,GD,No Defect,Not Done,Pass,,Not Done,Pass,,Pass,300_FW,none,0,,0,0,Pass,0,0,,2.313,3.024,3.31,3.397,4.065,4.333,5.195,5.524,6.256,7.167,3.755,1.032,0.225,-0.717,0.094,-0.167,-1.36,-0.289,-0.19,-0.115,0.084,-0.234,2.166,0.258,0.01,-9.89,0.209,2.313,0.243,0.022,-10.26,0.106,3.024,0.083,0.006,-78.723,0.499,3.138,0.19,0.006,-140.763,0.53,3.159,0.064,0.007,-96.705,0.483,3.31,0.092,0.006,-100.131,0.522,3.397,0.033,0.008,-50.208,0.445,4.065,0.048,0.007,-93.526,0.601,4.193,0.049,0.005,-258.471,0.802,4.269,0.072,0.006,-211.75,0.717,4.333,0.104,0.006,-169.844,0.746,4.715,0.058,0.007,-115.68,0.64,5.055,0.119,0.008,-59.471,0.599,5.195,0.072,0.007,-79.337,0.727,5.524,0.049,0.005,-163.549,1.066,5.987,0.083,0.006,-163.637,1.041,6.046,0.098,0.006,-146.953,1.081,6.256,0.056,0.006,-147.003,1.12,6.648,0.018,0.007,-57.789,0.96,6.987,0.012,0.008,-60.855,0.839,7.167,0.081,0.007,-79.257,0.966,8.311,0.013,0.013,-27.902,0.654,8.42,0.013,0.008,-58.418,1.024,0,0,0,0,0,5.698,0.008,0.007,-89.271,0.866,3.755,0.083,0.005,-44.443,0.712,6.139,0.025,0.005,-118.21,1.328,11.36,0.006,0.011,-22.501,1.011
143,4237,45827890_1450,10/17/2023 14:58,22.4,2,QPLog 10-1631 (16) rev17,TRUE,,GD,No Defect,Not Done,Pass,,Not Done,Pass,,Pass,110_LVL (new),none,0,,10,2011,Pass,0,0,,2.295,3.013,3.307,3.386,4.058,4.337,5.185,5.509,6.246,7.147,3.744,-0.842,-0.666,-1.026,-0.551,-0.555,-1.139,-0.77,-1.071,-0.556,-0.895,-1.367,2.173,0.339,0.011,-51.943,0.197,2.295,0.396,0.012,-56.636,0.199,3.013,0.096,0.006,-110.861,0.542,3.126,0.182,0.005,-180.949,0.579,3.149,0.033,0.006,-161.15,0.512,3.307,0.109,0.006,-148.341,0.555,3.386,0.044,0.009,-61.564,0.393,4.058,0.051,0.006,-119.306,0.692,4.192,0.053,0.006,-173.185,0.697,4.266,0.084,0.008,-119.551,0.568,4.337,0.103,0.007,-71.347,0.586,4.705,0.082,0.006,-123.689,0.729,5.047,0.155,0.008,-66.059,0.602,5.185,0.075,0.007,-71.725,0.759,5.509,0.046,0.006,-152.764,0.907,5.981,0.085,0.007,-106.404,0.838,6.046,0.078,0.007,-111.335,0.897,6.246,0.059,0.008,-70.925,0.767,6.633,0.017,0.007,-68.517,0.954,6.934,0.006,0.005,-65.572,1.435,7.147,0.121,0.008,-68.413,0.917,8.28,0.029,0.009,-34.106,0.884,8.388,0.029,0.009,-53.138,0.953,0,0,0,0,0,5.691,0.005,0.004,-88.402,1.561,3.744,0.1,0.009,-79.059,0.434,6.12,0.011,0.005,-60.933,1.357,11.345,0.002,0.009,-17.336,1.241
144,D0631,45832686_1450,10/17/2023 22:25,22.6,2,QPLog 10-1631 (16) rev17,TRUE,,GD,No Defect,Not Done,Pass,,Not Done,Pass,,Pass,110_LVL (new),none,0,,8,2019,Pass,0,0,,2.299,3.03,3.308,3.403,4.067,4.33,5.201,5.516,6.264,7.148,3.762,-0.458,0.74,-0.923,0.432,-0.049,-1.533,0.043,-0.677,0.214,-0.877,0.444,2.181,0.258,0.018,-42.734,0.12,2.299,0.263,0.014,-32.979,0.168,3.03,0.078,0.008,-71.012,0.38,3.146,0.198,0.007,-97.812,0.439,3.181,0.015,0.004,-185.692,0.722,3.308,0.128,0.006,-130.608,0.518,3.403,0.048,0.009,-45.795,0.39,4.067,0.048,0.009,-104.882,0.459,4.189,0.051,0.007,-142.623,0.637,4.267,0.104,0.006,-128.254,0.728,4.33,0.138,0.007,-112.802,0.655,4.692,0.102,0.007,-120.987,0.708,5.048,0.171,0.007,-79.765,0.675,5.201,0.079,0.006,-100.356,0.842,5.516,0.047,0.005,-145.255,1.004,5.986,0.101,0.007,-106.08,0.855,6.052,0.069,0.005,-177.839,1.161,6.264,0.053,0.007,-92.023,0.885,6.674,0.017,0.007,-50.904,0.893,7.017,0.025,0.01,-49.311,0.71,7.148,0.1,0.009,-55.086,0.805,8.276,0.048,0.009,-56.347,0.965,8.451,0.018,0.01,-47.006,0.887,0,0,0,0,0,5.695,0.006,0.006,-90.434,0.952,3.762,0.123,0.008,-81.641,0.487,6.156,0.03,0.005,-55.23,1.16,11.357,0.001,0.003,-8.533,3.453
145,2525,45850390_7406,10/20/2023 15:20,22,2,QPLog 10-1631 (16) rev15,FALSE,,B3,No Defect,Pass,Pass,,Pass,Pass,,Pass,500_LON,none,0,,1,2005,Fail,0,0,,2.319,3.034,3.354,3.402,4.091,4.401,5.247,5.57,6.277,7.233,3.776,1.689,1.09,3.833,0.377,1.208,2.529,2.299,2.48,0.796,3.377,1.959,2.185,0.065,0.013,-27.275,0.174,2.319,0.5,0.012,-26.076,0.194,3.034,0.151,0.012,-43.206,0.26,3.143,0.321,0.006,-178.989,0.532,3.17,0.204,0.004,-142.088,0.755,3.354,0.201,0.006,-161,0.554,3.402,0.095,0.01,-58.857,0.352,4.091,0.104,0.006,-135.665,0.694,4.273,0.125,0.006,-234.936,0.765,4.312,0.128,0.006,-178.14,0.675,4.401,0.229,0.006,-185.435,0.758,4.747,0.103,0.008,-63.683,0.571,5.114,0.255,0.011,-52.756,0.468,5.247,0.115,0.006,-96.292,0.927,5.57,0.07,0.006,-124.677,0.987,6.068,0.3,0.006,-119.14,0.98,6.139,0.012,0.002,-122.983,3.085,6.277,0.132,0.005,-184.234,1.185,6.672,0.03,0.008,-56.655,0.834,6.99,0.004,0.008,-69.629,0.873,7.233,0.135,0.006,-117.177,1.123,8.35,0.009,0.008,-34.116,1.007,8.437,0.041,0.008,-70.096,1.028,0,0,0,0,0,5.73,0.008,0.003,-108.426,1.679,3.776,0.181,0.007,-110.194,0.565,6.199,0.063,0.005,-165.25,1.145,11.49,0.017,0.013,-17.905,0.867
146,2525,45850390_7406,10/20/2023 15:29,22.3,2,QPLog 10-1631 (16) rev15,FALSE,,B3,No Defect,Pass,Pass,,Pass,Pass,,Pass,500_LON,none,0,,1,2005,Pass,0,0,,2.315,3.033,3.354,3.402,4.091,4.401,5.246,5.569,6.277,7.233,3.776,1.301,1.063,3.763,0.357,1.227,2.529,2.249,2.433,0.795,3.359,1.952,2.179,0.304,0.011,-24.993,0.197,2.315,0.361,0.013,-45.245,0.182,3.033,0.148,0.016,-44.606,0.187,3.142,0.312,0.006,-177.943,0.532,3.169,0.195,0.004,-136.265,0.756,3.354,0.192,0.006,-159.142,0.561,3.402,0.085,0.012,-57.491,0.278,4.091,0.101,0.006,-131.72,0.664,4.274,0.118,0.006,-243.718,0.76,4.312,0.113,0.007,-172.126,0.658,4.401,0.198,0.006,-180.958,0.754,4.746,0.1,0.008,-67.509,0.571,5.114,0.239,0.009,-53.956,0.596,5.246,0.102,0.005,-118.019,0.987,5.569,0.062,0.006,-131.298,0.931,6.066,0.281,0.006,-132.467,1.03,6.139,0.011,0.002,-130.836,3.036,6.277,0.121,0.005,-190.149,1.217,6.672,0.029,0.008,-58.687,0.872,6.991,0.004,0.008,-72.104,0.826,7.233,0.123,0.006,-120.082,1.132,8.335,0.007,0.002,-7.879,3.579,8.469,0.007,0.004,-13.8,2.293,0,0,0,0,0,5.73,0.007,0.003,-119.016,1.778,3.776,0.168,0.007,-107.675,0.563,6.199,0.06,0.006,-162.242,1.123,11.492,0.018,0.013,-20.423,0.861
147,6146,45870905_1450,10/30/2023 19:38,24.5,2,QPLog 10-1631 (16) rev16,TRUE,,GD,No Defect,Pass,Pass,,Not Done,Pass,,Pass,300_FW,none,0,,4,2015,Pass,0,0,,2.316,3.027,3.315,3.397,4.064,4.349,5.197,5.526,6.257,7.17,3.764,1.361,0.552,-0.202,0.093,-0.203,-0.445,-0.15,-0.089,-0.057,0.251,0.722,2.145,0.225,0.003,-9.066,0.631,2.316,0.227,0.019,-11.177,0.121,3.027,0.09,0.007,-71.122,0.404,3.138,0.206,0.007,-120.788,0.48,3.161,0.027,0.004,-173.387,0.71,3.315,0.094,0.007,-85.771,0.466,3.397,0.042,0.008,-58.719,0.436,4.064,0.043,0.006,-86.222,0.631,4.198,0.043,0.006,-229.778,0.71,4.273,0.075,0.006,-178.827,0.68,4.349,0.075,0.006,-137.552,0.738,4.715,0.052,0.009,-79.153,0.521,5.061,0.121,0.008,-67.81,0.622,5.197,0.084,0.009,-64.45,0.596,5.526,0.036,0.005,-159.161,1.049,5.995,0.088,0.006,-224.945,1.065,6.052,0.095,0.006,-108.872,0.97,6.257,0.061,0.006,-143.391,1.096,6.647,0.022,0.007,-74.542,0.997,6.992,0.012,0.009,-57.253,0.757,7.17,0.068,0.008,-77.7,0.951,8.316,0.011,0.009,-36.493,0.922,8.423,0.017,0.012,-30.34,0.73,0,0,0,0,0,5.702,0.013,0.006,-147.44,1.017,3.764,0.071,0.007,-34.595,0.573,6.143,0.011,0.004,-81.041,1.613,11.366,0.004,0.014,-14.462,0.815
148,4299,45873841_1450,11/3/2023 20:16,22.4,2,QPLog 10-1631 (16) rev17,TRUE,,GD,No Defect,Not Done,Pass,,Not Done,Pass,,Pass,110_LVL (new),none,0,,2,2012,Pass,0,0,,2.303,2.999,3.31,3.395,4.068,4.343,5.195,5.503,6.255,7.144,3.742,-0.017,-1.947,-0.717,-0.047,-0.026,-0.792,-0.289,-1.4,-0.153,-1.044,-1.638,2.187,0.383,0.009,-50.649,0.252,2.303,0.432,0.013,-65.69,0.173,2.999,0.093,0.01,-103.694,0.307,3.125,0.175,0.005,-212.563,0.573,3.162,0.14,0.006,-104.576,0.499,3.31,0.124,0.006,-129.877,0.52,3.395,0.052,0.009,-45.816,0.389,4.068,0.05,0.007,-104.741,0.596,4.191,0.061,0.006,-194.645,0.721,4.271,0.134,0.006,-170.183,0.767,4.343,0.129,0.008,-97.478,0.554,4.709,0.096,0.009,-115.08,0.545,5.044,0.178,0.008,-69.593,0.617,5.195,0.092,0.007,-86.325,0.744,5.503,0.067,0.006,-139.623,0.965,5.977,0.102,0.007,-89.106,0.817,6.043,0.081,0.005,-185.628,1.237,6.255,0.065,0.007,-75.101,0.868,6.629,0.019,0.007,-45.575,0.914,6.959,0.022,0.009,-57.138,0.805,7.144,0.139,0.008,-69.67,0.904,8.279,0.031,0.009,-33.585,0.894,8.392,0.03,0.008,-67.104,1.088,0,0,0,0,0,5.699,0.007,0.006,-82.561,0.928,3.742,0.104,0.005,-68.467,0.803,6.15,0.019,0.004,-117.906,1.479,11.331,0.003,0.01,-22.068,1.147
149,6147,45883863_1450,11/5/2023 17:50,23.7,2,QPLog 10-1631 (16) rev16,TRUE,,GD,No Defect,Pass,Pass,,Not Done,Pass,,Pass,300_FW,none,0,,4,2015,Pass,0,0,,2.299,3.03,3.31,3.392,4.061,4.341,5.194,5.522,6.257,7.162,3.761,-0.384,0.827,-0.717,-0.234,-0.361,-0.907,-0.295,-0.291,-0.085,-0.183,0.409,2.171,0.265,0.015,-20.663,0.143,2.299,0.383,0.009,-53.16,0.244,3.03,0.093,0.006,-98.433,0.492,3.139,0.247,0.006,-155.367,0.543,3.157,0.028,0.002,-315.484,1.61,3.31,0.089,0.007,-108.569,0.498,3.392,0.037,0.01,-47.907,0.324,4.061,0.052,0.006,-110.816,0.685,4.192,0.057,0.006,-195.6,0.719,4.267,0.076,0.006,-213.251,0.682,4.341,0.09,0.006,-116.67,0.705,4.713,0.064,0.006,-131.458,0.727,5.052,0.119,0.01,-53.132,0.511,5.194,0.083,0.007,-99.256,0.757,5.522,0.051,0.005,-144.732,1.018,5.984,0.1,0.005,-211.884,1.136,6.045,0.117,0.006,-142.534,1.084,6.257,0.066,0.006,-142.356,1.137,6.651,0.022,0.007,-76.864,0.984,6.993,0.014,0.008,-63.748,0.843,7.162,0.088,0.009,-65.714,0.842,8.304,0.022,0.01,-33.57,0.808,8.421,0.02,0.008,-54.762,1.011,5.101,0.027,0.004,-235.17,1.271,5.697,0.015,0.006,-153.224,1.004,3.761,0.095,0.005,-70.003,0.776,6.136,0.026,0.005,-162.437,1.24,11.361,0.005,0.01,-21.673,1.124
150,4289,45876558_1450,11/7/2023 20:09,22.6,2,QPLog 10-1631 (16) rev17,TRUE,,GD,No Defect,Not Done,Pass,,Not Done,Pass,,Pass,110_LVL (new),none,0,,2,2012,Pass,0,0,,2.305,3.019,3.311,3.382,4.05,4.34,5.182,5.508,6.239,7.141,3.749,0.232,-0.21,-0.614,-0.83,-0.939,-1.004,-0.916,-1.152,-0.843,-1.192,-0.916,2.169,0.034,0.005,-31.436,0.416,2.305,0.044,0.003,-23.219,0.762,3.019,0.136,0.009,-90.669,0.328,3.13,0.27,0.007,-86.118,0.421,3.17,0.012,0.002,-277.038,1.778,3.311,0.131,0.006,-131.769,0.536,3.382,0.061,0.013,-47.891,0.26,4.05,0.054,0.007,-90.766,0.586,4.2,0.051,0.006,-205.77,0.707,4.259,0.115,0.007,-81.275,0.609,4.34,0.098,0.006,-96.31,0.695,4.7,0.092,0.007,-133.165,0.689,5.045,0.167,0.009,-64.942,0.568,5.182,0.079,0.007,-79.402,0.766,5.508,0.057,0.006,-138.032,1.001,5.987,0.121,0.007,-97.398,0.847,6.048,0.062,0.006,-154.009,1.091,6.239,0.052,0.008,-80.774,0.822,6.627,0.022,0.007,-67.139,1.004,6.942,0.012,0.005,-56.003,1.268,7.141,0.114,0.009,-52.059,0.803,8.276,0.045,0.009,-48.476,0.883,8.39,0.031,0.01,-43.479,0.861,5.109,0.037,0.004,-188.288,1.149,5.694,0.006,0.005,-106.163,1.115,3.749,0.097,0.006,-60.663,0.623,6.13,0.031,0.007,-91.52,0.829,11.339,0.001,0.004,-9.636,3.199
151,2375,45893670_7406,11/10/2023 16:58,19.4,2,QPLog 10-1631 (16) rev15,FALSE,,GD,No Defect,Pass,Pass,,Not Done,Pass,,Pass,500_LON,none,0,,10,2003,Pass,0,0,,2.305,3.034,3.327,3.38,4.057,4.37,5.189,5.542,6.248,7.185,3.762,0.26,1.097,1,-0.951,-0.588,0.729,-0.565,0.872,-0.477,0.99,0.468,2.194,0.128,0.004,-135.58,0.57,2.305,0.549,0.011,-21.432,0.215,3.034,0.184,0.008,-66.922,0.368,3.132,0.465,0.007,-107.03,0.434,3.148,0.187,0.004,-133.786,0.75,3.327,0.228,0.006,-142.357,0.557,3.38,0.05,0.013,-34.028,0.25,4.057,0.164,0.006,-125.831,0.652,4.219,0.124,0.006,-197.637,0.715,4.272,0.013,0.005,-36.222,0.784,4.37,0.153,0.006,-141.964,0.733,4.735,0.1,0.009,-106.539,0.516,5.075,0.228,0.01,-55.388,0.507,5.189,0.158,0.008,-72.552,0.62,5.542,0.071,0.005,-142.765,1.06,5.991,0.054,0.006,-195.67,1.007,6.075,0.113,0.005,-182.043,1.199,6.248,0.153,0.005,-179.518,1.169,6.629,0.031,0.007,-24.467,0.953,6.962,0.008,0.005,-47.417,1.489,7.185,0.141,0.007,-81.881,1.002,8.31,0.007,0.002,-7.773,3.64,8.388,0.066,0.009,-66.037,0.981,5.128,0.105,0.005,-198.523,1.031,5.701,0.01,0.005,-137.127,1.081,3.762,0.237,0.009,-66.372,0.438,6.145,0.094,0.008,-75.969,0.756,11.428,0.006,0.01,-24.647,1.181
152,6551,45894407_1450,11/16/2023 18:01,22.3,2,QPLog 10-1631 (16) rev17,TRUE,,GD,No Defect,Pass,Pass,,Not Done,Pass,,Pass,110_LVL (new),none,0,,12,2015,Pass,0,0,,2.302,3.019,3.316,3.368,4.036,4.355,5.162,5.511,6.23,7.148,3.754,-0.124,-0.159,-0.167,-1.646,-1.702,-0.118,-1.894,-0.938,-1.236,-0.843,-0.331,2.164,0.054,0.004,-49.157,0.493,2.302,0.068,0.011,-43.359,0.217,3.019,0.121,0.006,-114.15,0.468,3.121,0.338,0.009,-107.169,0.357,3.151,0.025,0.005,-193.048,0.633,3.316,0.138,0.006,-161.025,0.567,3.368,0.05,0.007,-89.625,0.51,4.036,0.1,0.006,-117.38,0.638,4.197,0.053,0.006,-180.882,0.685,4.254,0.121,0.006,-136.23,0.709,4.355,0.089,0.007,-99.486,0.619,4.711,0.077,0.007,-119.103,0.664,5.044,0.128,0.01,-66.319,0.49,5.162,0.092,0.008,-79.114,0.672,5.511,0.036,0.004,-128.229,1.23,5.979,0.09,0.006,-159.76,1,6.035,0.089,0.005,-175.982,1.107,6.23,0.053,0.006,-116.384,1,6.609,0.021,0.006,-93.962,1.066,6.952,0.019,0.01,-50.494,0.73,7.148,0.125,0.008,-78.213,0.946,8.285,0.017,0.009,-20.878,0.874,8.372,0.034,0.011,-32.805,0.766,5.1,0.053,0.006,-158.427,0.854,5.684,0.007,0.004,-113.533,1.344,3.754,0.1,0.009,-50.275,0.413,6.117,0.042,0.006,-106.797,1.048,11.322,0.001,0.006,-21.786,1.839
153,6549,45907197_1450,11/17/2023 1:56,24.5,2,QPLog 10-1631 (16) rev16,TRUE,,GD,No Defect,Not Done,Pass,,Not Done,Pass,,Pass,300_FW,none,0,,12,2015,Pass,0,0,,2.302,3.007,3.323,3.371,4.039,4.359,5.178,5.513,6.239,7.148,3.749,-0.062,-1.221,0.554,-1.468,-1.526,0.117,-1.133,-0.859,-0.843,-0.843,-0.835,2.165,0.418,0.009,-63.141,0.247,2.302,0.448,0.009,-95.076,0.265,3.007,0.097,0.006,-127.171,0.488,3.117,0.266,0.006,-168.459,0.542,3.145,0.019,0.004,-226.393,0.877,3.323,0.062,0.006,-95.413,0.535,3.371,0.052,0.007,-74.393,0.494,4.039,0.048,0.005,-143.364,0.784,4.207,0.063,0.006,-135.753,0.659,4.262,0.086,0.006,-159.103,0.725,4.359,0.085,0.006,-92.321,0.749,4.706,0.071,0.008,-92.861,0.614,5.053,0.123,0.008,-62.813,0.618,5.178,0.069,0.007,-91.845,0.734,5.513,0.049,0.006,-143.276,0.992,5.978,0.038,0.006,-156.64,0.962,6.09,0.004,0.005,-97.538,1.202,6.239,0.052,0.005,-170.557,1.165,6.611,0.016,0.007,-45.534,0.891,6.942,0.006,0.002,-15.904,3.467,7.148,0.053,0.008,-79.42,0.901,8.287,0.01,0.011,-35.869,0.769,8.366,0.013,0.008,-49.576,1.066,5.12,0.034,0.004,-206.284,1.258,5.691,0.011,0.006,-128.005,0.97,3.749,0.087,0.007,-86.034,0.571,6.13,0.022,0.006,-127.965,1.096,11.328,0.004,0.012,-18.638,0.971
154,8895,.,11/20/2023 17:49,21.2,2,QPLog 1631 OB NOSE MAX-NG rev22,FALSE,,B3,,,,,,Pass,,,101_COPA,,,,,,Pass,0,0,,2.309,3.045,3.323,3.426,4.105,4.371,5.242,5.566,6.334,7.199,3.778,0.612,2.106,0.623,1.818,1.962,0.825,2.076,2.282,3.31,1.694,2.193,2.202,0.073,0.01,-47.824,0.225,2.309,0.075,0.009,-74.717,0.246,3.045,0.074,0.011,-46.113,0.278,3.158,0.256,0.006,-166.4,0.546,3.195,0.105,0.007,-87.315,0.439,3.323,0.107,0.006,-106.886,0.514,3.426,0.047,0.012,-37.407,0.284,4.105,0.043,0.009,-44.004,0.441,4.219,0.046,0.006,-181.682,0.706,4.306,0.08,0.007,-46.819,0.601,4.371,0.122,0.007,-71.502,0.594,4.733,0.059,0.008,-45.621,0.603,5.097,0.183,0.011,-28.257,0.452,5.242,0.093,0.01,-24.025,0.517,5.566,0.051,0.009,-51.858,0.638,6.033,0.073,0.011,-49.12,0.531,6.09,0.029,0.005,-92.276,1.348,6.334,0.06,0.006,-109.283,1.021,6.725,0.027,0.007,-69.452,1.025,6.979,0.009,0.005,-42.321,1.435,7.199,0.082,0.013,-25.194,0.574,8.342,0.014,0.017,-7.903,0.495,8.477,0.013,0.014,-23.168,0.623,5.144,0.058,0.004,-191.933,1.307,0,0,0,0,0,3.778,0.153,0.007,-94.136,0.548,6.194,0.015,0.005,-72.682,1.329,11.448,0.021,0.011,-28.52,1.014
155,8895,.,11/20/2023 17:57,21,2,QPLog 1631 OB NOSE MAX-NG rev22,FALSE,,GD,,,,,,Pass,,,101_COPA,,,,,,Pass,0,0,,2.307,3.045,3.323,3.425,4.106,4.37,5.241,5.565,6.334,7.198,3.777,0.389,2.099,0.623,1.788,1.995,0.768,2.011,2.2,3.292,1.622,2.064,2.203,0.08,0.01,-46.474,0.211,2.307,0.491,0.011,-82.849,0.217,3.045,0.075,0.007,-54.334,0.432,3.158,0.27,0.006,-180.951,0.568,3.195,0.118,0.008,-79.9,0.4,3.323,0.111,0.007,-108.564,0.509,3.425,0.042,0.011,-41.187,0.308,4.106,0.053,0.009,-53.57,0.437,4.219,0.044,0.006,-169.182,0.686,4.306,0.072,0.007,-49.937,0.589,4.37,0.102,0.007,-77.097,0.625,4.733,0.06,0.008,-49.962,0.565,5.095,0.166,0.011,-32.608,0.47,5.241,0.095,0.007,-44.209,0.724,5.565,0.042,0.009,-74.006,0.61,6.032,0.067,0.011,-43.235,0.566,6.088,0.027,0.005,-99.114,1.345,6.334,0.051,0.006,-107.929,1.009,6.724,0.03,0.006,-85.849,1.077,6.977,0.009,0.005,-35.085,1.419,7.198,0.085,0.011,-30.66,0.634,8.342,0.015,0.02,-9.806,0.416,8.475,0.013,0.012,-24.789,0.709,5.143,0.055,0.004,-219.3,1.293,5.712,0.005,0.007,-68.52,0.841,3.777,0.156,0.007,-91.98,0.528,6.19,0.014,0.003,-10.015,2.292,11.448,0.017,0.01,-37.141,1.186
156,Margin on-site4,On-site Louisville,9/16/2021 18:53,24,0,9.16.21,FALSE,,GD,,,,,,,,,,,,,,,Fail,0,0,,2.294,2.979,3.318,3.423,3.94,4.356,5.222,5.508,6.257,7.153,0,-0.95,-3.684,0.073,1.645,-6.73,-0.034,1.055,-1.147,-0.071,-0.612,0,2.154,0.049,0.014,-38.037,0.159,2.294,0.016,0.008,-68.136,0.305,2.979,0.034,0.01,-9.156,0.287,3.072,0.014,0.003,-15.408,0.892,3.125,0.01,0.005,-116.295,0.639,3.318,0.011,0.006,-79.313,0.519,3.423,0.019,0.009,-21.004,0.364,3.94,0.011,0.009,-31.644,0.456,4.221,0.042,0.006,-159.458,0.673,4.299,0.033,0.008,-47.374,0.559,4.356,0.048,0.011,-34.033,0.412,4.723,0.019,0.008,-30.741,0.586,5.072,0.009,0.007,-56.864,0.679,5.222,0.048,0.011,-34.465,0.457,5.508,0.025,0.009,-60.393,0.632,6.001,0.007,0.009,-47.997,0.663,6.062,0.035,0.008,-79.321,0.779,6.257,0.032,0.008,-75.777,0.781,6.654,0.015,0.015,-20.283,0.453,6.998,0.016,0.009,-49.8,0.743,7.153,0.037,0.006,-46.74,1.14,8.289,0.007,0.013,-14.841,0.614,8.428,0.004,0.015,-13.635,0.565,5.135,0.02,0.006,-112.826,0.83,5.701,0.013,0.009,-63.382,0.663,0,0,0,0,0,6.167,0.029,0.011,-31.786,0.581,0,0,0,0,0
157,Margin on-site3,On-site Louisville,9/16/2021 18:49,24,0,9.16.21,FALSE,,HV,,,,,,,,,,,,,,,Fail,0,0,,2.295,2.978,3.318,3.423,3.94,4.357,5.221,5.507,6.257,7.153,3.759,-0.888,-3.771,0.039,1.645,-6.751,0.012,1.034,-1.178,-0.07,-0.61,0.128,2.153,0.052,0.012,-36.131,0.174,2.295,0.017,0.008,-65.001,0.283,2.978,0.004,0.01,-7.383,0.294,3.075,0.015,0.011,-14.568,0.28,3.124,0.011,0.005,-110.449,0.586,3.318,0.012,0.006,-82.267,0.552,3.423,0.02,0.014,-20.513,0.241,3.94,0.012,0.011,-27.868,0.356,4.221,0.045,0.006,-156.16,0.67,4.3,0.036,0.008,-44.976,0.557,4.357,0.006,0.01,-30.598,0.451,4.724,0.021,0.007,-34.362,0.635,5.072,0.01,0.009,-61.483,0.543,5.221,0.049,0.011,-35.415,0.496,5.507,0.031,0.008,-60.402,0.682,5.999,0.008,0.009,-44.885,0.659,6.062,0.04,0.008,-80.202,0.765,6.257,0.038,0.008,-75.868,0.784,6.654,0.02,0.015,-18.626,0.454,6.998,0.02,0.01,-51.62,0.731,7.153,0.041,0.006,-49.15,1.143,8.29,0.008,0.015,-16.714,0.56,8.428,0.006,0.013,-16.775,0.65,5.135,0.022,0.006,-116.393,0.825,5.701,0.016,0.009,-62.518,0.665,3.759,0.004,0.01,-17.948,0.364,6.167,0.031,0.011,-30.93,0.584,11.595,0.005,0.013,-8.112,0.916
158,Margin on-site2,On-site Louisville,9/16/2021 18:43,24,0,9.16.21,FALSE,,GD,,,,,,,,,,,,,,,Fail,0,0,,2.298,0,3.318,3.426,3.936,4.36,5.219,5.508,6.258,7.155,0,-0.537,0,0.039,1.792,-6.948,0.156,0.901,-1.126,-0.049,-0.515,0,2.151,0.04,0.01,-71.807,0.206,2.298,0.024,0.008,-66.292,0.272,0,0,0,0,0,3.074,0.013,0.009,-17.532,0.35,3.129,0.008,0.005,-120.369,0.662,3.318,0.011,0.007,-67.383,0.459,3.426,0.029,0.013,-22.133,0.254,3.936,0.008,0.012,-20.364,0.327,4.221,0.051,0.007,-139.941,0.635,4.301,0.008,0.009,-60.661,0.499,4.36,0.01,0.009,-37.549,0.468,4.724,0.038,0.008,-43.59,0.563,5.075,0.018,0.009,-54.148,0.563,5.219,0.038,0.009,-12.567,0.6,5.508,0.029,0.009,-59.071,0.643,6,0.008,0.01,-33.777,0.607,6.063,0.007,0.009,-40.053,0.674,6.258,0.04,0.009,-63.504,0.727,6.654,0.015,0.012,-12.72,0.55,6.999,0.019,0.011,-43.415,0.665,7.155,0.06,0.009,-36.988,0.793,8.289,0.01,0.017,-13.176,0.498,8.428,0.005,0.012,-15.724,0.687,5.136,0.014,0.005,-67.538,0.941,5.7,0.014,0.01,-37.186,0.56,0,0,0,0,0,6.166,0.026,0.008,-43.865,0.777,11.375,0.016,0.017,-11.028,0.674
159,Margin on-site1,On-site Louisville,9/16/2021 18:34,23.9,0,9.16.21,FALSE,,GD,,,,,,,,,,,,,,,Fail,0,0,,2.297,0,3.318,3.424,3.936,4.358,5.219,5.508,6.258,7.155,0,-0.599,0,0.107,1.671,-6.948,0.041,0.946,-1.126,-0.049,-0.516,0,2.15,0.046,0.009,-57.681,0.238,2.297,0.025,0.01,-59.49,0.232,0,0,0,0,0,3.073,0.013,0.012,-15.7,0.256,3.124,0.009,0.005,-122.748,0.64,3.318,0.012,0.006,-84.445,0.522,3.424,0.029,0.015,-23.585,0.235,3.936,0.009,0.01,-23.795,0.377,4.22,0.054,0.007,-141.117,0.63,4.299,0.009,0.007,-71.305,0.596,4.358,0.01,0.008,-37.51,0.534,4.725,0.041,0.005,-54.701,0.937,5.075,0.02,0.009,-64.155,0.589,5.219,0.041,0.008,-14.416,0.678,5.508,0.035,0.009,-67.647,0.645,6.001,0.009,0.009,-40.423,0.7,6.063,0.008,0.007,-49.479,0.81,6.258,0.047,0.008,-73.989,0.759,6.654,0.018,0.012,-14.989,0.574,7,0.022,0.01,-46.051,0.669,7.155,0.008,0.009,-33.828,0.79,8.289,0.011,0.016,-14.804,0.508,8.428,0.007,0.016,-15.018,0.528,5.135,0.015,0.005,-63.47,0.942,5.7,0.017,0.009,-43.443,0.63,0,0,0,0,0,6.167,0.025,0.008,-47.015,0.787,11.373,0.018,0.016,-13.607,0.722
160,Margin on site 8,000_000,9/23/2021 19:20,24,0,Failed Sort COL1-001 OB 10-1631_PIK_SORT rev10  09/23/21 09:44,FALSE,,GD,,Not Done,Not Done,,Not Done,Not Done,,Not Done,100_LVL (old),,,,0,0,Fail,0,0,,2.299,0,3.319,3.424,3.938,4.36,5.224,5.512,6.26,7.157,0,-0.413,0,0.21,1.688,-6.826,0.197,1.179,-0.921,0.039,-0.391,0,2.15,0.056,0.008,-56.034,0.285,2.299,0.031,0.01,-72.193,0.224,0,0,0,0,0,3.075,0.019,0.004,-14.094,0.739,0,0,0,0,0,3.319,0.014,0.008,-72.168,0.416,3.424,0.005,0.005,-41.343,0.707,3.938,0.012,0.01,-30.271,0.379,4.223,0.009,0.006,-118.589,0.653,4.302,0.084,0.008,-71.506,0.531,4.36,0.107,0.009,-52.712,0.511,4.727,0.045,0.008,-49.731,0.565,5.077,0.197,0.009,-74.441,0.592,5.224,0.052,0.009,-30.185,0.606,5.512,0.048,0.009,-73.253,0.634,6.002,0.011,0.008,-48.489,0.732,6.066,0.01,0.008,-68.457,0.761,6.26,0.045,0.008,-77.366,0.779,6.656,0.017,0.008,-18.25,0.881,7.002,0.021,0.01,-47.115,0.679,7.157,0.07,0.009,-47.627,0.806,8.292,0.011,0.015,-15.778,0.544,8.433,0.006,0.015,-19.027,0.579,5.138,0.018,0.005,-76.875,0.952,5.703,0.013,0.008,-94.647,0.722,0,0,0,0,0,6.169,0.021,0.011,-26.894,0.577,11.379,0.026,0.016,-16.685,0.73
161,Margin on site 10,000_000,9/24/2021 17:45,23.7,0,Passed Sort COL1-001 OB 10-1631_PIK_SORT rev10  09/24/21 08:11,FALSE,,GD,,Not Done,Not Done,,Not Done,Not Done,,Not Done,100_LVL (old),,,,0,0,Fail,0,0,,2.296,0,3.319,3.423,3.938,4.357,5.222,5.51,6.257,7.154,0,-0.706,0,0.142,1.666,-6.862,0.024,1.055,-1.034,-0.071,-0.537,0,2.151,0.053,0.011,-60.975,0.195,2.296,0.024,0.011,-57.799,0.215,0,0,0,0,0,3.078,0.019,0.009,-14.898,0.349,0,0,0,0,0,3.319,0.013,0.007,-73.508,0.455,3.423,0.003,0.007,-21.063,0.497,3.938,0.012,0.011,-25.76,0.361,4.221,0.053,0.007,-137.868,0.621,4.3,0.059,0.008,-69.54,0.54,4.357,0.077,0.01,-40.671,0.444,4.725,0.03,0.007,-52.46,0.641,5.074,0.137,0.009,-60.708,0.596,5.222,0.046,0.011,-36.851,0.465,5.51,0.033,0.006,-42.24,0.876,6,0.008,0.01,-37.163,0.584,6.063,0.045,0.009,-58.988,0.681,6.257,0.031,0.009,-60.354,0.735,6.655,0.016,0.012,-17.482,0.541,6.999,0.018,0.01,-47.227,0.711,7.154,0.049,0.009,-41.972,0.837,8.288,0.008,0.014,-15.49,0.593,8.428,0.005,0.013,-14.17,0.634,5.136,0.018,0.005,-129.477,0.965,5.702,0.011,0.008,-80.539,0.705,0,0,0,0,0,6.166,0.026,0.009,-44.142,0.689,11.379,0.017,0.015,-19.173,0.769
162,Margin on site 11,000_000,9/27/2021 16:38,23.9,0,Failed Sort COL1-001 OB 10-1631_PIK_SORT rev10  09/27/21 07:05,FALSE,,GD,,Not Done,Not Done,,Not Done,Not Done,,Not Done,100_LVL (old),,,,0,0,Fail,0,0,,2.298,0,3.318,3.424,3.938,4.358,5.223,5.511,6.258,7.155,0,-0.52,0,0.107,1.689,-6.841,0.087,1.127,-0.975,-0.027,-0.49,0,2.152,0.056,0.009,-54.505,0.235,2.298,0.029,0.009,-71.195,0.259,0,0,0,0,0,3.079,0.02,0.013,-10.974,0.233,0,0,0,0,0,3.318,0.015,0.007,-73.687,0.452,3.424,0.004,0.011,-19.484,0.305,3.938,0.013,0.013,-21.815,0.3,4.22,0.061,0.007,-146.914,0.647,4.3,0.069,0.009,-67.435,0.499,4.358,0.092,0.009,-45.16,0.472,4.725,0.037,0.008,-45.7,0.574,5.076,0.165,0.009,-59.267,0.54,5.223,0.043,0.009,-28.913,0.594,5.511,0.041,0.008,-62.527,0.669,6.002,0.009,0.01,-35.623,0.621,6.065,0.053,0.009,-56.442,0.692,6.258,0.036,0.009,-60.213,0.73,6.656,0.018,0.013,-17.931,0.521,7.001,0.021,0.01,-44.133,0.687,7.155,0.057,0.009,-40.055,0.797,8.292,0.01,0.017,-15.63,0.498,8.427,0.006,0.016,-13.446,0.526,5.136,0.018,0.006,-81.041,0.93,5.702,0.012,0.009,-77.248,0.639,0,0,0,0,0,6.167,0.026,0.008,-44.786,0.76,11.377,0.017,0.015,-15.872,0.762
163,Margin on site 12,000_000,9/27/2021 16:43,24,0,Failed Sort COL1-001 OB 10-1631_PIK_SORT rev10  09/27/21 07:10,FALSE,,GD,,Not Done,Not Done,,Not Done,Not Done,,Not Done,100_LVL (old),,,,0,0,Fail,0,0,,2.299,2.982,3.318,3.424,3.938,4.359,5.223,5.51,6.259,7.155,0,-0.475,-3.383,0.073,1.707,-6.822,0.139,1.127,-1.002,-0.006,-0.49,0,2.149,0.049,0.01,-48.181,0.209,2.299,0.03,0.009,-67.744,0.269,2.982,0.005,0.002,-13.048,1.973,3.079,0.018,0.012,-11.466,0.254,0,0,0,0,0,3.318,0.014,0.007,-73.312,0.457,3.424,0.035,0.014,-17.567,0.245,3.938,0.011,0.012,-22.829,0.317,4.222,0.061,0.007,-144.964,0.635,4.301,0.08,0.008,-73.358,0.515,4.359,0.099,0.01,-39.232,0.446,4.726,0.043,0.009,-52.688,0.55,5.077,0.183,0.009,-64.264,0.562,5.223,0.041,0.011,-16.953,0.484,5.51,0.047,0.009,-65.264,0.612,6.001,0.009,0.011,-36.547,0.57,6.065,0.008,0.009,-43.494,0.674,6.259,0.038,0.009,-60.699,0.729,6.656,0.017,0.013,-10.336,0.515,7,0.02,0.011,-45.184,0.663,7.155,0.058,0.009,-37.235,0.763,8.29,0.01,0.016,-14.766,0.503,8.43,0.006,0.015,-15.591,0.562,5.136,0.017,0.005,-68.496,0.972,5.702,0.011,0.009,-73.528,0.637,0,0,0,0,0,6.166,0.024,0.008,-39.353,0.762,11.377,0.023,0.017,-13.41,0.651
164,Margin on site 13,000_000,9/27/2021 16:47,24,0,Failed Sort COL1-001 OB 10-1631_PIK_SORT rev10  09/27/21 07:14,FALSE,,GD,,Not Done,Not Done,,Not Done,Not Done,,Not Done,100_LVL (old),,,,0,0,Fail,0,0,,2.297,0,3.318,3.424,3.938,4.358,5.223,5.511,6.258,7.155,0,-0.644,0,0.073,1.727,-6.841,0.087,1.127,-0.975,-0.049,-0.515,0,2.152,0.057,0.009,-58.863,0.227,2.297,0.026,0.009,-65.066,0.265,0,0,0,0,0,3.079,0.02,0.01,-13.433,0.315,0,0,0,0,0,3.318,0.014,0.007,-76.893,0.504,3.424,0.004,0.007,-24.349,0.511,3.938,0.013,0.01,-26.527,0.386,4.222,0.058,0.007,-149.335,0.644,4.3,0.058,0.008,-63.696,0.516,4.358,0.079,0.009,-44.099,0.47,4.725,0.031,0.008,-45.035,0.61,5.075,0.142,0.009,-65.754,0.566,5.223,0.046,0.011,-27.502,0.461,5.511,0.037,0.007,-58.755,0.75,6.001,0.009,0.01,-38.654,0.629,6.064,0.048,0.009,-64.189,0.711,6.258,0.034,0.008,-63.841,0.759,6.655,0.018,0.014,-16.464,0.485,7,0.02,0.01,-48.353,0.703,7.155,0.053,0.008,-44.389,0.85,8.291,0.009,0.016,-15.755,0.514,8.43,0.005,0.015,-14.13,0.57,5.137,0.019,0.006,-122.072,0.93,5.703,0.012,0.008,-86.608,0.674,0,0,0,0,0,6.167,0.029,0.009,-44.379,0.688,11.379,0.011,0.014,-17.583,0.799
165,Margin on site 14,000_000,9/27/2021 16:52,23.9,0,Passed Sort COL1-001 OB 10-1631_PIK_SORT rev10  09/27/21 07:19,FALSE,,GD,,Not Done,Not Done,,Not Done,Not Done,,Not Done,100_LVL (old),,,,0,0,Fail,0,0,,2.297,0,3.318,3.422,3.932,4.358,5.223,5.51,6.258,7.155,3.758,-0.644,0,0.073,1.585,-7.154,0.041,1.099,-1.007,-0.047,-0.49,0.069,2.151,0.054,0.013,-48.28,0.165,2.297,0.028,0.009,-72.313,0.261,0,0,0,0,0,3.079,0.019,0.011,-14.463,0.276,0,0,0,0,0,3.318,0.014,0.007,-75.615,0.443,3.422,0.004,0.012,-16.438,0.282,3.932,0.011,0.014,-16.859,0.277,4.22,0.06,0.007,-151.75,0.643,4.3,0.072,0.008,-75.391,0.537,4.358,0.088,0.009,-43.548,0.469,4.725,0.038,0.007,-60.469,0.666,5.076,0.166,0.009,-70.334,0.576,5.223,0.044,0.011,-29.271,0.477,5.51,0.041,0.008,-69.323,0.651,6.001,0.009,0.008,-39.103,0.719,6.064,0.008,0.009,-50.841,0.699,6.258,0.037,0.008,-66.943,0.75,6.656,0.017,0.014,-15.707,0.492,7,0.02,0.01,-47.834,0.689,7.155,0.06,0.009,-42.781,0.79,8.291,0.01,0.017,-16.537,0.499,8.43,0.007,0.011,-21.29,0.8,5.137,0.018,0.005,-106.397,0.991,5.702,0.012,0.008,-87.612,0.678,3.758,0.001,0.002,-34.081,1.813,6.167,0.026,0.009,-46.634,0.725,11.376,0.017,0.014,-17.396,0.839
166,Margin on site 15,000_000,9/27/2021 18:17,25.5,0,Failed Sort COL1-001 OB 10-1631_PIK_SORT rev10  09/27/21 08:44,FALSE,,GD,,Not Done,Not Done,,Not Done,Not Done,,Not Done,100_LVL (old),,,,0,0,Fail,0,0,,2.299,2.984,3.321,3.425,3.934,4.359,5.225,5.511,6.26,7.158,0,-0.429,-3.231,0.382,1.749,-7.03,0.139,1.201,-0.941,0.061,-0.365,0,2.15,0.053,0.011,-35.3,0.194,2.299,0.029,0.009,-75.327,0.244,2.984,0.005,0.005,-31.125,0.569,3.081,0.019,0.012,-17.362,0.267,0,0,0,0,0,3.321,0.013,0.007,-72.669,0.461,3.425,0.03,0.015,-20.264,0.225,3.934,0.011,0.014,-19.818,0.283,4.222,0.06,0.007,-145.031,0.637,4.302,0.075,0.008,-83.938,0.565,4.359,0.09,0.009,-42.796,0.464,4.726,0.037,0.008,-48.512,0.576,5.077,0.168,0.008,-69.073,0.633,5.225,0.047,0.01,-32.009,0.519,5.511,0.042,0.008,-64.854,0.654,6.002,0.01,0.008,-40.023,0.763,6.065,0.008,0.01,-52.942,0.585,6.26,0.041,0.008,-72.434,0.749,6.657,0.018,0.014,-15.221,0.481,7.003,0.022,0.01,-48.532,0.7,7.158,0.062,0.009,-42.683,0.795,8.294,0.01,0.016,-14.927,0.516,8.434,0.007,0.015,-15.712,0.578,5.138,0.018,0.006,-89.553,0.934,0,0,0,0,0,0,0,0,0,0,6.169,0.021,0.011,-25.846,0.539,11.383,0.015,0.014,-17.56,0.82
167,Margin on site 16,000_000,9/27/2021 18:22,25,0,Failed Sort COL1-001 OB 10-1631_PIK_SORT rev10  09/27/21 08:49,FALSE,,GD,,Not Done,Not Done,,Not Done,Not Done,,Not Done,100_LVL (old),,,,0,0,Fail,0,0,,2.298,2.981,3.319,3.423,3.934,4.359,5.224,5.51,6.26,7.157,3.763,-0.537,-3.488,0.176,1.666,-7.066,0.116,1.148,-1.002,0.037,-0.416,0.569,2.149,0.049,0.013,-53.387,0.165,2.298,0.027,0.01,-72.159,0.239,2.981,0.005,0.003,-25.068,1.071,3.079,0.017,0.019,-14.076,0.166,0,0,0,0,0,3.319,0.012,0.007,-66.971,0.463,3.423,0.028,0.013,-22.364,0.256,3.934,0.01,0.011,-15.949,0.36,4.222,0.056,0.007,-143.572,0.628,4.301,0.072,0.008,-87.01,0.56,4.359,0.085,0.009,-42.371,0.46,4.725,0.035,0.01,-36.368,0.492,5.076,0.163,0.008,-66.401,0.62,5.224,0.042,0.01,-28.467,0.526,5.51,0.041,0.008,-73.37,0.681,6,0.009,0.01,-42.271,0.627,6.064,0.056,0.009,-62.446,0.707,6.26,0.038,0.008,-70.222,0.756,6.658,0.017,0.012,-15.443,0.548,7.001,0.02,0.01,-46.339,0.682,7.157,0.059,0.009,-40.732,0.777,8.291,0.01,0.016,-15.072,0.528,8.431,0.006,0.015,-15.864,0.574,5.137,0.017,0.006,-81.374,0.933,5.703,0.012,0.009,-86.133,0.663,3.763,0.009,0.009,-18.844,0.404,6.169,0.021,0.01,-30.639,0.609,11.379,0.021,0.015,-16.503,0.768
168,Margin on site 19,000_000,9/27/2021 22:25,25.1,0,Failed Sort COL1-001 OB 10-1631_PIK_SORT rev10  09/27/21 12:51,FALSE,,GD,,Not Done,Not Done,,Not Done,Not Done,,Not Done,100_LVL (old),,,,0,0,Fail,0,0,,2.297,2.985,3.318,3.424,3.933,4.359,5.223,5.51,6.259,7.155,3.763,-0.661,-3.18,0.107,1.708,-7.089,0.105,1.127,-1,0.015,-0.489,0.628,2.151,0.051,0.012,-38.869,0.181,2.297,0.026,0.01,-61.919,0.227,2.985,0.005,0.003,-20.484,0.982,3.079,0.019,0.014,-16.173,0.223,0,0,0,0,0,3.318,0.013,0.007,-72.176,0.443,3.424,0.024,0.016,-18.626,0.212,3.933,0.011,0.015,-19.983,0.266,4.222,0.056,0.006,-147.602,0.657,4.301,0.06,0.008,-65.612,0.553,4.359,0.078,0.009,-43.652,0.468,4.725,0.031,0.008,-38.337,0.56,5.075,0.144,0.008,-64.846,0.623,5.223,0.046,0.011,-30.929,0.477,5.51,0.036,0.007,-47.851,0.827,6.002,0.008,0.009,-36.093,0.639,6.065,0.047,0.009,-56.77,0.689,6.259,0.034,0.009,-61.248,0.724,6.656,0.018,0.013,-17.106,0.51,7.001,0.02,0.011,-43.854,0.664,7.155,0.052,0.009,-37.368,0.804,8.293,0.01,0.015,-16.999,0.566,8.431,0.006,0.015,-14.168,0.559,5.137,0.019,0.005,-109.998,0.945,5.702,0.012,0.008,-79.874,0.672,3.763,0.009,0.011,-19.694,0.358,6.167,0.027,0.009,-44.123,0.701,11.381,0.011,0.015,-18.469,0.769
169,Margin on site 20,000_000,9/27/2021 22:29,25,0,Failed Sort COL1-001 OB 10-1631_PIK_SORT rev10  09/27/21 12:56,FALSE,,GD,,Not Done,Not Done,,Not Done,Not Done,,Not Done,100_LVL (old),,,,0,0,Fail,0,0,,2.298,0,3.319,3.423,3.935,4.359,5.223,5.51,6.258,7.155,0,-0.537,0,0.142,1.647,-7.01,0.105,1.127,-1.002,-0.027,-0.513,0,2.151,0.048,0.009,-47.487,0.23,2.298,0.024,0.01,-75.757,0.238,0,0,0,0,0,3.078,0.018,0.007,-12.096,0.42,0,0,0,0,0,3.319,0.013,0.007,-81.663,0.466,3.423,0.003,0.006,-22.219,0.62,3.935,0.01,0.007,-19.762,0.55,4.221,0.053,0.007,-140.736,0.634,4.301,0.058,0.008,-66.203,0.537,4.359,0.077,0.009,-43.177,0.466,4.725,0.03,0.008,-38.518,0.579,5.075,0.138,0.009,-60.813,0.575,5.223,0.041,0.01,-28.207,0.534,5.51,0.034,0.006,-42.039,0.855,6,0.007,0.011,-30.098,0.547,6.064,0.043,0.009,-50.152,0.65,6.258,0.031,0.008,-54.688,0.776,6.656,0.017,0.012,-16.382,0.533,7,0.02,0.011,-39.541,0.62,7.155,0.048,0.009,-33.541,0.787,8.291,0.01,0.014,-16.902,0.588,8.429,0.006,0.016,-13.139,0.514,5.136,0.018,0.005,-105.001,1.004,5.702,0.011,0.009,-67.406,0.615,0,0,0,0,0,6.166,0.025,0.009,-40.354,0.699,11.378,0.014,0.014,-16.452,0.824
170,Margin on site 21,000_000,9/27/2021 22:34,25,0,Failed Sort COL1-001 OB 10-1631_PIK_SORT rev10  09/27/21 13:01,FALSE,,GD,,Not Done,Not Done,,Not Done,Not Done,,Not Done,100_LVL (old),,,,0,0,Fail,0,0,,2.3,2.983,3.318,3.423,3.933,4.36,5.223,5.51,6.259,7.156,0,-0.368,-3.33,0.107,1.667,-7.096,0.185,1.096,-1.007,-0.006,-0.466,0,2.151,0.046,0.01,-61.986,0.219,2.3,0.03,0.009,-67.692,0.247,2.983,0.005,0.002,-20.967,1.57,3.076,0.016,0.006,-15.386,0.476,0,0,0,0,0,3.318,0.012,0.008,-74.827,0.423,3.423,0.038,0.016,-17.171,0.218,3.933,0.009,0.011,-19.632,0.365,4.221,0.06,0.007,-148.927,0.643,4.302,0.09,0.008,-78.697,0.548,4.36,0.106,0.01,-42.624,0.459,4.725,0.048,0.009,-41.702,0.531,5.077,0.194,0.008,-67.609,0.6,5.223,0.031,0.011,-12.398,0.472,5.51,0.053,0.008,-64.914,0.651,5.999,0.009,0.008,-29.19,0.796,6.064,0.008,0.009,-43.36,0.664,6.259,0.041,0.009,-62.729,0.723,6.656,0.017,0.012,-13.814,0.552,7,0.019,0.011,-38.963,0.629,7.156,0.058,0.01,-31.842,0.703,8.29,0.01,0.015,-14.201,0.537,8.429,0.006,0.014,-14.532,0.617,5.136,0.016,0.005,-46.501,0.973,5.702,0.011,0.009,-69.505,0.647,0,0,0,0,0,6.166,0.019,0.01,-22.9,0.627,11.373,0.028,0.02,-9.422,0.582
171,Margin on site 22,000_000,9/27/2021 22:38,25,0,Passed Sort COL1-001 OB 10-1631_PIK_SORT rev10  09/27/21 13:05,FALSE,,GD,,Not Done,Not Done,,Not Done,Not Done,,Not Done,100_LVL (old),,,,0,0,Fail,0,0,,2.298,0,3.319,3.426,3.933,4.358,5.222,5.51,6.258,7.155,3.762,-0.537,0,0.176,1.81,-7.085,0.087,1.077,-1.029,-0.027,-0.515,0.483,2.15,0.05,0.013,-38.269,0.162,2.298,0.024,0.009,-67.617,0.246,0,0,0,0,0,3.078,0.019,0.005,-19.34,0.661,0,0,0,0,0,3.319,0.013,0.007,-76.634,0.462,3.426,0.003,0.002,-22.237,2.185,3.933,0.011,0.015,-21.482,0.266,4.222,0.055,0.006,-146.59,0.654,4.301,0.056,0.008,-62.459,0.549,4.358,0.075,0.009,-39.862,0.467,4.724,0.029,0.008,-37.853,0.574,5.074,0.135,0.008,-65.111,0.597,5.222,0.043,0.011,-29.55,0.493,5.51,0.035,0.007,-54.524,0.754,6,0.008,0.011,-33.678,0.556,6.063,0.042,0.009,-52.695,0.667,6.258,0.03,0.009,-55.588,0.705,6.656,0.017,0.014,-15.583,0.47,7,0.019,0.011,-42.848,0.644,7.155,0.047,0.009,-34.906,0.796,8.291,0.01,0.015,-17.384,0.566,8.429,0.005,0.015,-13.524,0.578,5.136,0.018,0.005,-114.948,0.941,5.702,0.011,0.008,-70.923,0.681,3.762,0.008,0.013,-16.639,0.294,6.167,0.026,0.009,-39.916,0.662,11.38,0.013,0.014,-17.181,0.786
172,Margin on site 23,000_000,9/27/2021 22:42,25,0,Passed Sort COL1-001 OB 10-1631_PIK_SORT rev10  09/27/21 13:09,FALSE,,GD,,Not Done,Not Done,,Not Done,Not Done,,Not Done,100_LVL (old),,,,0,0,Fail,0,0,,2.297,0,3.319,3.42,3.932,4.359,5.222,5.509,6.258,7.155,3.761,-0.599,0,0.142,1.485,-7.175,0.105,1.077,-1.061,-0.05,-0.489,0.395,2.151,0.049,0.01,-47.881,0.216,2.297,0.025,0.01,-73.016,0.233,0,0,0,0,0,3.079,0.018,0.005,-15.078,0.606,0,0,0,0,0,3.319,0.013,0.007,-70.576,0.448,3.42,0.003,0.008,-21.255,0.416,3.932,0.01,0.012,-17.821,0.32,4.221,0.055,0.007,-149.167,0.647,4.301,0.062,0.008,-64.698,0.539,4.359,0.079,0.01,-40.298,0.442,4.724,0.032,0.008,-37.917,0.569,5.075,0.146,0.009,-64.714,0.58,5.222,0.04,0.011,-24.047,0.496,5.509,0.035,0.008,-50.329,0.664,6,0.008,0.009,-34.639,0.633,6.063,0.046,0.009,-54.054,0.676,6.258,0.032,0.009,-56.137,0.708,6.655,0.017,0.014,-14.49,0.459,7,0.019,0.01,-43.69,0.669,7.155,0.05,0.009,-35.837,0.78,8.291,0.01,0.014,-17.513,0.576,8.429,0.006,0.016,-13.658,0.531,5.136,0.017,0.005,-101.509,0.944,5.702,0.011,0.009,-72.79,0.639,3.761,0.001,0.003,-23.215,1.378,6.166,0.025,0.009,-42.185,0.72,11.378,0.017,0.015,-15.612,0.745
173,Margin on site 24,000_000,9/27/2021 22:47,25,0,Failed Sort COL1-001 OB 10-1631_PIK_SORT rev10  09/27/21 13:14,FALSE,,GD,,Not Done,Not Done,,Not Done,Not Done,,Not Done,100_LVL (old),,,,0,0,Fail,0,0,,2.296,2.982,3.318,3.424,3.934,4.358,5.223,5.51,6.258,7.155,0,-0.706,-3.392,0.073,1.711,-7.066,0.041,1.099,-1.034,-0.05,-0.513,0,2.152,0.049,0.012,-35.827,0.176,2.296,0.025,0.009,-68.467,0.242,2.982,0.005,0.003,-17.047,1.147,3.079,0.019,0.009,-11.632,0.328,0,0,0,0,0,3.318,0.014,0.007,-75.789,0.456,3.424,0.024,0.015,-17.886,0.231,3.934,0.011,0.014,-18.356,0.286,4.221,0.053,0.007,-137.147,0.625,4.3,0.057,0.008,-67.689,0.533,4.358,0.075,0.009,-41.765,0.459,4.724,0.004,0.006,-30.49,0.84,5.074,0.135,0.008,-65.981,0.617,5.223,0.041,0.011,-24.795,0.484,5.51,0.033,0.007,-52.653,0.812,6,0.008,0.01,-32.149,0.578,6.063,0.043,0.009,-53.315,0.673,6.258,0.03,0.009,-54.617,0.702,6.655,0.017,0.015,-14.532,0.453,7,0.019,0.01,-43.275,0.677,7.155,0.047,0.009,-35.978,0.796,8.289,0.009,0.015,-16.996,0.564,8.429,0.005,0.016,-12.661,0.54,5.136,0.018,0.005,-115.469,0.953,5.702,0.011,0.008,-70.932,0.675,0,0,0,0,0,6.166,0.025,0.009,-40.433,0.681,11.378,0.013,0.014,-16.494,0.799
174,Margin on site 25,000_000,9/27/2021 22:51,25,0,Failed Sort COL1-001 OB 10-1631_PIK_SORT rev10  09/27/21 13:18,FALSE,,GD,,Not Done,Not Done,,Not Done,Not Done,,Not Done,100_LVL (old),,,,0,0,Fail,0,0,,2.298,2.986,3.318,3.423,3.932,4.359,5.222,5.509,6.258,7.156,3.763,-0.537,-3.024,0.073,1.667,-7.173,0.128,1.077,-1.061,-0.027,-0.466,0.588,2.149,0.048,0.01,-44.518,0.205,2.298,0.028,0.009,-74.435,0.247,2.986,0.005,0.003,-13.831,1.15,3.08,0.017,0.018,-11.067,0.175,0,0,0,0,0,3.318,0.012,0.008,-66.097,0.419,3.423,0.03,0.015,-17.647,0.234,3.932,0.01,0.014,-17.045,0.28,4.221,0.058,0.007,-144.659,0.628,4.301,0.074,0.008,-79.23,0.539,4.359,0.09,0.009,-46.594,0.484,4.724,0.038,0.01,-40.695,0.45,5.075,0.168,0.008,-66.57,0.613,5.222,0.041,0.01,-25.76,0.522,5.509,0.043,0.008,-69.422,0.653,6,0.009,0.009,-36.738,0.651,6.063,0.056,0.009,-60.398,0.696,6.258,0.037,0.008,-65.152,0.742,6.656,0.017,0.011,-15.671,0.617,7,0.02,0.01,-43.931,0.669,7.156,0.058,0.009,-38.354,0.763,8.29,0.011,0.015,-16.633,0.565,8.431,0.006,0.014,-15.228,0.605,5.136,0.017,0.005,-80.166,0.951,5.702,0.012,0.009,-82.388,0.613,3.763,0.009,0.012,-16.944,0.317,6.167,0.024,0.008,-42.035,0.749,11.377,0.022,0.016,-14.691,0.734
175,Margin on site 26,000_000,9/27/2021 22:55,25,0,Failed Sort COL1-001 OB 10-1631_PIK_SORT rev10  09/27/21 13:22,FALSE,,GD,,Not Done,Not Done,,Not Done,Not Done,,Not Done,100_LVL (old),,,,0,0,Fail,0,0,,2.297,2.983,3.319,3.425,3.932,4.358,5.222,5.51,6.258,7.155,3.761,-0.661,-3.302,0.176,1.729,-7.153,0.082,1.077,-1.038,-0.049,-0.516,0.381,2.149,0.047,0.01,-49.484,0.221,2.297,0.026,0.01,-69.434,0.231,2.983,0.005,0.002,-13.107,1.222,3.078,0.017,0.014,-14.656,0.213,0,0,0,0,0,3.319,0.012,0.008,-65.134,0.425,3.425,0.027,0.015,-19.506,0.232,3.932,0.009,0.012,-22.084,0.324,4.221,0.055,0.007,-145.926,0.644,4.301,0.066,0.008,-71.519,0.559,4.358,0.081,0.009,-41.81,0.471,4.724,0.034,0.008,-41.94,0.583,5.075,0.155,0.008,-69.47,0.608,5.222,0.039,0.009,-26.761,0.561,5.51,0.039,0.008,-67.055,0.656,6,0.008,0.01,-37.402,0.632,6.063,0.049,0.009,-54.035,0.673,6.258,0.034,0.009,-59.309,0.715,6.655,0.016,0.013,-15.456,0.501,7,0.019,0.011,-40.76,0.644,7.155,0.053,0.009,-36.94,0.776,8.29,0.01,0.015,-16.819,0.547,8.429,0.006,0.015,-14.16,0.577,5.136,0.016,0.005,-100.578,0.986,5.702,0.011,0.009,-75.625,0.656,3.761,0.001,0.003,-18.101,1.41,6.166,0.023,0.008,-42.468,0.73,11.377,0.021,0.016,-15.382,0.707
176,Margin on site 27,000_000,9/27/2021 23:00,25,0,Failed Sort COL1-001 OB 10-1631_PIK_SORT rev10  09/27/21 13:26,FALSE,,GD,,Not Done,Not Done,,Not Done,Not Done,,Not Done,100_LVL (old),,,,0,0,Fail,0,0,,2.297,2.979,3.317,3.423,3.931,4.359,5.222,5.509,6.258,7.155,3.763,-0.599,-3.654,0.004,1.667,-7.192,0.105,1.077,-1.061,-0.049,-0.49,0.648,2.15,0.048,0.009,-55.537,0.248,2.297,0.027,0.01,-66.668,0.229,2.979,0.005,0.005,-11.893,0.606,3.079,0.017,0.015,-12.27,0.201,0,0,0,0,0,3.317,0.012,0.007,-68.827,0.453,3.423,0.03,0.015,-19.835,0.228,3.931,0.009,0.014,-22.688,0.28,4.221,0.057,0.007,-148.05,0.64,4.301,0.075,0.008,-75.184,0.541,4.359,0.091,0.009,-46.196,0.483,4.724,0.005,0.007,-32.206,0.639,5.075,0.171,0.008,-70.298,0.62,5.222,0.039,0.009,-18.269,0.591,5.509,0.044,0.009,-69.525,0.642,6,0.009,0.009,-35.867,0.66,6.063,0.008,0.009,-49.99,0.702,6.258,0.037,0.009,-62.83,0.728,6.656,0.016,0.012,-16.109,0.553,6.999,0.02,0.01,-45.154,0.673,7.155,0.057,0.01,-36.691,0.753,8.291,0.011,0.014,-17.719,0.585,8.428,0.006,0.015,-15.961,0.55,5.136,0.016,0.005,-72.666,0.961,5.702,0.011,0.009,-78.219,0.642,3.763,0.009,0.012,-13.144,0.322,6.166,0.023,0.008,-39.059,0.762,11.375,0.024,0.017,-14.457,0.682
177,Margin on site 28,000_000,9/27/2021 23:04,24.9,0,Failed Sort COL1-001 OB 10-1631_PIK_SORT rev10  09/27/21 13:31,FALSE,,GD,,Not Done,Not Done,,Not Done,Not Done,,Not Done,100_LVL (old),,,,0,0,Fail,0,0,,2.299,2.982,3.318,3.424,3.931,4.36,5.223,5.51,6.257,7.155,3.764,-0.429,-3.392,0.039,1.689,-7.186,0.162,1.096,-1.034,-0.091,-0.516,0.685,2.149,0.046,0.009,-49.675,0.245,2.299,0.029,0.009,-66.036,0.246,2.982,0.005,0.003,-10.77,0.957,3.077,0.016,0.014,-10.682,0.219,0,0,0,0,0,3.318,0.012,0.008,-68.481,0.415,3.424,0.035,0.015,-16.186,0.224,3.931,0.009,0.014,-17.37,0.285,4.221,0.058,0.007,-142.475,0.639,4.301,0.082,0.008,-74.24,0.528,4.36,0.099,0.009,-43.054,0.465,4.724,0.043,0.01,-39.327,0.489,5.076,0.18,0.008,-65.06,0.611,5.223,0.029,0.014,-8.685,0.365,5.51,0.048,0.009,-65.043,0.642,6,0.008,0.009,-30.928,0.674,6.064,0.007,0.009,-39.45,0.654,6.257,0.037,0.009,-56.408,0.697,6.655,0.016,0.013,-9.191,0.519,7,0.019,0.011,-37.479,0.627,7.155,0.054,0.01,-32.196,0.723,8.29,0.01,0.016,-15.28,0.518,8.429,0.006,0.017,-13.233,0.496,5.136,0.016,0.005,-49.896,0.937,5.701,0.011,0.009,-66.853,0.623,3.764,0.001,0.003,-19.79,1.336,6.165,0.02,0.009,-28.697,0.713,11.372,0.027,0.018,-10.695,0.617
178,Margin on site 29,000_000,9/27/2021 23:08,24.9,0,Failed Sort COL1-001 OB 10-1631_PIK_SORT rev10  09/27/21 13:35,FALSE,,GD,,Not Done,Not Done,,Not Done,Not Done,,Not Done,100_LVL (old),,,,0,0,Fail,0,0,,2.298,0,3.318,3.421,3.931,4.359,5.222,5.509,6.257,7.155,0,-0.537,0,0.073,1.527,-7.194,0.11,1.093,-1.065,-0.07,-0.515,0,2.15,0.048,0.014,-44.379,0.149,2.298,0.028,0.01,-75.361,0.229,0,0,0,0,0,3.08,0.018,0.013,-14.521,0.232,0,0,0,0,0,3.318,0.013,0.008,-69.338,0.419,3.421,0.004,0.012,-18.185,0.292,3.931,0.01,0.012,-21.641,0.317,4.221,0.057,0.006,-154.731,0.654,4.301,0.068,0.008,-73.463,0.565,4.359,0.085,0.01,-41.706,0.456,4.725,0.005,0.005,-47.333,0.88,5.075,0.158,0.009,-64.199,0.573,5.222,0.041,0.01,-26.089,0.516,5.509,0.04,0.009,-63.51,0.647,6,0.008,0.01,-34.267,0.631,6.063,0.052,0.009,-56.926,0.68,6.257,0.035,0.009,-59.151,0.722,6.655,0.017,0.014,-14.443,0.469,7,0.02,0.011,-40.809,0.639,7.155,0.055,0.009,-35.186,0.759,8.289,0.011,0.015,-16.874,0.556,8.43,0.006,0.016,-15.012,0.542,5.136,0.017,0.005,-101.486,1.013,5.702,0.012,0.009,-74.635,0.651,0,0,0,0,0,6.166,0.024,0.009,-40.432,0.699,11.377,0.018,0.015,-15.609,0.757
179,Margin on site 30,000_000,9/27/2021 23:12,25,0,Failed Sort COL1-001 OB 10-1631_PIK_SORT rev10  09/27/21 13:39,FALSE,,GD,,Not Done,Not Done,,Not Done,Not Done,,Not Done,100_LVL (old),,,,0,0,Fail,0,0,,2.298,2.98,3.317,3.424,3.934,4.359,5.222,5.51,6.258,7.155,3.766,-0.553,-3.575,0.004,1.708,-7.077,0.105,1.049,-1.038,-0.049,-0.516,0.917,2.149,0.044,0.009,-40.443,0.229,2.298,0.026,0.009,-66.092,0.243,2.98,0.005,0.002,-20.521,1.328,3.076,0.016,0.009,-15.011,0.33,0,0,0,0,0,3.317,0.012,0.008,-69.564,0.442,3.424,0.03,0.016,-20.114,0.212,3.934,0.009,0.01,-21.694,0.412,4.221,0.056,0.007,-146.943,0.643,4.301,0.073,0.008,-72.187,0.553,4.359,0.09,0.009,-44.876,0.482,4.724,0.038,0.009,-42.092,0.544,5.076,0.165,0.009,-64.809,0.576,5.222,0.037,0.012,-16.768,0.449,5.51,0.043,0.009,-65.889,0.638,6,0.008,0.009,-32.006,0.633,6.063,0.051,0.009,-50.523,0.653,6.258,0.034,0.009,-56.201,0.707,6.655,0.016,0.014,-10.771,0.485,6.999,0.019,0.011,-40.13,0.628,7.155,0.053,0.01,-32.518,0.728,8.289,0.01,0.016,-15.861,0.527,8.428,0.006,0.015,-12.923,0.55,5.136,0.016,0.005,-63.985,0.937,5.702,0.01,0.009,-70.203,0.658,3.766,0.001,0.002,-18.913,1.607,6.166,0.022,0.008,-35.831,0.732,11.374,0.024,0.017,-12.112,0.673
180,Margin on site,000_000,9/27/2021 22:20,25.2,0,Failed Sort COL1-001 OB 10-1631_PIK_SORT rev10  09/27/21 12:47,FALSE,,GD,,Not Done,Not Done,,Not Done,Not Done,,Not Done,100_LVL (old),,,,0,0,Fail,0,0,,2.299,2.982,3.32,3.424,3.933,4.359,5.224,5.511,6.259,7.157,3.762,-0.475,-3.383,0.279,1.727,-7.125,0.128,1.155,-0.946,0.017,-0.391,0.493,2.15,0.049,0.009,-67.58,0.237,2.299,0.028,0.009,-64.593,0.247,2.982,0.005,0.002,-30.615,1.517,3.08,0.018,0.006,-15.68,0.485,0,0,0,0,0,3.32,0.013,0.008,-72.878,0.435,3.424,0.032,0.013,-24.199,0.271,3.933,0.01,0.012,-16.956,0.32,4.222,0.058,0.007,-136.117,0.615,4.302,0.075,0.008,-78.68,0.553,4.359,0.092,0.009,-43.569,0.477,4.726,0.039,0.009,-44.692,0.544,5.076,0.171,0.008,-64.476,0.601,5.224,0.042,0.008,-24.787,0.639,5.511,0.044,0.008,-64.036,0.673,6.001,0.009,0.009,-34.919,0.663,6.066,0.007,0.01,-44.379,0.581,6.259,0.037,0.009,-58.702,0.705,6.656,0.017,0.011,-13.34,0.596,7.001,0.021,0.011,-42.343,0.666,7.157,0.058,0.01,-35.87,0.746,8.292,0.011,0.016,-15.772,0.518,8.431,0.007,0.016,-14.26,0.518,5.137,0.017,0.005,-73.905,0.948,0,0,0,0,0,3.762,0.01,0.01,-16.829,0.371,6.168,0.024,0.008,-42.194,0.747,11.378,0.019,0.016,-14.179,0.695
181,Margin on site,000_000,9/27/2021 18:27,24.8,0,Failed Sort COL1-001 OB 10-1631_PIK_SORT rev10  09/27/21 08:54,FALSE,,GD,,Not Done,Not Done,,Not Done,Not Done,,Not Done,100_LVL (old),,,,0,0,Fail,0,0,,2.298,2.982,3.318,3.425,3.931,4.358,5.223,5.51,6.258,7.155,0,-0.537,-3.459,0.073,1.749,-7.198,0.082,1.127,-1.029,-0.049,-0.516,0,2.152,0.048,0.012,-37.823,0.181,2.298,0.024,0.011,-72.782,0.214,2.982,0.005,0.002,-18.509,1.736,3.079,0.018,0.004,-12.037,0.777,0,0,0,0,0,3.318,0.013,0.007,-70.97,0.45,3.425,0.025,0.018,-20.156,0.195,3.931,0.01,0.015,-16.948,0.265,4.221,0.054,0.007,-139.376,0.625,4.301,0.062,0.008,-66.993,0.527,4.358,0.079,0.01,-41.525,0.458,4.725,0.031,0.008,-42.633,0.593,5.075,0.143,0.009,-60.725,0.576,5.223,0.04,0.009,-29.045,0.552,5.51,0.035,0.008,-51.144,0.699,6,0.008,0.01,-30.405,0.63,6.063,0.045,0.009,-52.052,0.657,6.258,0.032,0.009,-57.574,0.7,6.655,0.017,0.014,-15.334,0.489,7,0.019,0.011,-42.274,0.659,7.155,0.049,0.009,-34.236,0.766,8.29,0.01,0.015,-16.764,0.556,8.429,0.006,0.017,-14.395,0.506,5.137,0.017,0.005,-105.712,0.971,5.702,0.011,0.009,-70.227,0.625,0,0,0,0,0,6.166,0.024,0.009,-41.163,0.697,11.378,0.018,0.015,-15.494,0.737
182,E0402P_11,0_0,3/29/2022 19:59,21.4,0,QPLog 10-1631 (16) rev8,FALSE,,GD,,,,,,,,,,,,,,,Fail,0,0,,2.307,2.978,3.318,3.421,3.92,4.358,5.219,5.509,6.255,7.156,0,0.384,-3.785,0.039,1.51,-7.814,0.056,0.932,-1.081,-0.175,-0.462,0,2.159,0.074,0.014,-29.671,0.155,2.307,0.062,0.01,-56.637,0.233,2.978,0.004,0.008,-17.883,0.385,3.075,0.013,0.013,-19.184,0.242,0,0,0,0,0,3.318,0.014,0.006,-128.248,0.565,3.421,0.005,0.011,-23.886,0.3,3.92,0.005,0.007,-21.753,0.537,4.22,0.008,0.006,-166.45,0.699,4.3,0.014,0.006,-122.736,0.664,4.358,0.127,0.01,-43.26,0.428,4.721,0.009,0.008,-48.288,0.58,5.077,0.024,0.01,-37.503,0.515,5.219,0.081,0.01,-39.603,0.509,5.509,0.099,0.008,-72.571,0.694,6.009,0.018,0.005,-111.13,1.141,6.064,0.023,0.006,-132.78,1.044,6.255,0.007,0.008,-45.771,0.796,6.653,0.003,0.012,-8.689,0.548,6.994,0.003,0.009,-31.759,0.759,7.156,0.022,0.008,-66.962,0.898,8.293,0.041,0.009,-37.431,0.891,8.428,0.026,0.01,-39.022,0.812,5.134,0.002,0.003,-55.562,1.597,5.698,0.015,0.007,-78.666,0.807,0,0,0,0,0,6.16,0.006,0.006,-29.072,1.081,11.367,0.002,0.006,-9.993,1.882
183,e0402p,0_0,3/29/2022 19:13,21.1,0,QPLog 10-1631 (16) rev8,FALSE,,GD,,,,,,,,,,,,,,,Fail,0,0,,2.303,2.975,3.318,3.421,3.92,4.357,5.221,5.508,6.255,7.156,3.76,0,-4.017,0.073,1.531,-7.809,-0.022,1.021,-1.113,-0.153,-0.482,0.292,2.154,0.043,0.012,-41.083,0.174,2.303,0.04,0.009,-73.676,0.261,2.975,0.003,0.009,-11.788,0.327,3.075,0.012,0.013,-17.342,0.241,0,0,0,0,0,3.318,0.012,0.006,-121.176,0.547,3.421,0.004,0.011,-21.54,0.306,3.92,0.004,0.009,-20.627,0.453,4.219,0.007,0.006,-164.988,0.703,4.299,0.093,0.007,-131.872,0.64,4.357,0.106,0.01,-37.696,0.432,4.721,0.006,0.008,-47.881,0.584,5.077,0.018,0.014,-18.843,0.367,5.221,0.012,0.009,-31.872,0.568,5.508,0.011,0.006,-65.779,0.881,6.009,0.016,0.005,-104.698,1.18,6.063,0.02,0.006,-124.6,1.078,6.255,0.007,0.008,-49.874,0.788,6.651,0.005,0.009,-16.658,0.72,6.995,0.003,0.01,-24.684,0.716,7.156,0.172,0.008,-76.633,0.934,8.294,0.036,0.01,-35.786,0.865,8.428,0.022,0.01,-36.381,0.846,5.133,0.002,0.004,-85.862,1.339,5.698,0.014,0.006,-82.394,0.904,3.76,0.011,0.008,-38.252,0.483,6.16,0.006,0.008,-24.064,0.796,11.367,0.037,0.017,-9.175,0.666
184,e0402p,0_0,3/29/2022 18:54,20.8,0,QPLog 10-1631 (16) rev8,FALSE,,GD,,,,,,,,,,,,,,,Fail,0,0,,2.298,2.978,3.319,3.421,3.931,4.354,5.22,5.506,6.254,7.152,3.758,-0.483,-3.812,0.142,1.51,-7.233,-0.157,0.993,-1.221,-0.189,-0.648,0.082,2.159,0.061,0.004,-41.097,0.538,2.298,0.026,0.006,-99.674,0.416,2.978,0.003,0.008,-19.658,0.352,3.081,0.018,0.016,-16.427,0.197,0,0,0,0,0,3.319,0.011,0.006,-129.388,0.571,3.421,0.001,0.009,-12.523,0.392,3.931,0.008,0.002,-11.653,2.208,4.22,0.005,0.006,-148.198,0.697,4.299,0.036,0.005,-58.759,0.829,4.354,0.032,0.006,-70.565,0.711,4.72,0.003,0.006,-26.624,0.846,5.07,0.009,0.009,-59.273,0.579,5.22,0.011,0.009,-46.824,0.596,5.506,0.005,0.006,-52.171,0.857,5.999,0.012,0.006,-99.653,0.936,6.061,0.006,0.005,-159.729,1.223,6.254,0.004,0.007,-46.562,0.875,6.653,0.002,0.01,-14.078,0.682,6.995,0.017,0.009,-46.634,0.754,7.152,0.062,0.006,-80.097,1.157,8.292,0.01,0.012,-18.334,0.702,8.427,0.016,0.009,-51.923,0.965,5.134,0.006,0.004,-173.624,1.159,5.699,0.013,0.007,-98.472,0.787,3.758,0.004,0.008,-16.984,0.475,6.163,0.006,0.008,-39.601,0.73,11.368,0.004,0.003,-6.195,3.538
185,e0402p,0_0,3/29/2022 19:38,21.3,0,QPLog 10-1631 (16) rev8,FALSE,,GD,,,,,,,,,,,,,,,Fail,0,0,,2.307,2.978,3.318,3.421,3.918,4.359,5.218,5.51,6.255,7.157,0,0.384,-3.756,0.039,1.529,-7.887,0.114,0.869,-1.039,-0.181,-0.426,0,2.156,0.048,0.011,-39.903,0.191,2.307,0.055,0.01,-51.586,0.24,2.978,0.004,0.006,-17.19,0.5,3.073,0.011,0.013,-17.852,0.238,0,0,0,0,0,3.318,0.013,0.006,-125.297,0.535,3.421,0.006,0.011,-22.924,0.319,3.918,0.004,0.007,-25.73,0.557,4.219,0.008,0.006,-178.963,0.766,4.3,0.015,0.007,-114.65,0.626,4.359,0.163,0.01,-49.371,0.452,4.722,0.011,0.008,-60.669,0.609,5.076,0.015,0.011,-32.361,0.465,5.218,0.005,0.009,-32.298,0.585,5.51,0.117,0.009,-48.71,0.625,6.009,0.02,0.006,-95.741,1.034,6.064,0.028,0.006,-118.27,1.012,6.255,0.01,0.008,-54.953,0.813,6.675,0.005,0.009,-23.987,0.736,6.996,0.002,0.009,-22.422,0.801,7.157,0.172,0.008,-64.277,0.858,8.293,0.037,0.009,-42.312,0.973,8.428,0.025,0.011,-34.859,0.752,5.139,0.002,0.003,-40.071,1.914,5.7,0.017,0.006,-62.252,0.927,0,0,0,0,0,6.16,0.005,0.006,-52.107,1.079,11.368,0.003,0.004,-6.717,2.845
186,e0402p,0_0,3/29/2022 19:01,20.9,0,QPLog 10-1631 (16) rev8,FALSE,,GD,,,,,,,,,,,,,,,Fail,0,0,,2.304,2.979,3.318,3.422,3.92,4.357,5.218,5.508,6.256,7.156,0,0.124,-3.694,0.107,1.552,-7.782,-0.002,0.867,-1.15,-0.134,-0.446,0,2.157,0.053,0.015,-21.655,0.146,2.304,0.044,0.009,-47.929,0.254,2.979,0.004,0.007,-12.713,0.4,3.075,0.013,0.014,-16.062,0.219,0,0,0,0,0,3.318,0.014,0.006,-125.43,0.557,3.422,0.004,0.013,-20.205,0.27,3.92,0.005,0.011,-22.086,0.346,4.22,0.007,0.006,-165.583,0.755,4.299,0.097,0.007,-131.51,0.636,4.357,0.111,0.01,-43.038,0.456,4.721,0.007,0.007,-53.731,0.635,5.075,0.013,0.009,-30.087,0.545,5.218,0.005,0.01,-26.376,0.54,5.508,0.071,0.008,-63.425,0.68,6,0.017,0.006,-64.866,0.936,6.064,0.022,0.006,-119.424,1.042,6.256,0.009,0.008,-53.894,0.801,6.652,0.002,0.012,-9.452,0.542,6.995,0.003,0.009,-25.485,0.794,7.156,0.187,0.007,-79.892,0.958,8.294,0.037,0.01,-31.711,0.827,8.428,0.024,0.01,-38.179,0.809,5.135,0.002,0.003,-89.326,1.555,5.699,0.019,0.007,-62.612,0.796,0,0,0,0,0,6.162,0.005,0.007,-31.141,0.845,11.37,0.003,0.013,-8.805,0.902
187,e0402p,0_0,3/29/2022 19:33,21.2,0,QPLog 10-1631 (16) rev8,FALSE,,GD,,,,,,,,,,,,,,,Fail,0,0,,2.307,2.974,3.318,3.421,3.92,4.356,5.219,5.508,6.255,7.156,0,0.479,-4.148,0.073,1.49,-7.793,-0.041,0.934,-1.15,-0.167,-0.446,0,2.164,0.057,0.017,-8.465,0.13,2.307,0.051,0.013,-28.85,0.177,2.974,0.005,0.003,-6.861,1.084,3.076,0.014,0.016,-18.002,0.19,0,0,0,0,0,3.318,0.014,0.006,-129.476,0.571,3.421,0.004,0.012,-22.586,0.292,3.92,0.005,0.003,-24.66,1.317,4.219,0.007,0.006,-162.621,0.688,4.299,0.011,0.007,-100.182,0.634,4.356,0.102,0.01,-42.063,0.42,4.72,0.006,0.008,-41.743,0.587,5.077,0.019,0.01,-31.68,0.493,5.219,0.052,0.01,-45.548,0.518,5.508,0.056,0.008,-71.136,0.712,5.998,0.016,0.005,-63.381,1.15,6.063,0.021,0.007,-95.786,0.922,6.255,0.008,0.008,-44.092,0.757,6.654,0.003,0.011,-11.634,0.599,6.995,0.002,0.009,-24.347,0.771,7.156,0.181,0.008,-76.538,0.934,8.294,0.036,0.01,-32.714,0.825,8.428,0.022,0.01,-36.728,0.865,5.134,0.002,0.003,-84.916,1.476,5.698,0.016,0.006,-50.789,0.907,0,0,0,0,0,6.162,0.005,0.007,-38.484,0.875,11.368,0.004,0.011,-9.486,1.046
188,e0402p,0_0,3/29/2022 19:23,21.2,0,QPLog 10-1631 (16) rev8,FALSE,,GD,,,,,,,,,,,,,,,Fail,0,0,,2.306,2.978,3.318,3.421,3.92,4.358,5.22,5.51,6.255,7.157,0,0.322,-3.764,0.073,1.531,-7.814,0.056,0.949,-1.022,-0.181,-0.428,0,2.156,0.055,0.012,-39.696,0.182,2.306,0.055,0.009,-62.761,0.247,2.978,0.004,0.008,-15.452,0.379,3.075,0.012,0.012,-18.057,0.247,0,0,0,0,0,3.318,0.013,0.006,-125.15,0.551,3.421,0.005,0.011,-23.972,0.318,3.92,0.005,0.004,-26.298,0.901,4.219,0.008,0.006,-175.224,0.661,4.299,0.014,0.006,-119.312,0.68,4.358,0.141,0.01,-45.672,0.448,4.721,0.009,0.009,-57.217,0.543,5.077,0.015,0.013,-27.272,0.381,5.22,0.009,0.004,-36.961,1.29,5.51,0.117,0.008,-68.97,0.69,6.008,0.019,0.006,-105.067,1.085,6.064,0.025,0.006,-133.038,1.095,6.255,0.009,0.006,-58.866,0.986,6.654,0.003,0.01,-9.432,0.647,6.996,0.003,0.01,-27.333,0.703,7.157,0.181,0.008,-70.386,0.9,8.294,0.039,0.01,-40.98,0.856,8.428,0.025,0.01,-34.08,0.845,5.136,0.002,0.003,-70.039,1.865,5.698,0.016,0.007,-75.301,0.859,0,0,0,0,0,6.16,0.005,0.006,-37.399,1.096,11.366,0.003,0.003,-5.961,3.277
189,e0402p,0_0,3/29/2022 19:28,21.2,0,QPLog 10-1631 (16) rev8,FALSE,,GD,,,,,,,,,,,,,,,Fail,0,0,,2.306,2.979,3.317,3.421,3.918,4.359,5.219,5.51,6.255,7.156,0,0.322,-3.668,0.004,1.549,-7.887,0.133,0.908,-0.99,-0.175,-0.462,0,2.152,0.042,0.013,-40.656,0.169,2.306,0.055,0.01,-62.52,0.24,2.979,0.003,0.005,-17.331,0.564,3.072,0.01,0.015,-17.204,0.198,0,0,0,0,0,3.317,0.011,0.006,-118.868,0.526,3.421,0.006,0.012,-24.83,0.289,3.918,0.003,0.004,-32.646,0.925,4.219,0.007,0.005,-177.045,0.774,4.3,0.014,0.006,-112.478,0.665,4.359,0.148,0.01,-48.84,0.436,4.722,0.009,0.009,-53.143,0.553,5.075,0.016,0.006,-22.344,0.883,5.219,0.009,0.009,-42.934,0.601,5.51,0.137,0.007,-69.193,0.735,6.009,0.019,0.006,-102.793,1.007,6.064,0.025,0.006,-131.807,1.094,6.255,0.009,0.008,-60.39,0.807,6.676,0.005,0.009,-24.873,0.743,6.995,0.002,0.01,-19.996,0.685,7.156,0.153,0.008,-62.782,0.856,8.293,0.031,0.008,-37.78,1.008,8.428,0.023,0.012,-31.048,0.711,5.149,0.004,0.005,-82.028,0.989,5.698,0.014,0.006,-69.46,0.891,0,0,0,0,0,6.16,0.003,0.005,-55.183,1.166,11.358,0.037,0.009,-7.765,1.252
190,e0402p,0_0,3/29/2022 19:18,21.1,0,QPLog 10-1631 (16) rev8,FALSE,,GD,,,,,,,,,,,,,,,Fail,0,0,,2.306,2.978,3.318,3.421,3.922,4.358,5.218,5.508,6.255,7.156,0,0.322,-3.733,0.073,1.49,-7.703,0.056,0.884,-1.13,-0.175,-0.464,0,2.161,0.069,0.012,-22.136,0.186,2.306,0.066,0.01,-54.427,0.226,2.978,0.004,0.005,-15.988,0.553,3.074,0.013,0.015,-18.814,0.208,0,0,0,0,0,3.318,0.014,0.006,-129.702,0.568,3.421,0.005,0.011,-23.998,0.31,3.922,0.005,0.004,-44.954,0.952,4.247,0.003,0.006,-37.883,0.672,4.3,0.014,0.007,-114.24,0.61,4.358,0.131,0.01,-46.908,0.449,4.721,0.008,0.008,-50.505,0.593,5.076,0.014,0.011,-31.881,0.441,5.218,0.049,0.012,-41.039,0.445,5.508,0.105,0.008,-64.428,0.694,6.009,0.019,0.006,-110.257,1.059,6.064,0.025,0.006,-130.28,1.094,6.255,0.009,0.007,-63.958,0.958,6.653,0.003,0.014,-7.994,0.486,6.993,0.003,0.01,-26.051,0.721,7.156,0.186,0.008,-73.94,0.921,8.294,0.04,0.01,-35.719,0.855,8.428,0.026,0.01,-37.11,0.864,5.142,0.001,0.002,-88.685,3.138,5.699,0.019,0.007,-81.061,0.765,0,0,0,0,0,6.16,0.006,0.006,-25.694,1.056,11.367,0.003,0.008,-9.592,1.435
191,e0402p,0_0,3/29/2022 19:42,21.3,0,QPLog 10-1631 (16) rev8,FALSE,,GD,,,,,,,,,,,,,,,Fail,0,0,,2.303,2.977,3.318,3.421,3.923,4.354,5.22,5.507,6.254,7.155,0,0.016,-3.825,0.073,1.531,-7.656,-0.138,0.956,-1.182,-0.202,-0.512,0,2.159,0.069,0.01,-36.682,0.208,2.303,0.045,0.01,-78.084,0.233,2.977,0.003,0.008,-19.993,0.379,3.077,0.016,0.014,-18.348,0.226,0,0,0,0,0,3.318,0.015,0.006,-133.431,0.566,3.421,0.003,0.011,-19.789,0.301,3.923,0.006,0.003,-25.27,1.278,4.219,0.007,0.006,-171.046,0.712,4.298,0.01,0.006,-93.326,0.69,4.354,0.082,0.011,-45.859,0.413,4.719,0.005,0.008,-51.523,0.568,5.075,0.018,0.01,-44.97,0.522,5.22,0.01,0.005,-41.826,0.981,5.507,0.044,0.008,-75.28,0.711,5.998,0.018,0.007,-86.43,0.873,6.061,0.017,0.005,-135.06,1.184,6.254,0.006,0.008,-52.165,0.76,0,0,0,0,0,6.993,0.003,0.01,-27.072,0.725,7.155,0.179,0.007,-89.491,0.994,8.293,0.034,0.014,-24.349,0.6,8.427,0.026,0.009,-42.221,0.907,5.134,0.002,0.005,-126.756,1.112,5.699,0.017,0.007,-97.379,0.849,0,0,0,0,0,6.162,0.006,0.006,-48.315,1.011,11.374,0.01,0.013,-19.281,0.895
192,E0402P,,3/30/2022 22:20,22.7,0,,FALSE,,GD,,,,,,,,,,,,,,,Fail,0,0,,2.304,2.977,3.319,3.421,3.92,4.359,5.221,5.507,6.255,7.157,3.757,0.169,-3.842,0.142,1.51,-7.766,0.094,1.006,-1.182,-0.147,-0.414,0.019,2.16,0.104,0.011,-44.932,0.191,2.304,0.101,0.009,-75.668,0.261,2.977,0.007,0.009,-16.733,0.345,3.079,0.033,0.017,-18.464,0.184,0,0,0,0,0,3.319,0.03,0.006,-124.351,0.543,3.421,0.008,0.011,-26.211,0.298,3.92,0.013,0.012,-14.292,0.316,4.22,0.015,0.006,-197.638,0.712,4.3,0.027,0.006,-140.628,0.68,4.359,0.024,0.009,-50.229,0.468,4.721,0.014,0.008,-63.693,0.586,5.078,0.05,0.008,-78.228,0.65,5.221,0.014,0.007,-44.84,0.769,5.507,0.01,0.007,-65.6,0.747,5.999,0.022,0.007,-48.042,0.804,6.064,0.032,0.006,-113.808,1.019,6.255,0.01,0.011,-24.226,0.574,6.652,0.005,0.012,-13.631,0.535,6.994,0.005,0.01,-31.94,0.688,7.157,0.042,0.008,-74.877,0.948,8.296,0.011,0.01,-36.842,0.794,8.427,0.005,0.011,-23.728,0.768,5.135,0.005,0.003,-174.411,1.598,5.7,0.005,0.006,-71.869,0.985,3.757,0.019,0.007,-60.353,0.51,6.164,0.011,0.007,-45.566,0.849,11.372,0.003,0.017,-8.777,0.683
193,HVT 7,,3/30/2022 22:57,23,0,"System 500, 3.30.22",FALSE,,GD,,,,,,,,,,,,,,,Fail,0,0,,2.304,2.979,3.319,3.422,3.92,4.358,5.219,5.507,6.252,7.157,3.757,0.124,-3.65,0.176,1.551,-7.782,0.075,0.943,-1.198,-0.309,-0.414,-0.051,2.158,0.091,0.011,-42.148,0.189,2.304,0.089,0.009,-76.979,0.268,2.979,0.006,0.009,-17.942,0.318,3.079,0.03,0.015,-16.712,0.2,0,0,0,0,0,3.319,0.028,0.006,-120.031,0.534,3.422,0.007,0.013,-28.158,0.266,3.92,0.012,0.012,-18.049,0.337,4.219,0.014,0.006,-200.535,0.764,4.3,0.026,0.006,-136.612,0.698,4.358,0.023,0.009,-50.205,0.462,4.721,0.014,0.007,-66.895,0.632,5.077,0.048,0.008,-78.34,0.661,5.219,0.013,0.007,-56.63,0.803,5.507,0.01,0.007,-65.893,0.778,5.998,0.023,0.006,-55.626,0.975,6.063,0.032,0.006,-132.204,1.028,6.252,0.009,0.011,-32.696,0.586,6.652,0.005,0.012,-11.535,0.55,6.994,0.005,0.01,-31.557,0.685,7.157,0.041,0.007,-81.142,0.98,8.296,0.009,0.01,-31.058,0.87,8.428,0.005,0.013,-25.062,0.663,5.134,0.004,0.003,-158.523,1.516,5.7,0.004,0.006,-75.715,1.034,3.757,0.018,0.007,-61.594,0.515,6.163,0.009,0.008,-42.65,0.81,11.373,0.005,0.014,-13.077,0.834
194,HVT 8,,3/30/2022 23:10,23.3,0,"System 500, 3.30.22",FALSE,,GD,,,,,,,,,,,,,,,Fail,0,0,,2.306,2.978,3.319,3.422,3.921,4.36,5.221,5.508,6.254,7.158,3.757,0.322,-3.733,0.21,1.59,-7.753,0.152,1.006,-1.156,-0.218,-0.349,0.019,2.16,0.111,0.012,-42.876,0.181,2.306,0.11,0.009,-72.635,0.255,2.978,0.007,0.012,-19.935,0.251,3.08,0.034,0.016,-17.416,0.189,0,0,0,0,0,3.319,0.032,0.006,-120.619,0.535,3.422,0.008,0.013,-25.275,0.263,3.921,0.013,0.016,-14.202,0.25,4.22,0.016,0.006,-200.164,0.728,4.301,0.028,0.006,-136.64,0.68,4.36,0.025,0.01,-52.237,0.434,4.722,0.015,0.008,-66.928,0.591,5.079,0.053,0.008,-79.536,0.65,5.221,0.015,0.006,-50.702,0.854,5.508,0.01,0.008,-70.014,0.73,5.999,0.023,0.007,-56.623,0.842,6.064,0.032,0.006,-115.703,0.999,6.254,0.01,0.012,-26.03,0.503,6.653,0.005,0.012,-12.188,0.541,6.996,0.005,0.01,-30.035,0.687,7.158,0.045,0.007,-77.246,0.961,8.297,0.01,0.009,-33.129,0.878,8.429,0.005,0.011,-29.324,0.735,5.135,0.005,0.003,-142.56,1.511,5.7,0.005,0.007,-77.332,0.856,3.757,0.02,0.008,-59.413,0.45,6.164,0.011,0.008,-41.854,0.791,11.374,0.004,0.014,-12.265,0.817
195,HVT 9,,3/30/2022 23:23,23.1,0,"System 500, 3.30.22",FALSE,,GD,,,,,,,,,,,,,,,Fail,0,0,,2.305,2.978,3.319,3.421,3.921,4.359,5.22,5.507,6.252,7.157,3.758,0.248,-3.755,0.21,1.51,-7.729,0.094,0.969,-1.215,-0.281,-0.396,0.071,2.159,0.105,0.012,-33.41,0.175,2.305,0.106,0.01,-67.284,0.235,2.978,0.007,0.01,-18.994,0.298,3.08,0.034,0.014,-18.622,0.218,0,0,0,0,0,3.319,0.03,0.006,-116.941,0.525,3.421,0.008,0.01,-25.889,0.339,3.921,0.013,0.013,-17.302,0.313,4.22,0.015,0.006,-201.722,0.713,4.3,0.027,0.006,-135.424,0.698,4.359,0.024,0.009,-47.24,0.479,4.721,0.015,0.008,-62.79,0.569,5.078,0.052,0.008,-77.887,0.641,5.22,0.015,0.008,-57.118,0.646,5.507,0.01,0.008,-64.779,0.705,5.998,0.022,0.007,-62.641,0.832,6.063,0.031,0.006,-108.91,0.959,6.252,0.011,0.012,-31.419,0.539,6.652,0.005,0.013,-12.704,0.495,6.994,0.005,0.011,-31.606,0.644,7.157,0.045,0.007,-80.307,0.971,8.296,0.01,0.01,-29.774,0.852,8.428,0.005,0.01,-26.917,0.812,5.134,0.005,0.003,-163.823,1.491,5.699,0.005,0.006,-77.535,0.98,3.758,0.02,0.008,-59.556,0.464,6.163,0.011,0.007,-42.216,0.844,11.374,0.003,0.013,-10.224,0.874
196,HVT_10,,3/30/2022 23:36,23.2,0,"System 500, 3.30.22",FALSE,,GD,,,,,,,,,,,,,,,Fail,0,0,,2.304,2.979,3.319,3.422,3.928,4.359,5.22,5.508,6.251,7.157,3.758,0.124,-3.707,0.21,1.551,-7.369,0.094,0.995,-1.156,-0.32,-0.414,0.029,2.16,0.081,0.01,-43.243,0.223,2.304,0.093,0.009,-77.458,0.252,2.979,0.006,0.008,-17.576,0.359,3.08,0.03,0.016,-17.615,0.197,0,0,0,0,0,3.319,0.027,0.006,-114.775,0.518,3.422,0.007,0.013,-25.954,0.263,3.928,0.01,0.005,-10.874,0.852,4.22,0.014,0.006,-202.416,0.716,4.301,0.026,0.006,-139.904,0.674,4.359,0.022,0.009,-49.807,0.471,4.722,0.014,0.008,-63.555,0.591,5.078,0.047,0.008,-78.754,0.644,5.22,0.013,0.007,-47.12,0.7,5.508,0.01,0.007,-67.35,0.749,5.999,0.024,0.007,-64.458,0.891,6.064,0.035,0.006,-129.876,1.051,6.251,0.011,0.009,-40.117,0.682,6.65,0.005,0.012,-11.165,0.552,6.994,0.005,0.01,-34.907,0.69,7.157,0.042,0.008,-76.544,0.953,8.293,0.006,0.011,-16.904,0.733,8.429,0.005,0.01,-29.096,0.88,5.135,0.004,0.003,-124.401,1.474,5.7,0.005,0.007,-78.634,0.847,3.758,0.017,0.01,-41.079,0.372,6.164,0.009,0.007,-37.981,0.823,11.374,0.005,0.014,-15.421,0.82
197,SN E0402P_1,,3/26/2022 0:10,23.1,0,DFW300,FALSE,,GD,,,,,,,,,,,,,,,Fail,0,0,,2.302,2.98,3.319,3.421,3.938,4.358,5.219,5.507,6.262,7.155,3.757,-0.107,-3.598,0.142,1.511,-6.859,0.056,0.919,-1.162,0.137,-0.53,-0.01,2.155,0.052,0.01,-55.716,0.224,2.302,0.045,0.01,-81.704,0.234,2.98,0.004,0.005,-34.795,0.61,3.078,0.016,0.013,-16.649,0.24,0,0,0,0,0,3.319,0.015,0.006,-111.974,0.542,3.421,0.003,0.011,-24.925,0.306,3.938,0.008,0.013,-38.938,0.298,4.22,0.008,0.006,-167.069,0.766,4.3,0.014,0.006,-136.458,0.727,4.358,0.011,0.009,-37.192,0.466,4.721,0.006,0.006,-46.677,0.732,5.076,0.027,0.008,-65.818,0.609,5.219,0.011,0.006,-62.758,0.855,5.507,0.009,0.006,-57.396,0.936,5.999,0.02,0.006,-76.565,0.94,6.062,0.021,0.005,-192.04,1.227,6.262,0.003,0.002,-21.198,3.718,6.647,0.003,0.004,-17.902,1.801,6.994,0.02,0.01,-43.048,0.695,7.155,0.024,0.007,-81.081,0.997,8.293,0.004,0.009,-16.667,0.921,8.427,0.003,0.008,-37.748,1.005,5.133,0.021,0.003,-211.726,1.633,5.7,0.003,0.006,-84.086,0.89,3.757,0.01,0.009,-31.882,0.433,6.162,0.005,0.006,-41.53,0.951,11.373,0.014,0.013,-24.092,0.851
198,SN E0402P_2,,3/26/2022 1:11,23.4,0,DFW300,FALSE,,GD,,,,,,,,,,,,,,,Fail,0,0,,2.302,2.98,3.318,3.42,3.937,4.355,5.22,5.508,6.261,7.155,3.756,-0.107,-3.581,0.107,1.474,-6.879,-0.099,0.969,-1.103,0.103,-0.512,-0.143,2.156,0.054,0.011,-50.086,0.199,2.302,0.044,0.01,-67.466,0.228,2.98,0.003,0.006,-25.495,0.492,3.077,0.015,0.013,-18.072,0.23,0,0,0,0,0,3.318,0.014,0.006,-99.823,0.512,3.42,0.003,0.013,-16.747,0.27,3.937,0.008,0.008,-30.847,0.518,4.22,0.008,0.005,-175.897,0.784,4.299,0.013,0.006,-139.405,0.769,4.355,0.011,0.01,-37.154,0.431,4.723,0.006,0.007,-52.036,0.682,5.076,0.024,0.008,-61.78,0.623,5.22,0.011,0.006,-57.204,0.82,5.508,0.01,0.006,-88.986,0.859,6,0.018,0.006,-78.329,1.021,6.062,0.018,0.005,-166.215,1.194,6.261,0.009,0.006,-58.197,1.074,6.649,0.019,0.013,-18.646,0.494,6.993,0.02,0.01,-42.241,0.687,7.155,0.023,0.007,-80.454,0.997,8.295,0.006,0.009,-32.549,0.897,8.429,0.003,0.009,-38.182,0.957,5.134,0.022,0.003,-252.76,1.517,5.7,0.022,0.007,-110.077,0.877,3.756,0.011,0.007,-47.858,0.553,6.16,0.005,0.006,-46.9,1.044,11.372,0.011,0.014,-17.307,0.821
199,SN E0402P_3,,3/26/2022 1:18,23.4,0,DFW300,FALSE,,GD,,,,,,,,,,,,,,,Fail,0,0,,2.302,2.981,3.318,3.418,3.936,4.355,5.219,5.508,6.26,7.155,3.757,-0.107,-3.476,0.107,1.328,-6.923,-0.119,0.943,-1.12,0.074,-0.512,-0.048,2.157,0.056,0.01,-47.909,0.214,2.302,0.043,0.011,-68.807,0.217,2.981,0.003,0.005,-29.497,0.587,3.079,0.016,0.015,-15.92,0.206,0,0,0,0,0,3.318,0.014,0.006,-102.425,0.522,3.418,0.003,0.012,-17.331,0.278,3.936,0.008,0.009,-33.495,0.425,4.22,0.008,0.006,-191.764,0.744,4.299,0.014,0.006,-124.338,0.698,4.355,0.011,0.01,-38.797,0.427,4.722,0.006,0.007,-46.777,0.68,5.076,0.026,0.008,-62.02,0.617,5.219,0.011,0.006,-49.933,0.878,5.508,0.01,0.007,-60.377,0.824,6,0.019,0.006,-81.453,0.961,6.062,0.019,0.005,-165.369,1.111,6.26,0.009,0.006,-60.066,1.076,6.65,0.02,0.013,-18.445,0.498,6.993,0.021,0.01,-40.883,0.692,7.155,0.024,0.007,-83.152,1.007,8.294,0.006,0.011,-27.271,0.731,8.428,0.003,0.007,-38.276,1.259,5.134,0.022,0.003,-246.17,1.492,5.7,0.024,0.006,-113.992,0.878,3.757,0.011,0.008,-60.352,0.479,6.161,0.005,0.009,-50.8,0.701,11.371,0.009,0.014,-16.787,0.821
200,SN E0402P_4,,3/26/2022 1:25,23.6,0,DFW300,FALSE,,GD,,,,,,,,,,,,,,,Fail,0,0,,2.303,2.981,3.318,3.419,3.937,4.358,5.22,5.508,6.26,7.154,3.756,-0.045,-3.485,0.073,1.41,-6.895,0.056,0.959,-1.103,0.074,-0.548,-0.129,2.155,0.056,0.011,-42.908,0.196,2.303,0.048,0.01,-73.291,0.227,2.981,0.004,0.009,-23.994,0.318,3.079,0.016,0.015,-15.354,0.208,0,0,0,0,0,3.318,0.015,0.006,-109.805,0.534,3.419,0.003,0.008,-22.143,0.434,3.937,0.009,0.009,-38.296,0.453,4.22,0.008,0.006,-191.113,0.746,4.299,0.014,0.006,-134.935,0.703,4.358,0.011,0.008,-42.595,0.556,4.722,0.006,0.008,-46.567,0.594,5.076,0.027,0.009,-63.938,0.58,5.22,0.011,0.006,-49.106,0.826,5.508,0.01,0.006,-68.017,0.982,6,0.019,0.006,-85.63,1.018,6.062,0.019,0.005,-160.16,1.112,6.26,0.01,0.006,-57.794,1.068,6.65,0.02,0.013,-21.746,0.51,6.994,0.021,0.011,-41.038,0.642,7.154,0.025,0.007,-81.3,1.003,8.294,0.006,0.01,-26.931,0.84,8.428,0.003,0.007,-38.539,1.168,5.134,0.023,0.004,-230.776,1.467,5.7,0.003,0.006,-87.779,0.878,3.756,0.011,0.01,-32.527,0.387,6.161,0.006,0.007,-49.42,0.896,11.372,0.009,0.014,-16.755,0.812
201,SN E0402P_5,,3/26/2022 1:37,23.7,0,DFW300,FALSE,,GD,,,,,,,,,,,,,,,Fail,0,0,,2.303,2.979,3.318,3.419,3.936,4.357,5.219,5.508,6.26,7.155,3.757,-0.045,-3.703,0.073,1.429,-6.923,0.017,0.945,-1.136,0.074,-0.53,-0.055,2.156,0.058,0.011,-43.112,0.202,2.303,0.05,0.01,-71.039,0.23,2.979,0.004,0.006,-24.605,0.504,3.078,0.016,0.014,-14.799,0.217,0,0,0,0,0,3.318,0.015,0.006,-107.967,0.539,3.419,0.003,0.014,-20.218,0.252,3.936,0.009,0.009,-38.187,0.453,4.22,0.008,0.005,-170.929,0.78,4.299,0.014,0.006,-132.932,0.734,4.357,0.012,0.01,-36.308,0.432,4.722,0.006,0.007,-48.732,0.683,5.076,0.027,0.008,-64.101,0.622,5.219,0.011,0.008,-53.662,0.624,5.508,0.01,0.007,-64.772,0.814,6,0.019,0.006,-79.614,0.943,6.062,0.019,0.005,-164.524,1.138,6.26,0.01,0.006,-54.895,1.047,6.652,0.003,0.004,-21.78,1.831,6.994,0.021,0.011,-41.432,0.663,7.155,0.025,0.007,-82.061,1.005,8.294,0.007,0.01,-33.682,0.793,8.426,0.003,0.011,-30.898,0.794,5.133,0.024,0.003,-231.338,1.494,5.699,0.003,0.006,-63.029,0.881,3.757,0.012,0.005,-45.449,0.687,6.162,0.006,0.006,-47.586,1.1,11.373,0.008,0.013,-15.987,0.847
202,SN E0402P,,3/30/2022 21:32,22.6,0,,FALSE,,GD,,,,,,,,,,,,,,,Fail,0,0,,2.304,2.979,3.32,3.42,3.922,4.359,5.221,5.508,6.254,7.158,3.758,0.124,-3.707,0.245,1.447,-7.702,0.114,1.042,-1.14,-0.19,-0.364,0.071,2.158,0.098,0.012,-35.435,0.176,2.304,0.092,0.009,-72.247,0.255,2.979,0.007,0.011,-17.375,0.266,3.079,0.032,0.014,-18.89,0.221,0,0,0,0,0,3.32,0.029,0.006,-125.561,0.543,3.42,0.007,0.012,-18.877,0.283,3.922,0.012,0.011,-17.218,0.348,4.22,0.014,0.006,-204.642,0.724,4.301,0.025,0.006,-128.285,0.684,4.359,0.023,0.009,-50.941,0.463,4.722,0.014,0.008,-65.936,0.59,5.079,0.048,0.008,-74.399,0.628,5.221,0.014,0.006,-49.956,0.891,5.508,0.01,0.007,-59.495,0.741,6,0.023,0.007,-52.543,0.901,6.065,0.031,0.006,-118.065,1.021,6.254,0.01,0.016,-21.263,0.397,6.652,0.005,0.012,-12.872,0.576,6.996,0.005,0.01,-33.037,0.674,7.158,0.043,0.007,-80.997,0.967,8.297,0.01,0.01,-33.27,0.796,8.429,0.005,0.011,-26.336,0.76,5.136,0.004,0.003,-170.805,1.628,5.701,0.005,0.006,-79.779,0.912,3.758,0.018,0.008,-61.195,0.466,6.164,0.011,0.008,-41.504,0.792,11.374,0.004,0.011,-13.532,1.072
203,SN E0402P,,3/30/2022 22:03,22.7,0,,FALSE,,GD,,,,,,,,,,,,,,,Fail,0,0,,2.305,2.977,3.319,3.421,3.92,4.359,5.221,5.508,6.253,7.157,3.757,0.248,-3.816,0.176,1.49,-7.782,0.094,1.019,-1.156,-0.229,-0.4,-0.065,2.16,0.096,0.012,-30.334,0.174,2.305,0.112,0.009,-69.19,0.255,2.977,0.007,0.008,-16.926,0.353,3.079,0.033,0.016,-16.83,0.197,0,0,0,0,0,3.319,0.031,0.006,-125.965,0.546,3.421,0.008,0.012,-21.891,0.281,3.92,0.013,0.015,-16.867,0.257,4.22,0.015,0.006,-204.933,0.718,4.3,0.027,0.006,-125.195,0.683,4.359,0.024,0.01,-44.461,0.445,4.722,0.015,0.007,-66.369,0.65,5.078,0.051,0.008,-76.125,0.632,5.221,0.014,0.006,-54.534,0.854,5.508,0.01,0.008,-61.914,0.724,5.999,0.023,0.007,-59.752,0.864,6.064,0.034,0.006,-132.941,1.05,6.253,0.01,0.012,-28.549,0.534,6.653,0.005,0.013,-13.626,0.497,6.995,0.006,0.01,-35.424,0.718,7.157,0.045,0.007,-81.059,0.977,8.295,0.007,0.012,-15.224,0.719,8.429,0.006,0.012,-32.472,0.726,5.135,0.005,0.003,-153.642,1.529,5.7,0.005,0.006,-84.297,0.881,3.757,0.019,0.01,-64.803,0.393,6.164,0.01,0.009,-38.312,0.722,11.374,0.005,0.013,-16.387,0.896
204,SN E0402P,,3/30/2022 21:27,22,0,,FALSE,,GD,,,,,,,,,,,,,,,Fail,0,0,,2.304,2.979,3.32,3.421,3.921,4.359,5.22,5.507,6.256,7.157,3.757,0.169,-3.685,0.245,1.509,-7.75,0.114,0.993,-1.182,-0.131,-0.396,-0.029,2.159,0.102,0.012,-31.68,0.175,2.304,0.098,0.01,-67.781,0.242,2.979,0.007,0.01,-16.189,0.311,3.079,0.033,0.014,-19.386,0.22,0,0,0,0,0,3.32,0.03,0.006,-129.104,0.545,3.421,0.007,0.013,-22.486,0.266,3.921,0.013,0.013,-15.938,0.312,4.22,0.015,0.006,-202.762,0.737,4.3,0.026,0.006,-134.138,0.701,4.359,0.024,0.009,-52.831,0.477,4.722,0.014,0.007,-67.699,0.659,5.078,0.049,0.008,-76.021,0.642,5.22,0.014,0.007,-53.387,0.74,5.507,0.01,0.007,-65.94,0.761,6,0.023,0.006,-54.863,0.934,6.064,0.031,0.006,-111.767,1.027,6.256,0.01,0.016,-20.363,0.381,6.651,0.005,0.013,-14.356,0.52,6.994,0.005,0.011,-30.052,0.65,7.157,0.043,0.007,-80.782,0.979,8.296,0.01,0.011,-35.434,0.731,8.428,0.005,0.012,-28.779,0.707,5.135,0.005,0.003,-156.245,1.519,5.7,0.005,0.008,-83.558,0.752,3.757,0.019,0.007,-61.289,0.501,6.163,0.011,0.008,-46.782,0.751,11.373,0.004,0.013,-13.339,0.896
205,SN E0402P,,3/30/2022 21:19,21.9,0,,FALSE,,GD,,,,,,,,,,,,,,,Fail,0,0,,2.304,2.978,3.319,3.422,3.921,4.358,5.221,5.507,6.254,7.157,3.757,0.14,-3.759,0.21,1.592,-7.75,0.036,1.006,-1.172,-0.19,-0.396,-0.021,2.127,0.05,0.008,-17.455,0.262,2.304,0.098,0.009,-68.321,0.259,2.978,0.006,0.01,-17.464,0.301,3.079,0.03,0.014,-18.787,0.22,0,0,0,0,0,3.319,0.027,0.006,-126.46,0.543,3.422,0.007,0.014,-21.554,0.253,3.921,0.012,0.011,-16.396,0.359,4.22,0.014,0.005,-194.811,0.778,4.3,0.024,0.006,-123.967,0.668,4.358,0.022,0.009,-45.633,0.495,4.722,0.1,0.004,-77.28,1.191,5.078,0.045,0.008,-74.145,0.605,5.221,0.013,0.007,-55.855,0.723,5.507,0.009,0.008,-59.515,0.714,5.999,0.024,0.007,-58.48,0.881,6.063,0.032,0.005,-147.778,1.116,6.254,0.009,0.016,-19.967,0.399,6.651,0.005,0.013,-12.007,0.503,6.995,0.005,0.011,-33.285,0.64,7.157,0.042,0.007,-86.866,1.013,8.295,0.007,0.012,-19.143,0.676,8.428,0.005,0.008,-26.338,1.014,5.134,0.004,0.003,-158.249,1.478,5.7,0.004,0.007,-63.381,0.845,3.757,0.017,0.009,-59.391,0.434,6.163,0.009,0.008,-41.505,0.807,11.374,0.006,0.013,-15.381,0.856
206,8645,000_000,3/9/2022 5:04,25.4,0,QPLog 10-1631 (16) rev3,FALSE,,GD,,,,,,,,,,,,,,,Fail,0,0,,2.301,0,3.318,3.422,3.916,4.359,0,5.508,6.255,7.158,3.758,-0.169,0,0.107,1.592,-7.997,0.094,0,-1.156,-0.153,-0.375,0.098,2.145,0.077,0.009,-49.903,0.24,2.301,0.075,0.01,-78.473,0.23,0,0,0,0,0,3.078,0.026,0.018,-16.431,0.175,3.132,0.004,0.003,-20.227,0.945,3.318,0.019,0.007,-85.35,0.477,3.422,0.006,0.013,-26.203,0.256,3.916,0.01,0.007,-25.934,0.56,4.219,0.012,0.006,-204.159,0.756,4.3,0.022,0.006,-123.909,0.671,4.359,0.152,0.009,-51.707,0.489,4.722,0.011,0.007,-69.217,0.703,5.076,0.038,0.007,-73.594,0.692,0,0,0,0,0,5.508,0.095,0.007,-94.265,0.81,5.999,0.027,0.006,-96.58,1.061,6.062,0.032,0.005,-190.01,1.21,6.255,0.013,0.006,-97.344,0.968,6.649,0.005,0.009,-14.088,0.778,6.997,0.006,0.009,-41.099,0.743,7.158,0.022,0.011,-29.609,0.638,8.292,0.034,0.017,-9.339,0.483,8.431,0.049,0.009,-42.454,0.906,5.134,0.003,0.004,-109.363,1.43,5.699,0.024,0.005,-163.503,1.038,3.758,0.002,0.003,-31.969,1.154,6.163,0.006,0.012,-14.689,0.525,11.37,0.002,0.002,-7.035,7.039
207,8645,000_000,3/30/2022 20:13,21.8,0,QPLog 10-1631 (16) rev10,FALSE,,GD,,,,,,,,,,,,,,,Fail,0,0,,2.303,0,3.319,3.423,3.928,4.357,0,5.508,6.255,7.157,0,0,0,0.176,1.616,-7.391,0.016,0,-1.136,-0.169,-0.393,0,2.156,0.061,0.011,-47.662,0.2,2.303,0.05,0.009,-75.738,0.257,0,0,0,0,0,3.08,0.011,0.012,-17.307,0.257,0,0,0,0,0,3.319,0.01,0.006,-115.728,0.542,3.423,0.002,0.004,-20.462,0.842,3.928,0.004,0.002,-35.347,2.16,4.22,0.005,0.005,-156.88,0.79,4.3,0.009,0.006,-103.008,0.694,4.357,0.008,0.008,-39.059,0.515,4.722,0.004,0.007,-52.016,0.651,5.077,0.018,0.009,-55.932,0.585,0,0,0,0,0,5.508,0.007,0.004,-55.808,1.247,6,0.014,0.006,-75.552,1.018,6.063,0.013,0.005,-153.576,1.133,6.255,0.003,0.002,-51.175,2.598,0,0,0,0,0,6.994,0,0.003,-35.971,2.085,7.157,0.018,0.007,-71.183,0.962,8.297,0.005,0.011,-32.13,0.749,8.429,0.002,0.005,-27.686,1.617,5.135,0.002,0.003,-140.01,1.666,5.701,0.003,0.005,-82.632,1.065,0,0,0,0,0,6.163,0.004,0.007,-53.312,0.888,11.37,0.001,0.004,-11.044,3.237
208,8645,000_000,3/29/2022 5:09,23.7,0,QPLog 10-1631 (16) rev8,FALSE,,GD,,,,,,,,,,,,,,,Fail,0,0,,2.3,0,3.317,3.421,3.922,4.356,0,5.507,6.252,7.154,3.757,-0.277,0,0.004,1.529,-7.687,-0.059,0,-1.215,-0.306,-0.582,-0.029,2.155,0.045,0.01,-48.175,0.217,2.3,0.031,0.009,-82.304,0.263,0,0,0,0,0,3.076,0.012,0.015,-14.777,0.21,3.136,0.002,0.003,-8.771,1.134,3.317,0.07,0.006,-112.035,0.514,3.421,0.017,0.013,-24.041,0.26,3.922,0.008,0.002,-18.166,2.331,4.219,0.008,0.005,-172.771,0.879,4.298,0.011,0.007,-80.359,0.597,4.356,0.104,0.011,-40.365,0.384,4.719,0.006,0.007,-51.845,0.668,5.073,0.018,0.009,-56.804,0.543,0,0,0,0,0,5.507,0.039,0.007,-64.232,0.758,5.998,0.015,0.006,-89.227,0.947,6.061,0.014,0.005,-164.577,1.152,6.252,0.004,0.008,-34.091,0.757,6.652,0.002,0.004,-15.811,1.672,6.994,0.003,0.01,-30.075,0.679,7.154,0.15,0.007,-87.302,0.986,8.292,0.029,0.01,-26.105,0.835,8.426,0.022,0.01,-41.901,0.838,5.134,0.003,0.004,-152.413,1.18,5.699,0.008,0.007,-71.487,0.832,3.757,0.012,0.009,-26.673,0.434,6.163,0.005,0.008,-37.519,0.798,11.373,0.015,0.012,-19.752,0.928
209,8645,000_000,3/30/2022 20:00,21.6,0,QPLog 10-1631 (16) rev10,FALSE,,GD,,,,,,,,,,,,,,,Fail,0,0,,2.304,2.977,3.319,3.419,3.921,4.358,0,5.508,6.263,7.157,3.758,0.062,-3.833,0.176,1.428,-7.756,0.056,0,-1.103,0.186,-0.414,0.029,2.158,0.062,0.01,-51.611,0.225,2.304,0.049,0.01,-73.681,0.234,2.977,0.004,0.009,-15.307,0.327,3.079,0.018,0.015,-16.657,0.205,3.137,0.002,0.003,-18.441,1.006,3.319,0.017,0.006,-123.157,0.541,3.419,0.003,0.006,-25.593,0.603,3.921,0.007,0.002,-40.129,2.247,4.221,0.009,0.007,-151.961,0.64,4.3,0.125,0.006,-139.349,0.698,4.358,0.116,0.009,-53.869,0.51,4.723,0.055,0.003,-92.407,1.399,5.077,0.028,0.008,-65.487,0.647,0,0,0,0,0,5.508,0.091,0.008,-60.579,0.707,6,0.02,0.006,-86.192,1.009,6.064,0.02,0.005,-150.353,1.135,6.263,0.003,0.002,-24.046,4.002,6.653,0.003,0.005,-23.312,1.232,6.995,0.003,0.012,-18.914,0.57,7.157,0.025,0.008,-64.394,0.921,8.298,0.069,0.01,-45.454,0.866,8.43,0.024,0.011,-29.64,0.739,5.135,0.003,0.004,-164.78,1.45,5.701,0.024,0.007,-105.464,0.836,3.758,0.013,0.009,-38.603,0.441,6.163,0.007,0.006,-68.365,1.038,11.378,0.002,0.007,-5.88,1.548
210,8645,000_000,3/8/2022 21:58,25.4,0,QPLog 10-1631 (16) rev3,FALSE,,GD,,,,,,,,,,,,,,,Fail,0,0,,2.3,0,3.319,3.421,3.916,4.358,0,5.507,6.255,7.157,3.759,-0.277,0,0.142,1.507,-7.997,0.056,0,-1.172,-0.167,-0.409,0.2,2.157,0.053,0.009,-30.55,0.228,2.3,0.063,0.009,-88.706,0.268,0,0,0,0,0,3.077,0.025,0.016,-16.947,0.196,3.133,0.004,0.002,-12.614,1.39,3.319,0.017,0.009,-100.865,0.39,3.421,0.006,0.008,-32.168,0.417,3.916,0.009,0.006,-22.821,0.617,4.219,0.012,0.005,-228.493,0.814,4.3,0.02,0.008,-104.46,0.563,4.358,0.145,0.009,-43.664,0.476,4.723,0.081,0.004,-90.141,1.279,5.077,0.036,0.009,-55.745,0.567,0,0,0,0,0,5.507,0.093,0.006,-107.41,0.873,5.998,0.026,0.006,-88.78,1.022,6.062,0.03,0.005,-179.567,1.213,6.255,0.011,0.006,-87.994,1.007,6.649,0.005,0.01,-12.913,0.695,6.998,0.006,0.01,-36.663,0.711,7.157,0.024,0.011,-34.886,0.677,8.294,0.028,0.015,-8.587,0.542,8.43,0.048,0.009,-48.789,0.991,5.134,0.003,0.004,-85.685,1.195,5.699,0.019,0.005,-132.374,1.043,3.759,0.016,0.008,-41.794,0.466,6.164,0.007,0.009,-17.959,0.687,11.377,0.003,0.005,-6.242,2.196
211,8645,000_000,3/30/2022 19:55,21.6,0,QPLog 10-1631 (16) rev10,FALSE,,GD,,,,,,,,,,,,,,,Fail,0,0,,2.303,2.979,3.319,3.421,3.923,4.358,0,5.509,6.253,7.157,3.757,-0.045,-3.65,0.142,1.509,-7.656,0.036,0,-1.087,-0.255,-0.414,-0.029,2.157,0.053,0.012,-40.543,0.184,2.303,0.044,0.01,-69.907,0.233,2.979,0.003,0.003,-15.766,0.854,3.078,0.017,0.014,-19.367,0.224,0,0,0,0,0,3.319,0.016,0.006,-124.582,0.565,3.421,0.003,0.008,-17.073,0.449,3.923,0.007,0.002,-22.881,1.719,4.221,0.008,0.006,-160.657,0.731,4.3,0.115,0.006,-140.368,0.695,4.358,0.107,0.008,-51.641,0.526,4.724,0.051,0.003,-98.293,1.482,5.077,0.026,0.008,-59.078,0.619,0,0,0,0,0,5.509,0.082,0.007,-67.335,0.737,6.001,0.019,0.006,-91.487,1.058,6.064,0.019,0.005,-153.881,1.147,6.253,0.004,0.002,-29.739,3.187,6.653,0.003,0.006,-27.068,1.145,6.995,0.002,0.01,-20.766,0.703,7.157,0.192,0.008,-72.829,0.914,8.298,0.063,0.01,-43.138,0.848,8.43,0.023,0.011,-30.897,0.78,5.135,0.003,0.004,-148.171,1.361,5.701,0.021,0.006,-113.811,0.922,3.757,0.012,0.009,-35.392,0.411,6.164,0.007,0.006,-56.986,1.001,11.369,0.002,0.004,-9.614,3.009
212,8645,000_000,3/30/2022 20:06,21.5,0,QPLog 10-1631 (16) rev10,FALSE,,GD,,,,,,,,,,,,,,,Fail,0,0,,2.304,0,3.318,3.419,3.922,4.357,0,5.508,6.256,7.156,3.755,0.062,0,0.107,1.387,-7.666,-0.002,0,-1.13,-0.104,-0.48,-0.247,2.155,0.046,0.012,-27.995,0.174,2.304,0.044,0.01,-40.176,0.221,0,0,0,0,0,3.079,0.014,0.015,-12.733,0.202,0,0,0,0,0,3.318,0.014,0.006,-124.301,0.552,3.419,0.002,0.01,-17.033,0.333,3.922,0.005,0.005,-25.799,0.749,4.22,0.007,0.006,-152.952,0.747,4.3,0.101,0.006,-133.569,0.687,4.357,0.09,0.009,-47.252,0.501,0,0,0,0,0,5.076,0.022,0.008,-61.142,0.606,0,0,0,0,0,5.508,0.071,0.008,-68.303,0.728,6,0.016,0.006,-91.718,0.942,6.063,0.015,0.005,-149.445,1.152,6.256,0.004,0.018,-12.187,0.353,0,0,0,0,0,6.995,0.018,0.011,-32.764,0.615,7.156,0.14,0.008,-67.364,0.88,8.296,0.046,0.01,-44.451,0.863,8.429,0.016,0.012,-28.79,0.715,5.134,0.002,0.005,-144.29,1.138,5.701,0.016,0.006,-96.196,0.887,3.755,0.012,0.01,-30.352,0.384,6.163,0.005,0.006,-59.136,1.084,11.367,0.007,0.018,-11.69,0.629
213,8645,000_000,3/29/2022 5:03,23.6,0,QPLog 10-1631 (16) rev8,FALSE,,GD,,,,,,,,,,,,,,,Fail,0,0,,2.301,2.978,3.318,3.42,3.918,4.355,0,5.506,6.252,7.154,3.76,-0.231,-3.764,0.039,1.45,-7.871,-0.099,0,-1.247,-0.306,-0.582,0.292,2.155,0.052,0.01,-44.748,0.209,2.301,0.036,0.009,-81.891,0.258,2.978,0.003,0.008,-21.329,0.384,3.076,0.014,0.015,-14.45,0.201,3.137,0.002,0.003,-3.745,1.157,3.318,0.096,0.006,-118.156,0.521,3.42,0.019,0.012,-24.938,0.279,3.918,0.008,0.016,-12.057,0.241,4.22,0.007,0.006,-174.916,0.735,4.298,0.008,0.006,-93.201,0.697,4.355,0.073,0.011,-37.275,0.393,4.72,0.007,0.007,-79.977,0.698,5.073,0.018,0.008,-53.139,0.631,0,0,0,0,0,5.506,0.034,0.007,-61.745,0.759,5.998,0.014,0.007,-79.995,0.894,6.061,0.013,0.005,-154.823,1.152,6.252,0.004,0.008,-36.105,0.833,6.65,0.002,0.012,-11.656,0.538,6.993,0.022,0.01,-41.819,0.672,7.154,0.15,0.007,-88.224,0.991,8.292,0.029,0.012,-30.727,0.704,8.426,0.022,0.01,-41.576,0.871,5.133,0.003,0.003,-157.498,1.594,5.696,0.013,0.008,-56.388,0.728,3.76,0.006,0.009,-29.485,0.396,6.163,0.005,0.008,-38.394,0.768,11.373,0.012,0.013,-21.722,0.863
214,8645,000_000,3/29/2022 18:44,20.4,0,QPLog 10-1631 (16) rev8,FALSE,,GD,,,,,,,,,,,,,,,Fail,0,0,,2.302,0,3.318,3.422,3.923,4.357,0,5.507,6.255,7.155,0,-0.107,0,0.073,1.57,-7.624,0.017,0,-1.188,-0.164,-0.512,0,2.155,0.049,0.011,-38.356,0.198,2.302,0.038,0.01,-71.398,0.239,0,0,0,0,0,3.074,0.011,0.012,-15.852,0.253,0,0,0,0,0,3.318,0.009,0.006,-127.522,0.563,3.422,0.002,0.014,-16.765,0.251,3.923,0.007,0.01,-19.487,0.387,4.219,0.007,0.006,-168.263,0.72,4.298,0.109,0.007,-107.841,0.626,4.357,0.13,0.011,-44.854,0.408,4.721,0.008,0.007,-50.254,0.651,5.075,0.018,0.011,-37.924,0.481,0,0,0,0,0,5.507,0.059,0.008,-70.643,0.731,5.999,0.015,0.006,-91.903,1.015,6.063,0.017,0.005,-140.803,1.108,6.255,0.007,0.007,-66.961,0.913,6.651,0.002,0.011,-11.649,0.633,6.995,0.003,0.01,-27.242,0.696,7.155,0.17,0.007,-86.603,0.981,8.294,0.031,0.011,-27.92,0.759,8.428,0.022,0.01,-44.222,0.884,5.134,0.002,0.004,-113.418,1.228,5.698,0.008,0.007,-63.016,0.836,0,0,0,0,0,6.162,0.005,0.007,-43.854,0.888,11.371,0.037,0.015,-14.618,0.772
215,8645,000_000,3/8/2022 21:39,25.5,0,QPLog 10-1631 (16) rev3,FALSE,,GD,,,,,,,,,,,,,,,Fail,0,0,,2.3,2.979,3.319,3.418,3.915,4.359,0,5.507,6.255,7.157,3.758,-0.277,-3.712,0.142,1.369,-8.066,0.095,0,-1.172,-0.17,-0.396,0.121,2.147,0.078,0.007,-39.342,0.291,2.3,0.064,0.01,-79.166,0.232,2.979,0.006,0.008,-19.242,0.353,3.078,0.025,0.018,-21.947,0.171,3.126,0.004,0.003,-27.357,1.02,3.319,0.018,0.007,-110.819,0.451,3.418,0.006,0.011,-19.661,0.301,3.915,0.008,0.005,-19.756,0.868,4.219,0.012,0.006,-192.069,0.758,4.3,0.021,0.006,-125.503,0.679,4.359,0.14,0.009,-58.65,0.492,4.723,0.08,0.004,-84.8,1.211,5.076,0.036,0.009,-53.708,0.595,0,0,0,0,0,5.507,0.093,0.007,-111.137,0.836,5.999,0.026,0.006,-89.29,1.035,6.062,0.029,0.005,-182.925,1.193,6.255,0.011,0.006,-91.546,0.969,6.65,0.005,0.013,-12.611,0.502,6.998,0.006,0.01,-41.633,0.707,7.157,0.024,0.01,-34.841,0.714,8.293,0.028,0.011,-7.932,0.749,8.432,0.047,0.009,-45.794,0.944,5.134,0.003,0.004,-133.048,1.342,5.699,0.018,0.006,-127.685,0.964,3.758,0.015,0.009,-35.055,0.426,6.165,0.006,0.01,-15.078,0.64,11.375,0.003,0.005,-6.413,2.374
216,8645,000_000,3/29/2022 4:58,23.6,0,QPLog 10-1631 (16) rev8,FALSE,,GD,,,,,,,,,,,,,,,Fail,0,0,,2.302,0,3.318,3.42,3.919,4.357,0,5.507,6.252,7.154,3.756,-0.107,0,0.039,1.468,-7.839,0.018,0,-1.205,-0.306,-0.564,-0.089,2.153,0.041,0.011,-56.111,0.195,2.302,0.033,0.01,-90.71,0.223,0,0,0,0,0,3.062,0.008,0.002,-27.626,1.984,3.074,0.011,0.007,-17.041,0.47,3.318,0.008,0.007,-95.423,0.499,3.42,0.002,0.01,-18.201,0.342,3.919,0.007,0.013,-12.946,0.301,4.219,0.007,0.006,-172.868,0.703,4.299,0.111,0.007,-115.715,0.645,4.357,0.122,0.011,-46.262,0.394,4.72,0.008,0.007,-47.153,0.66,5.074,0.019,0.008,-53.663,0.601,0,0,0,0,0,5.507,0.051,0.008,-68.43,0.724,5.998,0.015,0.006,-83.755,0.924,6.062,0.016,0.005,-160.58,1.16,6.252,0.004,0.011,-31.255,0.579,6.652,0.002,0.006,-12.429,1.186,6.992,0.003,0.01,-24.365,0.698,7.154,0.162,0.007,-86.68,0.98,8.293,0.03,0.011,-26.658,0.766,8.426,0.023,0.01,-43.315,0.84,5.134,0.002,0.004,-116.699,1.279,5.698,0.008,0.009,-62.071,0.669,3.756,0.013,0.008,-37.314,0.452,6.162,0.004,0.007,-39.947,0.892,11.37,0.027,0.014,-19.077,0.795
217,8645,000_000,3/30/2022 19:50,22.2,0,QPLog 10-1631 (16) rev10,FALSE,,GD,,,,,,,,,,,,,,,Fail,0,0,,2.303,0,3.32,3.42,3.923,4.358,0,5.51,6.264,7.158,0,0.016,0,0.279,1.474,-7.634,0.055,0,-1.039,0.246,-0.349,0,2.157,0.036,0.013,-18.206,0.167,2.303,0.032,0.01,-37.078,0.234,0,0,0,0,0,3.081,0.008,0.012,-8.907,0.25,0,0,0,0,0,3.32,0.008,0.006,-62.167,0.559,3.42,0.002,0.003,-10.893,1.043,3.923,0.037,0.016,-7.961,0.244,4.222,0.051,0.006,-106.63,0.702,4.3,0.084,0.006,-69.117,0.67,4.358,0.091,0.01,-23.132,0.44,4.722,0.006,0.008,-33.114,0.6,5.078,0.023,0.008,-33.712,0.604,0,0,0,0,0,5.51,0.026,0.007,-31.703,0.744,6.002,0.014,0.006,-53.061,1.091,6.065,0.015,0.006,-79.388,1.088,6.264,0.006,0.006,-22.729,1.021,0,0,0,0,0,6.993,0.003,0.009,-28.996,0.748,7.158,0.162,0.008,-40.715,0.954,8.299,0.052,0.01,-21.793,0.844,8.432,0.014,0.01,-18.583,0.822,5.136,0.003,0.004,-122.749,1.22,5.702,0.009,0.006,-55.547,0.893,0,0,0,0,0,6.164,0.005,0.007,-35.923,0.86,11.372,0.001,0.003,-5.954,3.691
218,8645,000_000,3/8/2022 6:07,25.7,0,QPLog 10-1631 (16) rev3,FALSE,,GD,,,,,,,,,,,,,,,Fail,0,0,,2.3,0,3.317,3.42,3.914,4.357,0,5.507,6.255,7.157,3.759,-0.339,0,0.004,1.469,-8.124,0.017,0,-1.188,-0.145,-0.414,0.155,2.148,0.079,0.01,-59.921,0.205,2.3,0.059,0.01,-60.779,0.227,0,0,0,0,0,3.076,0.024,0.016,-16.427,0.195,0,0,0,0,0,3.317,0.016,0.009,-64.532,0.377,3.42,0.006,0.008,-30.954,0.44,3.914,0.008,0.002,-21.325,1.75,4.219,0.012,0.005,-236.054,0.81,4.301,0.021,0.006,-114.362,0.668,4.357,0.138,0.009,-70.088,0.504,4.723,0.078,0.004,-89.359,1.224,5.076,0.037,0.008,-72.547,0.65,0,0,0,0,0,5.507,0.09,0.006,-104.376,0.858,5.999,0.025,0.005,-101.909,1.12,6.063,0.029,0.005,-177.254,1.212,6.255,0.01,0.007,-82.412,0.878,6.649,0.005,0.005,-15.18,1.369,6.997,0.006,0.009,-41.219,0.754,7.157,0.024,0.01,-34.849,0.719,8.293,0.027,0.008,-10.447,1.097,8.431,0.046,0.009,-41.492,0.908,5.134,0.003,0.004,-106.038,1.323,5.699,0.016,0.006,-116.076,1.016,3.759,0.002,0.002,-38.286,1.728,6.165,0.006,0.007,-21.639,0.838,11.378,0.003,0.006,-7.339,1.916
,,,,,,,,,,,,,,,,,,,,,,,,,,,,,,,,,,,,,,,,,,,,,,,,,,,,,,,,,,,,,,,,,,,,,,,,,,,,,,,,,,,,,,,,,,,,,,,,,,,,,,,,,,,,,,,,,,,,,,,,,,,,,,,,,,,,,,,,,,,,,,,,,,,,,,,,,,,,,,,,,,,,,,,,,,,,,,,,,,,,,,,,,,,,,
All ZPTI Solutions Export,,,,,,,,,,,,,,,,,,,,,,,,,,,,,,,,,,,,,,,,,,,,,,,,,,,,,,,,,,,,,,,,,,,,,,,,,,,,,,,,,,,,,,,,,,,,,,,,,,,,,,,,,,,,,,,,,,,,,,,,,,,,,,,,,,,,,,,,,,,,,,,,,,,,,,,,,,,,,,,,,,,,,,,,,,,,,,,,,,,,,,,,,,,,,
Solution: Z PTI 11 pks,,,,,,,,,,,,,,,,,,,,,,,,,,,,,,,,,,,,,,,,,,,,,,,,,,,,,,,,,,,,,,,,,,,,,,,,,,,,,,,,,,,,,,,,,,,,,,,,,,,,,,,,,,,,,,,,,,,,,,,,,,,,,,,,,,,,,,,,,,,,,,,,,,,,,,,,,,,,,,,,,,,,,,,,,,,,,,,,,,,,,,,,,,,,,
DB Index,Part Name,Batch Name,Log Date,Temp,PTI State,Comment,Ref,VIPR Code/Note,Part Class,Critical Defect,Dimensional,EC,Failure Type,LPI,Picked,SubGroup,Visual,intSite,Fail Reason,NDT_Comment,Tracker Result,MfgMonth,MfgYear (YY),Result,MTS,Bias,%Error,Freq 1,Freq 2,Freq 3,Freq 4,Freq 5,Freq 6,Freq 7,Freq 8,Freq 9,Freq 10,Freq 11,Freq 1,Amp 1,ZW 1,D2 1,Q 1,Freq 2,Amp 2,ZW 2,D2 2,Q 2,Freq 3,Amp 3,ZW 3,D2 3,Q 3,Freq 4,Amp 4,ZW 4,D2 4,Q 4,Freq 5,Amp 5,ZW 5,D2 5,Q 5,Freq 6,Amp 6,ZW 6,D2 6,Q 6,Freq 7,Amp 7,ZW 7,D2 7,Q 7,Freq 8,Amp 8,ZW 8,D2 8,Q 8,Freq 9,Amp 9,ZW 9,D2 9,Q 9,Freq 10,Amp 10,ZW 10,D2 10,Q 10,Freq 11,Amp 11,ZW 11,D2 11,Q 11,Freq 12,Amp 12,ZW 12,D2 12,Q 12,Freq 13,Amp 13,ZW 13,D2 13,Q 13,Freq 14,Amp 14,ZW 14,D2 14,Q 14,Freq 15,Amp 15,ZW 15,D2 15,Q 15,Freq 16,Amp 16,ZW 16,D2 16,Q 16,Freq 17,Amp 17,ZW 17,D2 17,Q 17,Freq 18,Amp 18,ZW 18,D2 18,Q 18,Freq 19,Amp 19,ZW 19,D2 19,Q 19,Freq 20,Amp 20,ZW 20,D2 20,Q 20,Freq 21,Amp 21,ZW 21,D2 21,Q 21,Freq 22,Amp 22,ZW 22,D2 22,Q 22,Freq 23,Amp 23,ZW 23,D2 23,Q 23,Freq 24,Amp 24,ZW 24,D2 24,Q 24,Freq 25,Amp 25,ZW 25,D2 25,Q 25,Freq 26,Amp 26,ZW 26,D2 26,Q 26,Freq 27,Amp 27,ZW 27,D2 27,Q 27,Freq 28,Amp 28,ZW 28,D2 28,Q 28,,,,,,,,,,,
,,,,,,,,,,,,,,,,,,,,,,,,,,,,,,,,,,,,,,,,,,,,,,,,,,,,,,,,,,,,,,,,,,,,,,,,,,,,,,,,,,,,,,,,,,,,,,,,,,,,,,,,,,,,,,,,,,,,,,,,,,,,,,,,,,,,,,,,,,,,,,,,,,,,,,,,,,,,,,,,,,,,,,,,,,,,,,,,,,,,,,,,,,,,,
0,2386,44478549_11846,9/24/2021 17:14,23.4,2,Failed Sort COL1-001 OB 10-1631_PIK_SORT rev10  09/24/21 07:40,FALSE,,GD,No Defect,Pass,Pass,Green,Pass,Pass,Green,Pass,100_LVL (old),none,,,3,2011,Pass,0,0,,2.164,2.29,3.023,3.118,3.138,3.313,3.366,4.04,4.209,4.251,4.337,-1.379,0.167,-0.442,-1.787,-1.484,-1.143,-1.845,-0.619,-1.871,-0.716,-1.521,2.164,0.064,0.012,-59.769,0.179,2.29,0.044,0.005,-138.765,0.417,3.023,0.019,0.007,-64.506,0.442,3.118,0.042,0.009,-74.08,0.353,3.138,0.018,0.005,-206.788,0.682,3.313,0.016,0.007,-67.883,0.445,3.366,0.008,0.007,-57.478,0.476,4.04,0.016,0.009,-54.998,0.455,4.209,0.011,0.007,-124.197,0.607,4.251,0.011,0.008,-56.837,0.535,4.337,0.111,0.007,-78.52,0.582,4.713,0.008,0.007,-73.892,0.633,5.048,0.017,0.01,-62.456,0.509,5.163,0.079,0.007,-95.459,0.755,5.517,0.057,0.007,-100.159,0.788,5.994,0.007,0.008,-31.72,0.737,6.051,0.019,0.006,-73.291,0.997,6.216,0.061,0.008,-90.706,0.824,6.605,0.025,0.009,-61.731,0.775,6.926,0.006,0.007,-28.349,0.998,7.151,0.052,0.011,-38.907,0.678,8.284,0.004,0.006,-18.699,1.46,8.341,0.009,0.018,-10.575,0.466,5.111,0.01,0.007,-83.905,0.683,5.678,0.013,0.008,-102.972,0.713,3.743,0.034,0.008,-79.604,0.489,6.118,0.053,0.008,-71.743,0.75,11.36,0.007,0.012,-14.908,0.909
1,4309,44500617_1450,9/24/2021 17:00,23.4,2,Failed Sort COL1-001 OB 10-1631_PIK_SORT rev10  09/24/21 07:26,FALSE,,GD,No Defect,Pass,Pass,Green,Pass,Pass,Green,Pass,100_LVL (old),none,,,2,2012,Pass,0,0,,2.16,2.289,3.016,3.118,3.151,3.314,3.367,4.033,4.2,4.249,4.339,-1.541,-0.403,-0.339,-1.707,-1.857,-1.027,-1.82,-0.975,-1.545,-1.574,-1.352,2.16,0.057,0.013,-38.584,0.165,2.289,0.055,0.01,-52.863,0.221,3.016,0.018,0.011,-44.889,0.268,3.118,0.04,0.01,-51.721,0.316,3.151,0.013,0.005,-129.914,0.639,3.314,0.018,0.007,-85.564,0.463,3.367,0.012,0.008,-52.296,0.4,4.033,0.01,0.011,-41.39,0.38,4.2,0.014,0.007,-120.257,0.621,4.249,0.014,0.008,-64.201,0.52,4.339,0.178,0.007,-77.441,0.622,4.698,0.011,0.008,-54.775,0.589,5.04,0.031,0.009,-68.037,0.567,5.164,0.01,0.008,-46.533,0.654,5.511,0.063,0.008,-87.877,0.685,5.982,0.008,0.015,-17.351,0.388,6.049,0.005,0.007,-51.383,0.855,6.223,0.056,0.009,-62.244,0.72,6.609,0.021,0.008,-41.902,0.823,6.96,0.026,0.009,-71.803,0.802,7.134,0.053,0.013,-25.322,0.563,8.262,0.008,0.019,-11.143,0.428,8.342,0.008,0.012,-21.505,0.673,5.108,0.046,0.006,-77.601,0.805,5.68,0.011,0.009,-65.999,0.604,3.744,0.251,0.008,-67.242,0.457,6.118,0.038,0.007,-99.283,0.848,11.321,0.02,0.013,-20.177,0.877
2,8060,44539676_1450,10/15/2021 20:53,24.4,2,Failed Sort COL1-001 OB 10-1631_PIK_SORT rev10  10/15/21 11:20,FALSE,,UN,No Defect,Pass,Not Done,,Not Done,Pass,,Not Done,100_LVL (old),,,,0,0,Pass,0,0,,2.188,2.301,3.018,3.131,3.171,3.315,3.405,4.082,4.202,4.293,4.37,-0.198,-0.281,-0.27,0.551,0.714,0.752,0.375,0.829,0.365,1.142,-0.224,2.188,0.069,0.01,-43.372,0.219,2.301,0.072,0.008,-72.105,0.275,3.018,0.022,0.008,-48.996,0.365,3.131,0.041,0.006,-156.545,0.515,3.171,0.034,0.009,-52.433,0.358,3.315,0.023,0.007,-77.784,0.464,3.405,0.012,0.011,-44.414,0.32,4.082,0.012,0.01,-30.725,0.397,4.202,0.019,0.006,-146.248,0.673,4.293,0.013,0.01,-45.01,0.448,4.37,0.028,0.008,-64.199,0.526,4.738,0.018,0.007,-49.212,0.651,5.077,0.315,0.009,-65.93,0.574,5.208,0.015,0.01,-29.587,0.504,5.541,0.009,0.009,-48.513,0.6,6.002,0.011,0.011,-38.902,0.568,6.075,0.012,0.013,-20.717,0.46,6.267,0.011,0.01,-38.318,0.611,6.641,0.004,0.009,-29.287,0.715,6.954,0.019,0.006,-23.262,1.126,7.188,0.095,0.013,-19.349,0.56,8.306,0.017,0.009,-16.216,0.95,8.402,0.029,0.022,-8.979,0.387,5.135,0.043,0.005,-108.631,1.005,5.701,0.009,0.005,-13.323,1.201,3.755,0.046,0.008,-72.967,0.491,6.153,0.008,0.008,-60.119,0.758,11.428,0.017,0.015,-21.109,0.769
3,6551,44530128_1450,10/13/2021 21:38,25.3,2,Failed Sort COL1-001 OB 10-1631_PIK_SORT rev10  10/13/21 12:04,FALSE,,GD,No Defect,Pass,Pass,Green,Pass,Pass,Green,Pass,100_LVL (old),_none,,,12,15,Pass,0,0,,2.153,2.29,3.009,3.112,3.143,3.305,3.361,4.024,4.183,4.242,4.34,-1.425,-1.059,-1.266,-2.074,-2.299,-0.982,-2.618,-1.796,-1.831,-1.996,-1.482,2.153,0.078,0.014,-49.32,0.155,2.29,0.066,0.005,-141.673,0.464,3.009,0.023,0.01,-68.318,0.294,3.112,0.058,0.009,-54.796,0.335,3.143,0.02,0.005,-128.79,0.579,3.305,0.022,0.008,-84.207,0.436,3.361,0.012,0.008,-53.544,0.411,4.024,0.017,0.01,-38.266,0.413,4.183,0.014,0.006,-130.35,0.657,4.242,0.026,0.008,-64.246,0.517,4.34,0.021,0.008,-64.606,0.558,4.699,0.015,0.009,-72.294,0.551,5.027,0.037,0.009,-65.215,0.582,5.148,0.02,0.008,-52.957,0.664,5.497,0.009,0.008,-67.573,0.723,5.961,0.014,0.009,-46.12,0.637,6.018,0.012,0.011,-34.385,0.57,6.217,0.115,0.008,-86.788,0.809,6.594,0.031,0.008,-58.088,0.788,6.889,0.014,0.006,-45.032,1.125,7.125,0.113,0.014,-23.533,0.493,8.26,0.03,0.014,-17.745,0.573,8.349,0.037,0.014,-21.25,0.602,5.081,0.013,0.006,-160.655,0.913,5.667,0.013,0.009,-61.333,0.61,3.743,0.041,0.008,-68.58,0.465,6.101,0.013,0.007,-72.966,0.825,11.287,0.006,0.01,-29.405,1.082
4,4258,44511938_1450,10/12/2021 16:50,25.2,2,Failed Sort COL1-001 OB 10-1631_PIK_SORT rev10  10/12/21 07:16,FALSE,,GD,No Defect,Not Done,Pass,Green,Pass,Pass,Green,Pass,100_LVL (old),none,,,1,2012,Pass,0,0,,2.175,2.298,2.998,3.118,3.156,3.314,3.396,4.072,4.199,4.287,4.373,-0.491,-1.975,-0.339,0.036,0.195,0.948,0.005,-0.127,-0.312,-0.109,-0.924,2.175,0.078,0.01,-53.41,0.209,2.298,0.095,0.008,-104.118,0.277,2.998,0.021,0.008,-77.127,0.36,3.118,0.034,0.007,-112.562,0.467,3.156,0.028,0.01,-45.641,0.309,3.314,0.021,0.007,-79.829,0.457,3.396,0.014,0.009,-52.776,0.381,4.072,0.013,0.009,-46.608,0.446,4.199,0.018,0.006,-156.506,0.679,4.287,0.017,0.008,-99.492,0.567,4.373,0.03,0.008,-71.141,0.539,4.727,0.021,0.009,-70.748,0.538,5.065,0.339,0.009,-80.467,0.547,5.201,0.019,0.008,-41.119,0.614,5.525,0.095,0.008,-87.831,0.692,5.983,0.013,0.009,-64.958,0.669,6.058,0.018,0.012,-28.708,0.518,6.252,0.016,0.008,-63.78,0.787,6.627,0.004,0.008,-33.741,0.835,6.918,0.018,0.006,-54.956,1.119,7.163,0.134,0.012,-30.674,0.598,8.293,0.028,0.009,-31.419,0.946,8.38,0.038,0.018,-13.903,0.47,5.11,0.007,0.005,-104.049,0.931,5.698,0.013,0.01,-58.065,0.548,3.748,0.041,0.007,-83.457,0.503,6.137,0.008,0.006,-68.42,1.068,11.36,0.018,0.011,-29.198,1
5,6393,44511946_1450,9/30/2021 19:56,25,2,Failed Sort COL1-001 OB 10-1631_PIK_SORT rev10  09/30/21 10:22,FALSE,,GD,No Defect,Not Done,Pass,Green,Pass,Pass,Green,Pass,100_LVL (old),none,,,9,2015,Pass,0,0,,2.178,2.301,3.028,3.135,3.165,3.325,3.398,4.081,4.222,4.294,4.377,-0.244,0.595,0.794,0.154,0.701,1.144,0.494,1.212,0.082,0.781,0.914,2.178,0.076,0.012,-69.65,0.179,2.301,0.067,0.006,-128.383,0.356,3.028,0.023,0.007,-67.09,0.437,3.135,0.045,0.006,-134.295,0.496,3.165,0.036,0.006,-96.383,0.575,3.325,0.019,0.008,-67.455,0.423,3.398,0.01,0.008,-57.414,0.442,4.081,0.019,0.008,-67.872,0.501,4.222,0.012,0.006,-123.098,0.653,4.294,0.018,0.007,-87.182,0.584,4.377,0.018,0.007,-76.544,0.606,4.736,0.014,0.01,-55.624,0.474,5.08,0.031,0.008,-67.732,0.61,5.21,0.018,0.007,-58.47,0.7,5.548,0.055,0.006,-71.288,0.859,6.018,0.016,0.01,-46.602,0.618,6.078,0.012,0.009,-47.439,0.683,6.261,0.013,0.008,-81.73,0.794,6.651,0.005,0.008,-47.848,0.788,6.963,0.019,0.006,-47.05,1.173,7.181,0.121,0.01,-42.714,0.705,8.327,0.028,0.014,-21.089,0.579,8.409,0.027,0.014,-21.972,0.598,5.139,0.01,0.006,-142.234,0.812,5.714,0.015,0.013,-129.929,0.437,3.766,0.313,0.007,-83.109,0.517,6.161,0.012,0.007,-75.648,0.853,11.417,0.008,0.01,-35.592,1.14
6,8057,44700699_1450,2/7/2022 19:03,22.4,2,QPLog 10-1631 (16) rev4,FALSE,,GD,No Defect,Pass,Pass,Green,Pass,Pass,Green,Pass,100_LVL (old),none,,,8,2017,Pass,0,0,,2.183,2.305,3.018,3.13,3.169,3.334,3.413,4.089,4.239,4.306,4.376,0.198,-0.263,1.703,1.051,1.082,1.105,1.301,1.182,0.81,0.994,0.834,2.183,0.034,0.01,-70.162,0.217,2.305,0.052,0.01,-67.474,0.241,3.018,0.014,0.009,-49.475,0.318,3.13,0.022,0.006,-159.486,0.555,3.169,0.012,0.007,-70.053,0.423,3.334,0.013,0.007,-84.533,0.456,3.413,0.012,0.011,-24.063,0.309,4.089,0.003,0.003,-51.895,1.39,4.239,0.012,0.006,-163.6,0.67,4.306,0.022,0.008,-76.733,0.515,4.376,0.027,0.007,-70.717,0.624,4.738,0.018,0.008,-56.447,0.625,5.092,0.041,0.008,-73.097,0.655,5.227,0.006,0.006,-52.008,0.861,5.547,0.095,0.008,-74.574,0.715,6.032,0.011,0.007,-33.809,0.827,6.109,0.008,0.006,-113.685,1.068,6.277,0.008,0.007,-83.432,0.939,6.663,0.002,0.009,-27.15,0.758,6.962,0.007,0.002,-4.458,3.217,7.185,0.04,0.015,-20.852,0.491,8.332,0.006,0.006,-88.717,1.412,8.415,0.011,0.015,-21.705,0.58,5.16,0.003,0.003,-76.112,1.581,5.718,0.011,0.009,-133.173,0.65,3.765,0.027,0.007,-114.098,0.545,6.179,0.003,0.003,-229,2.385,11.409,0.051,0.018,-7.96,0.629
7,4798,44824167_1450,4/11/2022 22:51,24.2,2,QPLog 10-1631 (16) rev3,FALSE,,B3,Non-Critical Defect,Pass,Pass,Blue,Pass,Pass,Yellow,Fail,100_LVL (old),_ImpactDamage,,,12,2012,Pass,0,0,,2.172,2.296,3.009,3.128,3.163,3.32,3.399,4.08,4.213,4.287,4.358,-0.751,-1.02,0.245,0.213,0.615,0.055,0.266,0.094,-0.303,0.156,-0.392,2.172,0.031,0.013,-42.452,0.165,2.296,0.038,0.011,-92.518,0.214,3.009,0.009,0.008,-53.435,0.366,3.128,0.024,0.006,-148.388,0.558,3.163,0.011,0.008,-49.898,0.409,3.32,0.01,0.007,-61.721,0.469,3.399,0.007,0.007,-40.279,0.457,4.08,0.004,0.008,-37.772,0.489,4.213,0.007,0.005,-106.085,0.802,4.287,0.011,0.007,-91.977,0.589,4.358,0.159,0.007,-80.036,0.654,4.726,0.009,0.009,-50.49,0.549,5.071,0.022,0.008,-53.664,0.615,5.206,0.009,0.007,-42.09,0.741,5.529,0.044,0.006,-117.24,0.969,6.006,0.007,0.008,-35.688,0.726,6.065,0.006,0.007,-38.336,0.857,6.252,0.006,0.006,-78.708,1.018,6.641,0.001,0.005,-75.867,1.313,6.951,0.006,0.003,-6.114,2.443,7.168,0.045,0.011,-25.034,0.624,8.302,0.005,0.007,-27.077,1.247,8.404,0.005,0.01,-19.467,0.872,5.127,0.003,0.004,-88.455,1.311,5.705,0.011,0.007,-102.757,0.876,3.754,0.148,0.008,-75.634,0.486,6.149,0.004,0.005,-68.837,1.227,11.372,0.042,0.013,-18.551,0.879
8,4798,44824167_1450,4/13/2022 19:17,23.9,3,QPLog 10-1631 (16) rev3,FALSE,,B2,Non-Critical Defect,Pass,Pass,Blue,Pass,Pass,Yellow,Fail,100_LVL (old),_ImpactDamage,,,12,2012,Pass,0,0,,2.177,2.3,3.012,3.13,3.167,3.323,3.403,4.077,4.219,4.293,4.365,-0.322,-0.823,0.554,0.471,0.478,0.459,0.665,0.563,0.068,0.727,0.166,2.177,0.029,0.009,-62.117,0.255,2.3,0.035,0.01,-90.017,0.228,3.012,0.008,0.008,-52.203,0.391,3.13,0.02,0.006,-142.106,0.562,3.167,0.009,0.007,-64.261,0.455,3.323,0.008,0.009,-40.122,0.367,3.403,0.006,0.008,-31.996,0.407,4.077,0.003,0.002,-9.787,2.094,4.219,0.007,0.006,-119.286,0.707,4.293,0.01,0.008,-64.877,0.558,4.365,0.15,0.008,-75.221,0.566,4.733,0.008,0.009,-44.246,0.534,5.079,0.02,0.009,-42.011,0.558,5.214,0.062,0.007,-46.173,0.799,5.537,0.048,0.006,-107.999,0.903,6.015,0.006,0.008,-38.246,0.737,6.075,0.006,0.007,-48.306,0.901,6.26,0.005,0.007,-54.673,0.896,6.649,0.001,0.005,-64.02,1.217,6.964,0.006,0.002,-8.855,4.072,7.18,0.037,0.013,-20.33,0.571,8.313,0.001,0.006,-10.708,1.47,8.417,0.004,0.011,-19.016,0.77,5.135,0.003,0.003,-127.956,1.638,5.712,0.008,0.007,-115.928,0.826,3.759,0.13,0.008,-72.229,0.482,6.16,0.003,0.007,-47.476,0.84,11.387,0.053,0.015,-12.39,0.741
9,4587,44829892_1450,4/21/2022 18:15,25.5,2,QPLog 10-1631 (16) rev11,FALSE,,UN,,Not Done,Not Done,,Not Done,Pass,,Not Done,300_FW,,,,0,0,Pass,0,0,,2.168,2.292,3.019,3.131,3.166,3.321,3.403,4.078,4.209,4.287,4.356,-1.125,-0.21,0.348,0.473,0.516,-0.08,0.191,0.152,-0.085,0.501,-1.063,2.168,0.064,0.01,-10.935,0.222,2.292,0.04,0.005,-5.987,0.438,3.019,0.026,0.006,-112.473,0.512,3.131,0.039,0.006,-176.275,0.545,3.166,0.037,0.006,-111.266,0.49,3.321,0.021,0.006,-92.189,0.538,3.403,0.01,0.009,-49.6,0.391,4.078,0.014,0.006,-97.637,0.672,4.209,0.012,0.006,-219.099,0.738,4.287,0.029,0.005,-158.305,0.787,4.356,0.02,0.005,-113.009,0.808,4.725,0.018,0.008,-62.239,0.562,5.07,0.035,0.008,-74.349,0.606,5.204,0.019,0.007,-79.598,0.754,5.53,0.013,0.006,-135.854,0.938,6.014,0.024,0.004,-143.56,1.558,6.071,0.021,0.005,-162.41,1.196,6.257,0.019,0.005,-151.134,1.19,6.646,0.005,0.008,-47.894,0.877,6.955,0.002,0.003,-9.346,2.531,7.175,0.026,0.008,-72.612,0.947,8.314,0.03,0.01,-36.271,0.825,8.408,0.063,0.009,-59.753,0.965,5.128,0.013,0.006,-144.493,0.819,5.704,0.012,0.005,-106.331,1.064,3.747,0.028,0.006,-93.039,0.628,6.154,0.008,0.006,-98.266,1.048,11.389,0.012,0.01,-26.863,1.151
10,6139,44845047_1450,4/26/2022 20:20,23.3,2,QPLog 10-1631 (16) rev5,FALSE,,GD,No Defect,Not Done,Not Done,Green,Not Done,Pass,Green,Not Done,100_LVL (old),none,,,4,2015,Pass,0,0,,2.177,2.295,3.026,3.136,3.168,3.312,3.394,4.064,4.195,4.269,4.347,-0.826,0.395,-0.511,-0.064,-0.239,-0.58,-0.416,-0.167,-0.071,-0.048,0.278,2.177,0.031,0.011,-40.485,0.192,2.295,0.027,0.014,-67.899,0.169,3.026,0.008,0.008,-38.648,0.377,3.136,0.024,0.007,-86.881,0.469,3.168,0.008,0.003,-196.381,0.96,3.312,0.011,0.007,-61.769,0.464,3.394,0.004,0.01,-25.964,0.337,4.064,0.006,0.007,-29.538,0.542,4.195,0.007,0.006,-99.997,0.646,4.269,0.006,0.008,-59.63,0.555,4.347,0.099,0.007,-60.799,0.609,4.718,0.005,0.01,-37.961,0.471,5.054,0.015,0.009,-41.871,0.549,5.192,0.073,0.008,-42.068,0.65,5.524,0.007,0.003,-110.499,2.157,5.985,0.005,0.008,-32.891,0.785,6.051,0.005,0.005,-26.403,1.297,6.257,0.033,0.008,-57.134,0.811,6.644,0.001,0.005,-87.623,1.301,6.986,0.011,0.009,-41.166,0.797,7.164,0.039,0.012,-22.299,0.621,8.306,0.006,0.004,-12.655,1.958,8.41,0.004,0.014,-15.042,0.595,5.106,0.003,0.004,-98.588,1.218,5.698,0.012,0.007,-68.566,0.847,3.76,0.019,0.006,-81.075,0.592,6.128,0.002,0.005,-104.612,1.312,11.372,0.003,0.01,-19.938,1.128
11,6141,44845052_1450,4/26/2022 18:06,24.7,2,QPLog 10-1631 (16) rev5,FALSE,,GD,No Defect,Not Done,Not Done,Green,Not Done,Pass,Green,Not Done,100_LVL (old),none,,,4,2015,Fail,0,0,,2.161,2.28,3,3.112,3.144,3.285,3.379,4.042,4.157,4.24,4.312,-2.438,-1.834,-3.309,-1.009,-1.379,-2.573,-1.653,-2.377,-1.574,-2.215,-3.094,2.161,0.027,0.011,-54.577,0.199,2.28,0.033,0.008,-78.965,0.275,3,0.008,0.008,-64.108,0.375,3.112,0.019,0.007,-95.423,0.477,3.144,0.008,0.005,-75.094,0.683,3.285,0.009,0.007,-53.994,0.463,3.379,0.005,0.008,-33.901,0.416,4.042,0.004,0.002,-49.858,2.21,4.157,0.007,0.006,-103.972,0.64,4.24,0.007,0.006,-58.918,0.731,4.312,0.15,0.006,-92.09,0.769,4.684,0.008,0.008,-58.421,0.564,5.017,0.022,0.008,-56.206,0.629,5.167,0.009,0.007,-31.44,0.716,5.487,0.003,0.006,-89.473,0.88,5.938,0.006,0.006,-54.583,1.032,6.011,0.007,0.008,-20.962,0.712,6.223,0.006,0.006,-73.086,1.006,6.609,0.001,0.005,-67.96,1.387,6.94,0.011,0.009,-43.281,0.745,7.121,0.032,0.016,-13.896,0.444,8.254,0.007,0.013,-10.604,0.635,8.369,0.005,0.009,-25.551,0.958,5.085,0.004,0.006,-108.75,0.818,5.663,0.01,0.008,-58.583,0.71,3.728,0.014,0.007,-55.396,0.499,6.107,0.003,0.006,-79.12,0.997,11.302,0.004,0.01,-11.458,1.103
12,4291,44877059_1450,5/12/2022 0:27,27.7,2,QPLog 10-1631 (16) rev8,FALSE,,UN,,Not Done,Not Done,,Not Done,Pass,,Not Done,300_FW,,,,0,0,Pass,0,0,,2.176,2.3,3.005,3.125,3.147,3.312,3.379,4.047,4.198,4.256,4.334,-0.26,-1.415,-0.579,-0.969,-1.122,-1.322,-1.232,-1.4,-1.018,-1.261,-1.398,2.176,0.088,0.012,-35.625,0.176,2.3,0.115,0.01,-47.347,0.221,3.005,0.031,0.005,-163.977,0.582,3.125,0.065,0.005,-199.671,0.58,3.147,0.024,0.001,-84.436,2.373,3.312,0.022,0.007,-92.162,0.46,3.379,0.012,0.011,-47.68,0.312,4.047,0.012,0.008,-64.624,0.509,4.198,0.014,0.006,-203.884,0.713,4.256,0.025,0.006,-162.686,0.74,4.334,0.025,0.005,-111.661,0.891,4.699,0.02,0.007,-132.468,0.715,5.043,0.036,0.008,-74.139,0.631,5.176,0.02,0.007,-75.125,0.732,5.503,0.015,0.005,-167.915,1.083,5.982,0.022,0.006,-142.755,0.935,6.041,0.016,0.005,-175.163,1.223,6.235,0.019,0.005,-170.281,1.179,6.618,0.004,0.009,-27.455,0.725,6.935,0.006,0.005,-72.371,1.467,7.14,0.02,0.009,-43.875,0.802,8.275,0.059,0.01,-46.26,0.822,8.374,0.052,0.009,-57.409,0.945,5.105,0.007,0.005,-145.744,1.12,5.687,0.013,0.009,-50.171,0.627,3.744,0.02,0.008,-55.38,0.489,6.124,0.01,0.006,-113.263,1.072,11.318,0.008,0.012,-22.363,0.91
13,9066,44855001_355,5/17/2022 19:45,24.3,2,,FALSE,,UN,,Not Done,Not Done,,Not Done,Pass,,Not Done,100_LVL (old),,,,0,0,Pass,0,0,,2.19,2.304,3.016,3.137,3.185,3.319,3.428,4.11,4.214,4.304,4.385,0.078,-0.434,0.21,1.941,2.184,1.605,1.477,0.283,0.867,1.297,0.278,2.19,0.029,0.009,-44.961,0.236,2.304,0.022,0.01,-56.746,0.234,3.016,0.007,0.007,-39.171,0.432,3.137,0.018,0.006,-111.665,0.542,3.185,0.012,0.01,-30.945,0.33,3.319,0.01,0.007,-51.662,0.463,3.428,0.004,0.008,-19.316,0.413,4.11,0.005,0.009,-28,0.441,4.214,0.005,0.006,-106.377,0.689,4.304,0.004,0.005,-26.032,0.9,4.385,0.009,0.007,-47.28,0.592,4.746,0.007,0.008,-40.238,0.578,5.097,0.015,0.009,-36.187,0.587,5.23,0.007,0.004,-35.445,1.193,5.532,0.005,0.002,-24.675,3.592,6.018,0.004,0.002,-29.189,3.983,6.08,0.005,0.005,-46.503,1.146,6.279,0.004,0.006,-45.044,1.03,6.658,0,0.005,-73.533,1.306,6.985,0.002,0.009,-54.44,0.749,7.191,0.037,0.012,-20.485,0.581,8.336,0.005,0.005,-11.279,1.524,8.426,0.003,0.006,-31.789,1.357,5.136,0.003,0.003,-119.416,1.569,5.712,0.006,0.007,-98.731,0.796,3.76,0.121,0.009,-62.384,0.44,6.172,0.004,0.004,-62.25,1.421,11.421,0.018,0.01,-20.201,1.091
14,D0138,44868963_1450,5/5/2022 21:36,24.8,2,QPLog 10-1631 (16) rev8,FALSE,,GD,No Defect,Pass,Pass,Green,Pass,Pass,Green,Pass,200_LA (old),none,,,11,2018,Pass,0,0,,2.195,2.323,3.026,3.144,3.175,3.316,3.413,4.09,4.206,4.283,4.372,2.169,0.473,-0.167,1.072,1.155,0.883,1.193,0.781,0.577,0.944,0.413,2.195,0.119,0.004,-35.737,0.626,2.323,0.105,0.003,-19.958,0.665,3.026,0.036,0.008,-73.765,0.366,3.144,0.077,0.006,-192.476,0.552,3.175,0.08,0.007,-93.419,0.44,3.316,0.048,0.007,-101.345,0.506,3.413,0.027,0.006,-100.084,0.585,4.09,0.024,0.005,-138.264,0.835,4.206,0.022,0.004,-212.087,0.939,4.283,0.019,0.005,-121.311,0.81,4.372,0.057,0.006,-104.682,0.783,4.731,0.038,0.007,-112.688,0.72,5.09,0.079,0.009,-78.883,0.597,5.224,0.045,0.004,-219.897,1.403,5.541,0.026,0.005,-194.609,1.14,6.018,0.055,0.006,-169.153,1.046,6.072,0.06,0.005,-151.843,1.113,6.272,0.036,0.005,-155.361,1.16,6.671,0.007,0.006,-53.831,1.038,6.996,0.008,0.011,-47.08,0.63,7.184,0.046,0.008,-56.751,0.874,8.327,0.021,0.01,-49.798,0.808,8.442,0.144,0.009,-54.049,0.926,5.127,0.014,0.003,-194.404,1.581,5.701,0.006,0.007,-104.148,0.863,3.761,0.044,0.011,-33.426,0.356,6.171,0.02,0.006,-147.633,1.095,11.394,0.007,0.014,-11.066,0.812
15,D0522,44884666_1450,5/16/2022 22:10,24.1,2,QPLog 10-1631 (16) rev8,FALSE,,GD,No Defect,Pass,Pass,Green,Pass,Pass,Green,Pass,200_LA (old),none,,,3,2019,Pass,0,0,,2.199,2.311,3.018,3.134,3.172,3.315,3.412,4.091,4.198,4.302,4.371,0.898,-0.265,-0.202,0.952,1.178,0.787,0.547,1.215,0.183,2.072,0.348,2.199,0.146,0.009,-53.422,0.247,2.311,0.194,0.01,-72.847,0.239,3.018,0.032,0.009,-67.976,0.344,3.134,0.062,0.005,-214.708,0.597,3.172,0.069,0.007,-107.075,0.478,3.315,0.038,0.005,-117.779,0.611,3.412,0.019,0.007,-88.849,0.496,4.091,0.023,0.006,-113.045,0.688,4.198,0.018,0.007,-171.502,0.643,4.302,0.029,0.007,-133.687,0.649,4.371,0.055,0.006,-121.605,0.716,4.744,0.04,0.007,-116.57,0.721,5.093,0.071,0.008,-90.913,0.671,5.211,0.042,0.004,-132.139,1.213,5.548,0.013,0.004,-99.548,1.449,5.999,0.022,0.005,-251.651,1.316,6.073,0.069,0.007,-108.193,0.922,6.263,0.033,0.006,-135.675,1.093,6.648,0.008,0.007,-64.077,0.97,6.973,0.012,0.008,-81.806,0.928,7.207,0.062,0.008,-73.368,0.926,8.344,0.066,0.01,-22.194,0.85,8.416,0.192,0.012,-33.293,0.698,5.121,0.013,0.003,-154.158,1.681,5.702,0.004,0.006,-102.912,0.896,3.761,0.039,0.009,-52.455,0.431,6.159,0.02,0.005,-121.292,1.191,11.384,0.022,0.01,-31.262,1.086
16,2798,44897784_1450,5/23/2022 22:15,25.3,2,QPLog 10-1631 (16) rev10,FALSE,,UN,,Not Done,Not Done,,Not Done,Pass,,Not Done,300_FW,,,,0,0,Pass,0,0,,2.185,2.301,3.033,3.14,3.164,3.335,3.397,4.073,4.227,4.302,4.394,-0.183,1.002,1.807,0.115,0.234,2.163,0.466,0.739,0.301,0.523,1.284,2.185,0.078,0.006,-48.896,0.337,2.301,0.107,0.007,-14.157,0.341,3.033,0.026,0.009,-58.977,0.351,3.14,0.062,0.006,-180.389,0.565,3.164,0.042,0.003,-168.365,0.909,3.335,0.029,0.007,-91.061,0.45,3.397,0.013,0.012,-41.655,0.29,4.073,0.015,0.007,-78.171,0.621,4.227,0.023,0.005,-203.063,0.821,4.302,0.015,0.006,-182.35,0.758,4.394,0.022,0.007,-92.406,0.632,4.744,0.019,0.009,-80.958,0.541,5.079,0.036,0.01,-57.061,0.524,5.21,0.024,0.006,-108.87,0.846,5.54,0.011,0.006,-149.894,0.978,6.01,0.034,0.006,-128.113,0.945,6.087,0.019,0.005,-162.176,1.133,6.266,0.023,0.006,-146.174,1.102,6.649,0.007,0.007,-68.961,0.91,6.964,0.003,0.005,-53.19,1.335,7.176,0.029,0.008,-73.251,0.941,8.32,0.004,0.007,-29.636,1.227,8.406,0.05,0.009,-44.591,0.913,5.14,0.013,0.005,-189.195,1.124,5.713,0.015,0.006,-100.597,1.017,3.769,0.02,0.005,-75.198,0.758,6.156,0.01,0.007,-96.572,0.93,11.417,0.01,0.011,-21.748,1.045
17,2798,44897784_1450,5/25/2022 1:15,25.2,2,QPLog 10-1631 (16) rev11,FALSE,,UN,,Not Done,Not Done,,Not Done,Pass,,Not Done,300_FW,,,,0,0,Pass,0,0,,2.182,2.33,3.032,3.139,3.163,3.334,3.396,4.074,4.227,4.301,4.393,2.916,0.975,1.772,0.054,0.306,2.086,0.402,0.739,0.344,0.483,1.4,2.182,0.108,0.004,-8.563,0.531,2.33,0.094,0.014,-8.721,0.17,3.032,0.023,0.008,-59.494,0.398,3.139,0.056,0.006,-185.068,0.54,3.163,0.041,0.004,-129.349,0.818,3.334,0.027,0.007,-83.116,0.451,3.396,0.01,0.009,-41.638,0.391,4.074,0.02,0.007,-93.138,0.583,4.227,0.02,0.005,-212.908,0.806,4.301,0.011,0.006,-183.374,0.679,4.393,0.017,0.006,-99.434,0.739,4.743,0.017,0.01,-64.545,0.497,5.077,0.027,0.008,-74.757,0.611,5.209,0.022,0.006,-94.511,0.945,5.54,0.009,0.005,-110.769,1.188,6.009,0.033,0.006,-133.786,1.021,6.086,0.014,0.005,-171.621,1.215,6.267,0.021,0.006,-136.572,1.084,6.649,0.005,0.007,-59.262,0.934,6.964,0.002,0.005,-45.434,1.326,7.175,0.025,0.007,-84.504,1.008,8.319,0.004,0.008,-19.976,1.051,8.406,0.005,0.008,-42.355,1,5.14,0.014,0.004,-204.537,1.206,5.715,0.016,0.006,-103.836,0.924,3.771,0.019,0.005,-74.45,0.75,6.156,0.011,0.007,-72.713,0.85,11.418,0.005,0.01,-22.679,1.101
18,4282,44933250_1450,6/18/2022 17:35,25.9,2,,FALSE,,UN,,Not Done,Not Done,,Not Done,Pass,,Not Done,300_FW,,,,0,0,Pass,0,0,,2.181,2.317,3.006,3.121,3.155,3.318,3.392,4.07,4.202,4.281,4.358,1.457,-1.274,0.107,-0.234,0.112,0.074,-0.193,0.067,-0.296,0.271,-0.353,2.181,0.099,0.007,-10.291,0.306,2.317,0.101,0.012,-15.379,0.198,3.006,0.031,0.006,-132.898,0.472,3.121,0.044,0.006,-167.117,0.53,3.155,0.041,0.006,-126.685,0.522,3.318,0.024,0.007,-85.431,0.459,3.392,0.012,0.006,-72.054,0.555,4.07,0.014,0.008,-76.696,0.535,4.202,0.012,0.006,-159.934,0.756,4.281,0.025,0.006,-127.63,0.709,4.358,0.023,0.006,-125.943,0.75,4.728,0.018,0.007,-93.848,0.674,5.064,0.033,0.008,-85.001,0.628,5.197,0.02,0.008,-69.246,0.692,5.528,0.013,0.005,-134.517,1.047,5.995,0.022,0.005,-196.233,1.157,6.052,0.027,0.006,-113.874,1.011,6.252,0.018,0.005,-138.862,1.137,6.629,0.004,0.008,-39.538,0.811,6.923,0.004,0.005,-79.642,1.387,7.171,0.022,0.008,-58.001,0.845,8.316,0.035,0.01,-59.016,0.859,8.387,0.05,0.013,-26.618,0.646,5.111,0.009,0.005,-152.674,0.957,5.699,0.016,0.009,-38.128,0.623,3.754,0.02,0.008,-67.238,0.48,6.141,0.009,0.006,-106.527,1.006,11.35,0.008,0.011,-14.951,1.016
19,4291,44877059_1450,5/24/2022 0:10,25.4,2,QPLog 10-1631 (16) rev11,FALSE,,UN,,Not Done,Not Done,,Not Done,Pass,,Not Done,300_FW,,,,0,0,Pass,0,0,,2.17,2.297,3.006,3.124,3.143,3.311,3.38,4.049,4.199,4.257,4.335,-0.661,-1.327,-0.614,-0.951,-1.028,-1.264,-1.168,-1.37,-1.008,-1.192,-1.225,2.17,0.037,0.008,-29.089,0.269,2.297,0.042,0.008,-49.076,0.291,3.006,0.011,0.006,-67.403,0.513,3.124,0.019,0.005,-93.917,0.583,3.143,0.001,0.002,-110.881,1.418,3.311,0.007,0.008,-42.516,0.4,3.38,0.005,0.008,-39.897,0.431,4.049,0.005,0.007,-66.664,0.607,4.199,0.004,0.004,-86.066,0.998,4.257,0.007,0.007,-58.313,0.637,4.335,0.131,0.006,-316.693,0.697,4.699,0.006,0.009,-38.66,0.552,5.044,0.009,0.009,-33.455,0.545,5.177,0.002,0.007,-45.227,0.757,5.504,0.07,0.005,-86.067,1.042,5.983,0.007,0.006,-75.114,1.039,6.041,0.004,0.005,-78.424,1.214,6.236,0.015,0.002,-1119.867,3.077,6.618,0.004,0.007,-33.071,0.991,6.937,0.003,0.005,-43.867,1.374,7.141,0.008,0.008,-35.598,0.951,8.275,0.013,0.009,-23.477,0.925,8.374,0.033,0.01,-23.377,0.863,5.116,0.001,0.002,-45.543,3.344,5.69,0.004,0.008,-28.684,0.7,3.746,0.009,0.005,-57.492,0.715,6.124,0.003,0.005,-52.501,1.12,11.318,0.001,0.007,-8.853,1.547
20,4292,44955031_1450,6/25/2022 17:53,27.3,2,,FALSE,,UN,,Not Done,Not Done,,Not Done,Pass,,Not Done,300_FW,,,,0,0,Pass,0,0,,2.157,2.301,3.023,3.124,3.158,3.319,3.373,4.04,4.202,4.258,4.348,-0.178,0.148,0.21,-1.33,-1.48,-0.484,-1.034,-1.178,-0.885,-1.148,-0.594,2.157,0.077,0.015,-28.603,0.148,2.301,0.122,0.011,-33.653,0.215,3.023,0.02,0.006,-115.917,0.503,3.124,0.055,0.006,-99.621,0.501,3.158,0.008,0.004,-145.904,0.867,3.319,0.021,0.007,-101.383,0.504,3.373,0.011,0.006,-83.506,0.569,4.04,0.011,0.009,-83.747,0.468,4.202,0.012,0.007,-108.377,0.565,4.258,0.015,0.007,-103.139,0.635,4.348,0.208,0.008,-93.693,0.576,4.7,0.017,0.007,-94.593,0.639,5.044,0.029,0.008,-73.724,0.664,5.18,0.016,0.007,-98.657,0.794,5.507,0.086,0.005,-169.835,1.025,5.975,0.016,0.006,-188.734,0.992,6.057,0.012,0.005,-155.985,1.118,6.238,0.02,0.005,-190.547,1.157,6.626,0.004,0.008,-25.332,0.788,6.952,0.005,0.005,-69.721,1.476,7.142,0.02,0.008,-66.588,0.941,8.275,0.006,0.009,-40.61,0.929,8.382,0.023,0.009,-52.223,0.974,5.114,0.01,0.005,-154.222,1.034,5.694,0.02,0.008,-62.522,0.697,3.752,0.022,0.006,-125.309,0.672,6.131,0.008,0.007,-98.285,0.908,11.342,0.005,0.014,-16.15,0.829
21,4310,44935434_1450,6/15/2022 21:05,26.1,2,,FALSE,,UN,,Not Done,Not Done,,Not Done,Pass,,Not Done,200_LA (old),,,,0,0,Pass,0,0,,2.129,2.303,3.018,3.125,3.153,3.301,3.373,4.036,4.18,4.248,4.33,0.049,-0.289,-1.713,-1.33,-1.667,-1.553,-1.916,-1.573,-1.309,-1.192,-1.127,2.129,0.069,0.004,-2.761,0.474,2.303,0.114,0.011,-15.623,0.207,3.018,0.039,0.008,-78.013,0.38,3.125,0.108,0.006,-125.847,0.483,3.153,0.035,0.003,-236.177,0.974,3.301,0.035,0.009,-63.152,0.348,3.373,0.024,0.007,-79.776,0.503,4.036,0.022,0.007,-105.106,0.579,4.18,0.021,0.006,-194.271,0.71,4.248,0.053,0.007,-127.749,0.59,4.33,0.051,0.006,-102.416,0.701,4.695,0.039,0.007,-119.405,0.697,5.037,0.069,0.008,-73.249,0.662,5.162,0.046,0.007,-83.977,0.781,5.5,0.026,0.005,-188.845,1.027,5.974,0.051,0.005,-203.904,1.307,6.029,0.058,0.006,-130.33,0.983,6.229,0.044,0.005,-190.919,1.195,6.609,0.007,0.009,-41.309,0.762,6.953,0.014,0.008,-86.023,0.827,7.141,0.056,0.008,-64.08,0.875,8.276,0.016,0.009,-41.761,0.949,8.373,0.175,0.009,-62.025,0.984,5.087,0.021,0.006,-131.36,0.857,5.682,0.005,0.006,-111.428,0.89,3.747,0.054,0.007,-96.199,0.522,6.112,0.019,0.005,-104.38,1.171,11.317,0.011,0.012,-27.708,0.941
22,4315,44940466_1450,6/17/2022 21:26,25.5,2,,FALSE,,UN,,Not Done,Not Done,,Not Done,Pass,,Not Done,200_LA (old),,,,0,0,Pass,0,0,,2.178,2.311,3.019,3.13,3.141,3.314,3.378,4.043,4.195,4.258,4.34,0.821,-0.157,-0.339,-1.049,-1.3,-0.985,-1.161,-0.768,-0.885,-0.428,-0.594,2.178,0.113,0.006,-16.376,0.376,2.311,0.121,0.013,-18.817,0.173,3.019,0.039,0.008,-84.871,0.395,3.13,0.105,0.006,-177.04,0.535,3.141,0.076,0.002,-318.005,1.507,3.314,0.042,0.007,-110.255,0.487,3.378,0.025,0.007,-71.311,0.468,4.043,0.023,0.006,-82.239,0.699,4.195,0.025,0.006,-160.773,0.724,4.258,0.041,0.007,-160.898,0.602,4.34,0.075,0.005,-137.953,0.794,4.704,0.04,0.007,-111.892,0.687,5.051,0.074,0.009,-56.459,0.574,5.177,0.048,0.007,-89.393,0.772,5.514,0.031,0.005,-203.292,1.13,5.977,0.032,0.006,-217.002,1.048,6.048,0.052,0.006,-146.895,1.082,6.238,0.045,0.005,-174.023,1.181,6.622,0.007,0.007,-48.65,0.928,6.938,0.005,0.006,-47.06,1.253,7.157,0.054,0.008,-63.932,0.859,8.292,0.167,0.009,-60.667,0.913,8.385,0.155,0.01,-44.728,0.828,5.107,0.015,0.005,-132.746,0.969,5.69,0.039,0.007,-122.858,0.875,3.752,0.056,0.005,-139.436,0.794,6.128,0.021,0.005,-125.362,1.156,11.347,0.011,0.015,-11.567,0.774
23,5394,44945716_1450,6/24/2022 21:59,26.9,2,,FALSE,,GD,No Defect,Pass,Pass,Green,Pass,Pass,Green,Pass,200_LA (old),none,,,2,2014,Pass,0,0,,2.19,2.309,3.023,3.138,3.159,3.322,3.393,4.068,4.214,4.273,4.349,0.685,0.131,0.52,-0.155,-0.013,-0.484,-0.119,-0.115,-0.254,-0.295,0.245,2.19,0.116,0.007,-33.3,0.3,2.309,0.126,0.014,-22.645,0.163,3.023,0.039,0.007,-95.534,0.456,3.138,0.085,0.005,-191.869,0.579,3.159,0.04,0.006,-113.275,0.556,3.322,0.037,0.006,-108.5,0.55,3.393,0.02,0.008,-68.669,0.419,4.068,0.022,0.005,-124.571,0.757,4.214,0.021,0.007,-216.26,0.623,4.273,0.037,0.006,-151.409,0.708,4.349,0.068,0.006,-134.79,0.705,4.714,0.032,0.007,-118.566,0.717,5.063,0.065,0.009,-61.422,0.56,5.198,0.036,0.003,-148.19,2.046,5.525,0.021,0.005,-202.216,1.119,6,0.054,0.006,-138.714,0.935,6.061,0.031,0.004,-141.979,1.382,6.253,0.033,0.005,-173.186,1.196,6.643,0.007,0.008,-45.114,0.847,6.959,0.004,0.005,-38.492,1.471,7.159,0.047,0.009,-58.233,0.81,8.297,0.02,0.009,-47.867,0.924,8.415,0.132,0.009,-61.084,0.973,5.126,0.013,0.004,-196.475,1.454,5.703,0.005,0.004,-117.879,1.435,3.76,0.05,0.007,-76.556,0.531,6.146,0.023,0.004,-129.284,1.559,11.366,0.009,0.015,-13.927,0.771
24,5482,44860019_1450,5/24/2022 17:10,24.8,2,QPLog 10-1631 (16) rev11,FALSE,,UN,,Not Done,Not Done,,Not Done,Pass,,Not Done,300_FW,,,,0,0,Pass,0,0,,2.183,2.305,2.995,3.116,3.154,3.319,3.391,4.065,4.207,4.28,4.362,0.215,-2.315,0.21,-0.295,-0.184,0.267,-0.221,-0.8,-0.495,-0.428,-1.878,2.183,0.04,0.014,-14.405,0.16,2.305,0.051,0.009,-37.119,0.256,2.995,0.013,0.007,-44.558,0.417,3.116,0.014,0.005,-97.235,0.579,3.154,0.015,0.007,-47.209,0.438,3.319,0.009,0.007,-52.518,0.502,3.391,0.005,0.013,-21.311,0.256,4.065,0.006,0.007,-49.12,0.572,4.207,0.006,0.006,-78.311,0.691,4.28,0.006,0.006,-74.907,0.713,4.362,0.141,0.009,-305.419,0.48,4.719,0.006,0.008,-39.752,0.61,5.059,0.01,0.009,-34.024,0.571,5.196,0.001,0.007,-24.156,0.715,5.514,0.076,0.006,-77.686,0.986,5.99,0.009,0.006,-66.401,0.989,6.068,0.006,0.002,-205.126,2.766,6.247,0.007,0.006,-70.13,1.064,6.605,0.004,0.008,-27.326,0.811,6.931,0.002,0.005,-26.117,1.478,7.157,0.009,0.007,-37.683,0.958,8.286,0.007,0.011,-12.077,0.741,8.359,0.019,0.007,-29.107,1.26,5.119,0.002,0.004,-102.161,1.298,5.699,0.008,0.007,-36.285,0.77,3.739,0.01,0.01,-19.298,0.369,6.13,0.004,0.007,-46.999,0.884,11.348,0.001,0.011,-9.077,1.001
25,5482,44860019_1450,5/23/2022 21:53,25.4,2,QPLog 10-1631 (16) rev10,FALSE,,UN,,Not Done,Not Done,,Not Done,Pass,,Not Done,300_FW,,,,0,0,Pass,0,0,,2.19,2.308,2.997,3.116,3.154,3.32,3.392,4.065,4.207,4.28,4.362,0.57,-2.097,0.314,-0.214,-0.164,0.267,-0.15,-0.784,-0.509,-0.411,-1.537,2.19,0.044,0.01,-12.551,0.223,2.308,0.048,0.009,-22.478,0.245,2.997,0.016,0.006,-59.479,0.512,3.116,0.014,0.006,-91.327,0.55,3.154,0.017,0.007,-38.964,0.432,3.32,0.009,0.006,-50.631,0.54,3.392,0.006,0.008,-25.844,0.441,4.065,0.006,0.007,-51.441,0.605,4.207,0.007,0.005,-117.05,0.776,4.28,0.014,0.002,-1239.963,2.216,4.362,0.146,0.012,-284.958,0.36,4.718,0.007,0.008,-53.167,0.587,5.059,0.012,0.008,-42.816,0.672,5.197,0.001,0.006,-33.773,0.831,5.514,0.084,0.005,-84.299,1.05,5.99,0.01,0.006,-76.139,1.078,6.068,0.015,0.004,-189.11,1.404,6.247,0.02,0.004,-212.679,1.648,6.604,0.004,0.008,-29.57,0.859,6.93,0.002,0.005,-26.321,1.531,7.157,0.01,0.008,-32.055,0.869,8.284,0.007,0.012,-11.479,0.714,8.358,0.047,0.01,-30.453,0.839,5.119,0.002,0.004,-101.323,1.236,5.7,0.006,0.007,-34.333,0.814,3.743,0.011,0.005,-45.752,0.762,6.13,0.004,0.007,-52.311,0.873,11.349,0.001,0.01,-8.808,1.144
26,5482,44860019_1450,5/25/2022 0:34,25.2,2,QPLog 10-1631 (16) rev11,FALSE,,UN,,Not Done,Not Done,,Not Done,Pass,,Not Done,300_FW,,,,0,0,Pass,0,0,,2.19,2.313,2.995,3.115,3.153,3.32,3.392,4.065,4.207,4.28,4.361,1.033,-2.245,0.245,-0.214,-0.167,0.228,-0.246,-0.794,-0.492,-0.512,-1.626,2.19,0.094,0.005,-15.81,0.436,2.313,0.092,0.007,-23.921,0.325,2.995,0.027,0.008,-115.772,0.395,3.115,0.041,0.005,-192.74,0.574,3.153,0.036,0.006,-107.952,0.507,3.32,0.021,0.006,-107.266,0.567,3.392,0.01,0.009,-48.944,0.381,4.065,0.013,0.006,-97.271,0.626,4.207,0.015,0.005,-197.449,0.777,4.28,0.015,0.007,-124.53,0.637,4.361,0.022,0.006,-116.028,0.673,4.717,0.018,0.007,-98.275,0.692,5.057,0.03,0.008,-75.599,0.666,5.195,0.016,0.007,-68.808,0.744,5.514,0.012,0.005,-150.368,1.132,5.99,0.027,0.006,-151.391,1.034,6.067,0.016,0.006,-138.588,1.057,6.247,0.018,0.005,-167.519,1.168,6.605,0.004,0.008,-41.046,0.855,6.93,0.003,0.004,-41.73,1.658,7.155,0.021,0.008,-61.912,0.88,8.287,0.004,0.008,-24.453,0.985,8.358,0.047,0.009,-44.554,0.916,5.118,0.008,0.004,-194.193,1.208,5.701,0.016,0.008,-45.6,0.723,3.742,0.018,0.005,-85.04,0.823,6.134,0.009,0.003,-148.528,1.817,11.345,0.005,0.013,-14.26,0.849
27,6149,44922381_1450,6/11/2022 20:05,24.6,2,QPLog 10-1631 (16) rev8,FALSE,,GD,No Defect,Pass,Pass,Green,Pass,Pass,Green,Pass,200_LA (old),none,,,4,2015,Pass,0,0,,2.188,2.313,3.027,3.139,3.157,3.311,3.395,4.059,4.187,4.274,4.356,1.11,0.525,-0.648,-0.044,-0.48,-0.08,-0.229,-0.434,0.124,0.17,0.327,2.188,0.134,0.005,-25.224,0.435,2.313,0.149,0.014,-36.992,0.17,3.027,0.034,0.007,-73.085,0.446,3.139,0.095,0.006,-175.332,0.541,3.157,0.051,0.002,-243.953,1.428,3.311,0.046,0.006,-105.533,0.539,3.395,0.022,0.008,-66.131,0.431,4.059,0.025,0.006,-123.194,0.72,4.187,0.023,0.006,-199.686,0.719,4.274,0.038,0.007,-128.078,0.584,4.356,0.053,0.006,-120.558,0.767,4.713,0.037,0.008,-86.212,0.62,5.058,0.072,0.007,-87.267,0.681,5.196,0.047,0.006,-102.239,0.856,5.52,0.018,0.006,-165.546,0.972,5.987,0.045,0.004,-241.208,1.58,6.058,0.062,0.006,-135.349,1.069,6.261,0.046,0.005,-175.655,1.187,6.65,0.007,0.007,-44.886,0.948,6.989,0.007,0.008,-48.834,0.846,7.169,0.044,0.008,-84.195,0.942,8.311,0.147,0.011,-37.485,0.788,8.421,0.143,0.01,-45.881,0.858,5.104,0.021,0.006,-158.825,0.841,5.696,0.006,0.006,-116.12,0.953,3.76,0.04,0.007,-40.888,0.558,6.133,0.012,0.004,-177.871,1.494,11.373,0.009,0.013,-22.709,0.902
28,6230,44944458_355,6/18/2022 16:48,25.8,2,,FALSE,,UN,,Not Done,Not Done,,Not Done,Pass,,Not Done,300_FW,,,,0,0,Pass,0,0,,2.181,2.313,3.037,3.138,3.156,3.348,3.39,4.07,4.253,4.295,4.39,1.049,1.428,3.215,-0.331,0.109,1.932,1.412,1.423,-0.131,1.95,1.902,2.181,0.053,0.003,-27.844,0.662,2.313,0.133,0.009,-82.715,0.261,3.037,0.013,0.01,-54.402,0.316,3.138,0.061,0.005,-164.104,0.582,3.156,0.009,0.003,-102.887,0.99,3.348,0.021,0.006,-152.346,0.56,3.39,0.01,0.01,-61.682,0.354,4.07,0.011,0.009,-61.565,0.445,4.253,0.013,0.006,-171.653,0.726,4.295,0.014,0.006,-150.866,0.722,4.39,0.02,0.006,-109.306,0.687,4.73,0.011,0.006,-60.94,0.735,5.095,0.029,0.009,-58.514,0.552,5.229,0.011,0.004,-163.92,1.381,5.552,0.041,0.004,-26.726,1.571,6.015,0.006,0.004,-81.41,1.445,6.123,0.006,0.003,-150.566,2.089,6.256,0.018,0.005,-175.287,1.235,6.656,0.005,0.007,-59.974,0.971,7.041,0.004,0.007,-80.246,0.952,7.204,0.02,0.006,-102.634,1.112,8.34,0.003,0.009,-20.622,0.971,8.412,0.006,0.008,-41.18,1.013,5.172,0.014,0.005,-141.308,1.096,5.706,0.008,0.008,-79.295,0.717,3.775,0.017,0.006,-81.589,0.653,6.177,0.008,0.005,-125.901,1.233,11.453,0.011,0.011,-16.191,1.051
29,6407,44905238_1450,6/10/2022 22:25,26,2,QPLog 10-1631 (16) rev8,FALSE,,UN,,Not Done,Not Done,,Not Done,Pass,,Not Done,300_FW,,,,0,0,Pass,0,0,,2.185,2.318,3.045,3.148,3.178,3.337,3.405,4.088,4.236,4.306,4.389,1.566,2.079,2.011,0.591,1.067,1.855,1.217,2.503,2.289,2.485,2.723,2.185,0.077,0.004,-42.821,0.539,2.318,0.124,0.009,-43.075,0.263,3.045,0.018,0.005,-88.578,0.559,3.148,0.071,0.005,-174.747,0.58,3.178,0.026,0.006,-144.473,0.571,3.337,0.023,0.007,-88.989,0.51,3.405,0.011,0.007,-61.5,0.493,4.088,0.014,0.006,-109.327,0.736,4.236,0.015,0.006,-208.621,0.707,4.306,0.016,0.005,-127.707,0.818,4.389,0.027,0.006,-116.434,0.698,4.747,0.016,0.006,-75.601,0.752,5.101,0.035,0.006,-101.405,0.81,5.225,0.019,0.005,-107.565,1.088,5.57,0.011,0.005,-147.006,1.152,6.042,0.031,0.006,-161.529,1.049,6.099,0.023,0.006,-131.874,0.984,6.311,0.018,0.005,-174.297,1.158,6.694,0.006,0.007,-52.993,1.019,6.988,0.003,0.005,-56.161,1.342,7.215,0.028,0.007,-88.428,1.035,8.367,0.004,0.01,-31.588,0.846,8.443,0.054,0.009,-55.81,0.933,5.154,0.008,0.005,-201.752,1.142,5.721,0.012,0.006,-132.189,0.917,3.783,0.024,0.004,-127.327,0.94,6.161,0.006,0.005,-114.588,1.268,11.455,0.016,0.011,-21.707,1.089
30,6407,44905238_1450,6/5/2022 20:10,25.7,2,QPLog 10-1631 (16) rev12,FALSE,,UN,,Not Done,Not Done,,Not Done,Pass,,Not Done,300_FW,,,,0,0,Pass,0,0,,2.2,2.317,3.041,3.146,3.178,3.331,3.4,4.082,4.227,4.299,4.381,1.471,1.729,1.447,0.29,0.726,1.412,0.725,1.988,1.872,1.803,1.902,2.2,0.138,0.012,-23.363,0.186,2.317,0.103,0.022,-16.649,0.106,3.041,0.019,0.007,-68.865,0.426,3.146,0.074,0.006,-165.284,0.53,3.178,0.003,0.004,-144.583,0.721,3.331,0.025,0.007,-89.784,0.481,3.4,0.011,0.008,-45.178,0.424,4.082,0.015,0.005,-112.797,0.839,4.227,0.015,0.006,-158.38,0.68,4.299,0.016,0.007,-147.425,0.637,4.381,0.025,0.006,-101.35,0.721,4.741,0.016,0.006,-71.189,0.774,5.093,0.035,0.007,-76.587,0.698,5.215,0.02,0.005,-119.202,0.958,5.561,0.012,0.006,-99.218,0.989,6.032,0.029,0.006,-152.19,0.986,6.088,0.023,0.006,-146.755,1.034,6.301,0.016,0.005,-148.749,1.168,6.685,0.005,0.007,-51.901,0.938,6.974,0.002,0.005,-52.852,1.318,7.201,0.026,0.007,-77.336,0.974,8.351,0.004,0.013,-21.463,0.649,8.429,0.053,0.008,-58.248,1.055,5.145,0.008,0.004,-209.431,1.392,5.708,0.009,0.006,-94.809,0.928,3.775,0.024,0.007,-103.691,0.51,6.151,0.007,0.005,-126.305,1.277,11.436,0.015,0.012,-22.394,0.97
31,6529P,44914984_1450,6/3/2022 19:08,25.6,2,QPLog 10-1631 (16) rev10,FALSE,,GD,No Defect,Pass,Pass,Green,Pass,Pass,Green,Pass,200_LA (old),none,,,8,2015,Pass,0,0,,2.191,2.321,3.04,3.152,3.175,3.344,3.407,4.09,4.252,4.306,4.386,1.922,1.622,2.768,0.693,1.175,1.681,1.775,2.027,0.971,1.724,2.614,2.191,0.127,0.009,-24.588,0.243,2.321,0.142,0.012,-36.725,0.191,3.04,0.024,0.003,-31.505,1.191,3.152,0.089,0.006,-178.774,0.531,3.175,0.035,0.002,-111.053,1.902,3.344,0.035,0.008,-100.161,0.415,3.407,0.02,0.009,-59.384,0.393,4.09,0.023,0.006,-89.734,0.727,4.252,0.02,0.007,-191.747,0.63,4.306,0.035,0.005,-155.533,0.807,4.386,0.051,0.007,-95.002,0.61,4.742,0.029,0.007,-109.114,0.649,5.104,0.067,0.005,-108.88,0.97,5.236,0.031,0.003,-143.174,1.536,5.562,0.019,0.005,-94.026,1.12,6.048,0.059,0.006,-101.805,1.01,6.115,0.02,0.005,-175.181,1.254,6.281,0.03,0.006,-139.601,1.055,6.679,0.007,0.006,-55.494,1.072,7.011,0.004,0.002,-10.612,4.352,7.2,0.043,0.008,-73.312,0.957,8.345,0.017,0.01,-32.003,0.856,8.446,0.134,0.01,-48.476,0.852,5.175,0.018,0.004,-195.62,1.181,5.714,0.025,0.007,-171.949,0.846,3.782,0.042,0.007,-99.717,0.568,6.185,0.023,0.004,-141.667,1.688,11.455,0.01,0.016,-11.428,0.717
32,8036,44890077_1450,5/22/2022 20:33,24.8,2,QPLog 10-1631 (16) rev10,FALSE,,UN,,Not Done,Not Done,,Not Done,Pass,,Not Done,300_FW,,,,0,0,Pass,0,0,,2.199,2.307,3.023,3.14,3.172,3.315,3.412,4.084,4.204,4.284,4.355,0.479,0.184,-0.27,1.01,0.815,-0.118,0.652,0.631,0.606,0.709,-0.024,2.199,0.087,0.016,-40.107,0.135,2.307,0.103,0.009,-56.53,0.263,3.023,0.017,0.01,-68.419,0.29,3.14,0.044,0.006,-184.106,0.553,3.172,0.031,0.009,-73.178,0.357,3.315,0.026,0.006,-124.3,0.556,3.412,0.01,0.008,-58.614,0.41,4.084,0.013,0.006,-130.358,0.634,4.204,0.014,0.006,-202.943,0.727,4.284,0.017,0.006,-185.302,0.677,4.355,0.029,0.006,-126.408,0.729,4.723,0.02,0.007,-84.614,0.66,5.076,0.035,0.009,-69.211,0.587,5.214,0.017,0.008,-65.771,0.693,5.538,0.013,0.005,-166.845,1.108,6.013,0.028,0.006,-150.367,1.067,6.074,0.024,0.004,-129.835,1.357,6.273,0.015,0.006,-130.509,1.122,6.659,0.005,0.007,-51.314,0.902,6.967,0.005,0.005,-75.534,1.471,7.179,0.026,0.008,-67.577,0.889,8.314,0.005,0.011,-26.343,0.782,8.424,0.049,0.01,-49.723,0.884,5.126,0.004,0.004,-139.204,1.464,5.71,0.012,0.007,-119.844,0.872,3.757,0.024,0.005,-100.15,0.754,6.166,0.008,0.006,-95.736,0.96,11.398,0.006,0.013,-14.303,0.875
33,8036,44890077_1450,5/22/2022 22:04,25.2,2,QPLog 10-1631 (16) rev10,FALSE,,UN,,Not Done,Not Done,,Not Done,Pass,,Not Done,300_FW,,,,0,0,Pass,0,0,,2.198,2.307,3.022,3.14,3.173,3.316,3.413,4.085,4.205,4.284,4.355,0.487,0.051,-0.133,1.05,0.866,-0.137,0.613,0.674,0.606,0.68,0.206,2.198,0.095,0.014,-45.159,0.161,2.307,0.116,0.009,-77.324,0.265,3.022,0.018,0.011,-43.745,0.285,3.14,0.046,0.005,-202.202,0.594,3.173,0.032,0.008,-82.948,0.396,3.316,0.026,0.006,-127.472,0.544,3.413,0.01,0.009,-48.876,0.365,4.085,0.013,0.006,-110.368,0.662,4.205,0.014,0.005,-206.302,0.774,4.284,0.018,0.006,-190.178,0.718,4.355,0.028,0.006,-119.632,0.711,4.723,0.019,0.008,-84.432,0.614,5.076,0.034,0.009,-60.838,0.576,5.213,0.017,0.006,-89.233,0.902,5.539,0.013,0.005,-164.541,1.089,6.013,0.029,0.005,-165.593,1.097,6.075,0.023,0.004,-132.49,1.35,6.273,0.015,0.006,-121.856,1.064,6.659,0.005,0.008,-50.775,0.86,6.968,0.005,0.005,-74.438,1.451,7.179,0.028,0.008,-75.776,0.953,8.313,0.004,0.011,-23.436,0.754,8.425,0.056,0.009,-60.465,0.985,5.126,0.004,0.003,-142.265,1.591,5.71,0.012,0.006,-136.516,0.904,3.759,0.026,0.007,-78.181,0.567,6.166,0.008,0.008,-63.835,0.781,11.398,0.008,0.012,-21.698,0.96
34,8036,44890077_1450,5/23/2022 16:30,24.5,2,QPLog 10-1631 (16) rev10,FALSE,,UN,,Not Done,Not Done,,Not Done,Pass,,Not Done,300_FW,,,,0,0,Pass,0,0,,2.198,2.307,3.024,3.14,3.172,3.314,3.412,4.083,4.204,4.284,4.354,0.462,0.237,-0.305,1.01,0.779,-0.195,0.551,0.556,0.591,0.641,-0.054,2.198,0.082,0.009,-42.636,0.244,2.307,0.099,0.009,-48.87,0.244,3.024,0.018,0.01,-66.742,0.308,3.14,0.044,0.006,-182.412,0.548,3.172,0.031,0.008,-74.446,0.389,3.314,0.026,0.006,-128.725,0.578,3.412,0.009,0.009,-46.541,0.369,4.083,0.013,0.006,-119.012,0.68,4.204,0.014,0.006,-207.579,0.763,4.284,0.017,0.006,-188.829,0.732,4.354,0.028,0.006,-125.116,0.728,4.722,0.02,0.008,-89.396,0.619,5.075,0.035,0.008,-73.472,0.605,5.212,0.016,0.008,-65.415,0.66,5.537,0.012,0.006,-135.911,0.987,6.013,0.029,0.006,-138.492,0.989,6.074,0.025,0.004,-127.201,1.356,6.272,0.016,0.006,-140.17,1.122,6.659,0.005,0.007,-51.005,0.892,6.966,0.005,0.005,-75.806,1.464,7.178,0.027,0.008,-77.453,0.933,8.311,0.004,0.009,-30.658,0.961,8.423,0.051,0.009,-60.386,0.946,5.125,0.004,0.003,-116.1,1.507,5.71,0.014,0.006,-133.325,0.918,3.757,0.024,0.007,-78.491,0.515,6.165,0.009,0.007,-85.76,0.921,11.396,0.008,0.013,-16.521,0.897
35,9015,44922359_1450,6/11/2022 20:50,24.8,2,QPLog 10-1631 (16) rev8,FALSE,,GD,No Defect,Pass,Pass,Green,Pass,Pass,Green,Pass,200_LA (old),none,,,8,2018,Pass,0,0,,2.192,2.321,3.031,3.155,3.185,3.324,3.426,4.1,4.222,4.314,4.38,1.915,0.834,0.726,1.829,1.681,1.309,1.912,2.624,1.495,2.023,2.336,2.192,0.095,0.006,-33.658,0.371,2.321,0.134,0.013,-29.336,0.18,3.031,0.017,0.003,-41.04,1.056,3.155,0.051,0.006,-151.68,0.516,3.185,0.031,0.005,-147.688,0.687,3.324,0.031,0.007,-97.461,0.487,3.426,0.024,0.013,-52.616,0.271,4.1,0.009,0.002,-104.184,1.949,4.222,0.015,0.005,-184.282,0.876,4.314,0.035,0.005,-133.442,0.795,4.38,0.067,0.003,-109.885,1.308,4.744,0.042,0.008,-109.076,0.598,5.108,0.087,0.007,-72.559,0.754,5.239,0.025,0.008,-88.106,0.618,5.572,0.031,0.004,-155.175,1.409,6.044,0.052,0.006,-138.37,0.995,6.093,0.062,0.007,-140.203,0.905,6.293,0.033,0.006,-111.328,1.042,6.697,0.007,0.007,-58.253,1.01,6.986,0.003,0.006,-38.511,1.269,7.206,0.036,0.007,-76.794,1,8.352,0.012,0.01,-37.451,0.827,8.475,0.141,0.009,-50.737,0.899,5.148,0.011,0.004,-72.439,1.288,5.717,0.018,0.007,-163.724,0.791,3.78,0.039,0.008,-64.018,0.487,6.187,0.007,0.005,-92.41,1.342,11.447,0.023,0.017,-11.338,0.69
36,9065,000_000,6/22/2022 15:27,27.2,2,,FALSE,,UN,,Not Done,Not Done,,Not Done,Pass,,Not Done,300_FW,,,,0,0,Pass,0,0,,2.194,2.308,3.022,3.139,3.18,3.322,3.421,4.104,4.215,4.307,4.386,0.553,0.042,0.52,1.547,1.894,1.701,1.687,1.4,1.044,1.687,0.356,2.194,0.082,0.007,-70.573,0.323,2.308,0.101,0.008,-102.705,0.281,3.022,0.018,0.006,-105.77,0.487,3.139,0.029,0.006,-179.842,0.541,3.18,0.026,0.007,-76.881,0.426,3.322,0.02,0.006,-113.019,0.563,3.421,0.007,0.01,-37.822,0.358,4.104,0.012,0.008,-83.392,0.541,4.215,0.011,0.005,-185.735,0.822,4.307,0.008,0.006,-142.537,0.782,4.386,0.017,0.006,-118.539,0.69,4.747,0.016,0.007,-91.356,0.68,5.097,0.027,0.008,-73.19,0.613,5.234,0.015,0.005,-98.328,0.957,5.551,0.006,0.006,-79.364,0.987,6.026,0.024,0.005,-173.451,1.138,6.091,0.021,0.006,-140.722,1.08,6.283,0.014,0.005,-137.041,1.193,6.666,0.005,0.006,-68.62,1.045,6.965,0.002,0.004,-14.392,1.865,7.199,0.02,0.007,-78.356,1.004,8.346,0.03,0.012,-41.707,0.702,8.427,0.04,0.012,-33.937,0.708,5.142,0.007,0.004,-167.906,1.262,5.711,0.008,0.009,-69.203,0.646,3.761,0.016,0.005,-59.299,0.807,6.177,0.007,0.006,-96.886,1.053,11.441,0.006,0.011,-16.238,1.018
37,B0276,44907132_1450,6/5/2022 15:13,26.1,2,QPLog 10-1631 (16) rev12,FALSE,,UN,,Not Done,Not Done,,Not Done,Pass,,Not Done,300_FW,,,,0,0,Pass,0,0,,2.201,2.308,3.024,3.148,3.192,3.316,3.431,4.107,4.21,4.298,4.346,0.57,0.236,-0.099,2.111,2.031,-0.657,1.961,0.504,1.337,-0.197,0.439,2.201,0.067,0.016,-58.315,0.138,2.308,0.066,0.009,-90.168,0.257,3.024,0.014,0.009,-45.575,0.344,3.148,0.028,0.005,-190.646,0.582,3.192,0.022,0.006,-122.151,0.551,3.316,0.017,0.006,-118.462,0.574,3.431,0.006,0.011,-47.157,0.312,4.107,0.007,0.008,-64.096,0.517,4.21,0.011,0.005,-203.576,0.787,4.298,0.015,0.006,-140.035,0.732,4.346,0.028,0.007,-106.2,0.664,4.733,0.01,0.004,-103.08,1.223,5.072,0.025,0.009,-66.582,0.568,5.24,0.011,0.006,-74.695,0.913,5.536,0.062,0.006,-133.663,0.95,5.998,0.021,0.006,-138.337,1.007,6.075,0.007,0.004,-198.588,1.36,6.289,0.008,0.005,-128.336,1.154,6.695,0.004,0.008,-29.857,0.806,7.008,0.003,0.009,-36.829,0.755,7.161,0.155,0.008,-63.395,0.848,8.302,0.042,0.009,-31.541,0.924,8.457,0.023,0.009,-48.373,0.898,5.127,0.002,0.002,-26.203,2.142,5.704,0.006,0.008,-84.861,0.754,3.761,0.015,0.007,-36.497,0.572,6.18,0.008,0.006,-88.67,1.009,11.397,0.008,0.014,-13.897,0.794
38,D0088,44933374_1450,6/18/2022 17:47,25.9,2,,FALSE,,UN,,Not Done,Not Done,,Not Done,Pass,,Not Done,300_FW,,,,0,0,Pass,0,0,,2.193,2.305,3.035,3.149,3.18,3.312,3.416,4.085,4.2,4.281,4.349,0.231,1.265,-0.511,1.23,0.882,-0.445,0.867,-0.157,0.941,-0.608,0.678,2.193,0.089,0.006,-67.489,0.367,2.305,0.095,0.012,-40.013,0.185,3.035,0.017,0.008,-74.879,0.398,3.149,0.05,0.006,-167.253,0.543,3.18,0.027,0.005,-150.789,0.679,3.312,0.023,0.008,-70.746,0.436,3.416,0.008,0.009,-54.536,0.376,4.085,0.011,0.007,-75.311,0.545,4.2,0.013,0.006,-173.248,0.746,4.281,0.015,0.006,-132.6,0.754,4.349,0.027,0.007,-107.908,0.637,4.718,0.022,0.007,-102.233,0.659,5.06,0.031,0.009,-67.867,0.559,5.218,0.019,0.007,-88.573,0.708,5.525,0.012,0.005,-141.793,1.097,5.993,0.031,0.006,-120.026,0.971,6.066,0.011,0.004,-196.232,1.628,6.28,0.014,0.006,-121.163,1.111,6.686,0.004,0.008,-37.624,0.88,7.013,0.004,0.009,-42.312,0.765,7.153,0.022,0.008,-73.112,0.904,8.287,0.007,0.009,-42.087,0.953,8.456,0.003,0.009,-31.997,0.969,5.117,0.004,0.004,-122.289,1.323,5.688,0.013,0.007,-55.1,0.765,3.764,0.215,0.008,-81.694,0.499,6.166,0.009,0.006,-87.7,1.036,11.374,0.002,0.008,-12.59,1.344
39,4102P,44927313_1450,7/18/2022 16:02,24.6,2,,FALSE,,GD,No Defect,Not Done,Pass,Green,Not Done,Pass,Green,Pass,100_LVL (old),none,,,11,2001,Pass,0,0,,2.181,2.297,3.035,3.139,3.172,3.312,3.396,4.069,4.196,4.278,4.364,-0.582,1.211,-0.511,0.013,0.023,0.401,-0.55,0.263,-0.057,-0.476,0.743,2.181,0.065,0.01,-61.385,0.229,2.297,0.051,0.008,-97.855,0.274,3.035,0.02,0.008,-62.83,0.385,3.139,0.041,0.007,-115.709,0.464,3.172,0.017,0.002,-223.329,1.338,3.312,0.017,0.007,-89.495,0.508,3.396,0.008,0.007,-57.842,0.507,4.069,0.013,0.008,-73.078,0.527,4.196,0.009,0.006,-167.194,0.685,4.278,0.013,0.007,-81.633,0.596,4.364,0.011,0.006,-76.613,0.687,4.733,0.01,0.008,-50.984,0.603,5.06,0.023,0.01,-52.806,0.53,5.189,0.014,0.007,-65.45,0.745,5.532,0.073,0.005,-153.76,1.193,5.988,0.009,0.005,-83.544,1.218,6.046,0.008,0.004,-62.232,1.372,6.257,0.007,0.006,-72.455,1.004,6.641,0.034,0.007,-116.921,1.01,6.967,0.002,0.002,-23.791,2.868,7.156,0.077,0.01,-35.865,0.698,8.296,0.013,0.009,-26.635,0.903,8.403,0.014,0.012,-33.405,0.698,5.105,0.007,0.004,-240.566,1.349,5.7,0.003,0.007,-135.549,0.835,3.764,0.032,0.006,-97.172,0.582,6.14,0.007,0.005,-97.027,1.325,11.368,0.02,0.008,-51.834,1.408
40,4102P,44927313_1450,7/18/2022 15:39,24.6,2,,FALSE,,GD,No Defect,Not Done,Pass,Green,Not Done,Pass,Green,Pass,100_LVL (old),none,,,11,2001,Pass,0,0,,2.18,2.295,3.021,3.128,3.162,3.31,3.393,4.07,4.194,4.276,4.345,-0.859,-0.027,-0.751,-0.173,0.092,-0.676,-0.473,-0.086,-0.467,0.152,-0.585,2.18,0.063,0.012,-61.605,0.177,2.295,0.05,0.011,-102.862,0.214,3.021,0.016,0.011,-45.62,0.278,3.128,0.034,0.006,-142.751,0.508,3.162,0.028,0.007,-72.446,0.426,3.31,0.017,0.007,-98.81,0.468,3.393,0.008,0.008,-53.272,0.443,4.07,0.012,0.008,-56.643,0.481,4.194,0.009,0.006,-149.381,0.715,4.276,0.013,0.007,-76.088,0.634,4.345,0.014,0.007,-73.441,0.663,4.725,0.009,0.008,-59.833,0.573,5.061,0.022,0.01,-52.844,0.511,5.191,0.013,0.007,-52.019,0.697,5.526,0.004,0.003,-98.385,2.077,5.989,0.008,0.006,-88.817,0.94,6.051,0.008,0.003,-46.205,2.128,6.248,0.006,0.01,-51.284,0.617,6.635,0.004,0.007,-55.124,0.913,6.967,0.027,0.008,-66.391,0.835,7.168,0.07,0.011,-29.463,0.626,8.309,0.014,0.007,-65.514,1.142,8.391,0.013,0.014,-20.557,0.585,5.119,0.003,0.002,-62.707,2.933,5.697,0.021,0.006,-125.606,0.929,3.752,0.031,0.006,-94.091,0.605,6.142,0.007,0.003,-136.708,1.964,11.377,0.003,0.008,-30.278,1.493
41,4730,44963354_1450,6/30/2022 19:44,26.5,2,,FALSE,,GD,No Defect,Pass,Pass,Green,Not Done,Pass,Green,Pass,200_LA (old),none,,,11,2012,Pass,0,0,,2.181,2.313,3.023,3.132,3.159,3.322,3.391,4.065,4.212,4.277,4.357,1.067,0.131,0.485,-0.293,-0.187,-0.022,-0.205,0.019,-0.523,0.219,0.059,2.181,0.13,0.011,-34.891,0.196,2.313,0.132,0.013,-25.715,0.181,3.023,0.038,0.007,-100.669,0.447,3.132,0.086,0.005,-190.692,0.59,3.159,0.042,0.003,-184.544,1.185,3.322,0.032,0.009,-71.788,0.374,3.391,0.024,0.008,-62.738,0.402,4.065,0.022,0.005,-131.634,0.765,4.212,0.02,0.008,-132.184,0.56,4.277,0.038,0.007,-129.314,0.643,4.357,0.062,0.006,-118.056,0.752,4.722,0.032,0.008,-77.381,0.623,5.07,0.068,0.009,-56.401,0.565,5.196,0.045,0.006,-112.566,0.924,5.528,0.026,0.005,-188.348,1.119,5.999,0.03,0.006,-203.889,0.934,6.062,0.046,0.006,-167.11,1.097,6.247,0.039,0.005,-169.888,1.171,6.637,0.006,0.01,-33.683,0.687,6.95,0.004,0.003,-10.682,2.341,7.17,0.047,0.009,-55.91,0.826,8.311,0.138,0.01,-49.118,0.821,8.402,0.168,0.009,-52.667,0.932,5.125,0.015,0.005,-206.576,1.124,5.699,0.005,0.005,-93.424,1.113,3.758,0.039,0.007,-54.992,0.512,6.145,0.021,0.005,-102.474,1.361,11.368,0.014,0.014,-14.154,0.819
42,6144,44969859_1450,7/6/2022 21:48,25.4,2,,FALSE,,GD,No Defect,Pass,Pass,Green,Not Done,Pass,Green,Pass,200_LA (old),none,,,4,2015,Pass,0,0,,2.192,2.314,3.026,3.141,3.165,3.311,3.398,4.064,4.19,4.269,4.341,1.186,0.473,-0.614,0.135,-0.22,-0.927,-0.229,-0.174,-0.129,0.218,0.58,2.192,0.167,0.004,-57.857,0.584,2.314,0.221,0.012,-43.855,0.2,3.026,0.042,0.008,-76.382,0.396,3.141,0.112,0.005,-211.396,0.587,3.165,0.061,0.004,-188.44,0.791,3.311,0.046,0.006,-110.072,0.539,3.398,0.026,0.007,-92.568,0.511,4.064,0.027,0.005,-125.861,0.808,4.19,0.023,0.006,-168.937,0.666,4.269,0.034,0.005,-165.423,0.78,4.341,0.066,0.006,-101.442,0.761,4.715,0.037,0.007,-109.341,0.646,5.062,0.082,0.008,-67.741,0.602,5.196,0.053,0.005,-121.324,1.034,5.524,0.025,0.006,-147.536,0.971,5.986,0.039,0.005,-207.829,1.097,6.049,0.075,0.006,-124.68,0.978,6.256,0.043,0.005,-168.411,1.188,6.644,0.007,0.008,-47.133,0.8,6.986,0.008,0.008,-50.973,0.906,7.17,0.044,0.007,-62.526,0.987,8.312,0.019,0.009,-37.756,0.888,8.421,0.021,0.009,-62.083,0.926,5.116,0.007,0.002,-60.779,2.827,5.697,0.005,0.005,-84.031,1.096,3.763,0.051,0.004,-108.974,0.993,6.138,0.02,0.006,-143.637,1.099,11.359,0.015,0.012,-23.074,0.918
43,6221,44978242_1450,7/9/2022 0:53,28.7,2,,FALSE,,GD,No Defect,Pass,Pass,Green,Pass,Pass,Green,Pass,300_FW,none,,,0,0,Pass,0,0,,2.18,2.309,3.009,3.125,3.154,3.337,3.391,4.072,4.238,4.288,4.374,0.63,-1.091,2.082,-0.273,0.181,0.96,0.674,0.387,-0.495,0.451,-0.278,2.18,0.093,0.008,-74.688,0.259,2.309,0.11,0.008,-104.373,0.281,3.009,0.021,0.007,-113.525,0.456,3.125,0.046,0.005,-217.619,0.6,3.154,0.033,0.006,-163.03,0.557,3.337,0.017,0.008,-91.248,0.413,3.391,0.012,0.006,-74.119,0.525,4.072,0.011,0.007,-112.585,0.591,4.238,0.012,0.006,-168.443,0.687,4.288,0.017,0.006,-149.385,0.725,4.374,0.021,0.007,-86.004,0.638,4.722,0.016,0.007,-79.124,0.661,5.079,0.026,0.009,-51.179,0.547,5.214,0.014,0.004,-148.23,1.284,5.534,0.013,0.005,-149.649,1.069,6.007,0.014,0.005,-137.372,1.127,6.102,0.006,0.005,-176.914,1.305,6.247,0.016,0.006,-133.172,1.106,6.632,0.003,0.01,-29.754,0.657,6.953,0.002,0.01,-44.589,0.732,7.174,0.013,0.007,-74.085,1.025,8.316,0.034,0.011,-38.057,0.773,8.392,0.041,0.009,-53.04,0.937,5.157,0.011,0.005,-169.864,1.052,5.704,0.011,0.009,-49.125,0.65,3.755,0.016,0.006,-76.689,0.603,6.156,0.008,0.006,-82.915,0.947,11.374,0.02,0.004,-51.163,3.103
44,8077,44963672_1450,7/18/2022 16:21,24.6,2,,FALSE,,GD,No Defect,Not Done,Pass,Green,Not Done,Pass,Green,Pass,100_LVL (old),none,,,8,2017,Pass,0,0,,2.179,2.295,3.032,3.139,3.163,3.313,3.4,4.072,4.205,4.28,4.348,-0.875,0.949,-0.408,0.236,0.181,-0.522,-0.057,0.749,-0.093,0.518,0.037,2.179,0.053,0.01,-57.348,0.214,2.295,0.047,0.008,-98.991,0.281,3.032,0.016,0.007,-74.673,0.407,3.139,0.035,0.006,-129.495,0.484,3.163,0.017,0.005,-121.626,0.691,3.313,0.013,0.007,-73.523,0.456,3.4,0.008,0.007,-63.154,0.49,4.072,0.01,0.007,-70.475,0.558,4.205,0.01,0.006,-162.101,0.718,4.28,0.013,0.007,-94.344,0.61,4.348,0.016,0.006,-92.352,0.67,4.723,0.01,0.008,-54.323,0.581,5.067,0.025,0.009,-58.985,0.587,5.199,0.012,0.006,-73.089,0.851,5.54,0.065,0.005,-148.192,1.044,6,0.008,0.007,-90.195,0.835,6.068,0.008,0.008,-54.696,0.767,6.257,0.009,0.006,-112.959,1.112,6.653,0.032,0.006,-122.802,1.071,6.954,0.001,0.004,-43.739,1.723,7.176,0.078,0.01,-35.887,0.686,8.314,0.017,0.007,-94.219,1.256,8.416,0.016,0.011,-34.985,0.781,5.121,0.004,0.004,-142.101,1.27,5.704,0.013,0.006,-151.224,0.934,3.758,0.029,0.006,-94.874,0.607,6.157,0.007,0.003,-171.933,2.227,11.411,0.033,0.01,-37.047,1.155
45,1051,44966932_1450,8/23/2022 17:38,24,2,,FALSE,,GD,No Defect,Not Done,Pass,Green,Not Done,Pass,Green,Pass,100_LVL (old),none,,,2,2000,Pass,0,0,,2.17,2.301,3,3.119,3.148,3.333,3.361,4.053,4.236,4.273,4.377,-0.256,-1.808,1.601,-2.054,-0.801,1.143,-0.289,-0.94,-0.798,0,-0.313,2.17,0.033,0.008,-58.81,0.257,2.301,0.031,0.005,-139.071,0.502,3,0.006,0.007,-27.447,0.411,3.119,0.018,0.007,-94.992,0.474,3.148,0.01,0.002,-157.905,1.32,3.333,0.009,0.007,-75.877,0.487,3.361,0.005,0.008,-35.741,0.409,4.053,0.009,0.008,-47.25,0.526,4.236,0.011,0.006,-98.271,0.692,4.273,0.005,0.006,-77.484,0.768,4.377,0.119,0.006,-100.71,0.72,4.728,0.008,0.007,-53.259,0.642,5.056,0.019,0.008,-54.091,0.616,5.195,0.007,0.006,-76.141,0.885,5.511,0.006,0.004,-108.147,1.421,5.986,0.003,0.004,-34.53,1.371,6.067,0.005,0.005,-87.098,1.124,6.24,0.01,0.005,-125.574,1.235,6.608,0.001,0.006,-72.336,1.19,6.929,0.001,0.008,-26.283,0.91,7.165,0.065,0.007,-72.384,0.995,8.291,0.009,0.008,-35.948,0.996,8.357,0.011,0.012,-18.076,0.697,5.133,0.014,0.005,-86.436,0.96,5.702,0.018,0.005,-154.154,1.12,3.754,0.018,0.006,-86.37,0.615,6.136,0.005,0.004,-96.21,1.405,11.351,0.031,0.008,-28.616,1.365
46,2546,44966017_1450,8/1/2022 18:46,25.2,2,,FALSE,,GD,No Defect,Not Done,Pass,Green,Not Done,Pass,Green,Pass,100_LVL (old),none,,,3,2005,Pass,0,0,,2.162,2.295,3.03,3.123,3.169,3.322,3.367,4.035,4.206,4.259,4.365,-0.826,0.808,0.52,-1.725,-1.753,0.459,-1.696,-1.302,-1.176,-1.852,-0.15,2.162,0.035,0.012,-39.13,0.174,2.295,0.038,0.006,-119.096,0.369,3.03,0.007,0.006,-62.953,0.512,3.123,0.024,0.009,-44.076,0.354,3.169,0.003,0.002,-203.192,1.882,3.322,0.011,0.007,-64.424,0.491,3.367,0.004,0.01,-33.156,0.347,4.035,0.01,0.007,-54.809,0.582,4.206,0.008,0.006,-126.787,0.7,4.259,0.005,0.006,-81.241,0.666,4.365,0.078,0.006,-133.931,0.694,4.709,0.008,0.007,-56.424,0.646,5.037,0.017,0.007,-74.388,0.709,5.166,0.015,0.006,-92.303,0.871,5.505,0.02,0.004,-188.248,1.252,5.96,0.005,0.005,-76.783,1.251,6.042,0.007,0.005,-123.311,1.309,6.232,0.106,0.005,-272.789,1.304,6.622,0.001,0.005,-86.152,1.277,6.965,0.021,0.005,-133.403,1.323,7.128,0.072,0.007,-64.3,0.996,8.266,0.014,0.01,-26.517,0.829,8.37,0.008,0.008,-56.921,1.096,5.109,0.012,0.005,-127.691,1.009,5.69,0.022,0.004,-262.843,1.276,3.756,0.16,0.007,-93.698,0.53,6.116,0.008,0.005,-111.648,1.187,11.341,0.011,0.008,-37.095,1.479
47,4237,45033209_27519,8/15/2022 16:16,24.3,2,,FALSE,,GD,No Defect,Not Done,Pass,Green,Not Done,Pass,Green,Pass,100_LVL (old),none,,,10,2011,Pass,0,0,,2.171,2.289,3.014,3.128,3.157,3.308,3.388,4.061,4.193,4.266,4.337,-1.525,-0.6,-0.991,-0.471,-0.361,-1.177,-0.643,-0.95,-0.508,-0.943,-1.262,2.171,0.031,0.01,-46.645,0.211,2.289,0.03,0.011,-84.268,0.213,3.014,0.005,0.007,-35.092,0.446,3.128,0.02,0.006,-87.785,0.497,3.157,0.011,0.005,-80.464,0.676,3.308,0.008,0.008,-40.028,0.432,3.388,0.003,0.008,-33.814,0.452,4.061,0.008,0.007,-46.191,0.607,4.193,0.006,0.006,-99.613,0.686,4.266,0.007,0.006,-80.081,0.667,4.337,0.09,0.006,-90.396,0.737,4.708,0.007,0.009,-46.498,0.537,5.046,0.016,0.008,-45.789,0.633,5.187,0.012,0.008,-49.44,0.664,5.511,0.007,0.005,-130.562,1.173,5.983,0.008,0.007,-44.408,0.878,6.047,0.007,0.006,-52.026,0.943,6.247,0.007,0.006,-115.191,1.134,6.636,0.001,0.005,-87.026,1.208,6.966,0.002,0.007,-39.006,0.986,7.146,0.063,0.009,-44.655,0.833,8.282,0.012,0.01,-20.055,0.807,8.389,0.007,0.01,-32.2,0.859,5.105,0.005,0.005,-99.08,1.051,5.695,0.016,0.005,-181.936,1.147,3.745,0.017,0.006,-86.885,0.619,6.138,0.006,0.005,-82.379,1.121,11.349,0.016,0.008,-28.008,1.339
48,4268,45042397_1450,8/16/2022 1:56,31.7,2,,FALSE,,GD,No Defect,Pass,Pass,Green,Not Done,Pass,Green,Pass,200_LA (old),none,,,1,2012,Pass,0,0,,2.185,2.313,3.014,3.126,3.158,3.313,3.395,4.072,4.193,4.282,4.369,1.111,-0.579,-0.442,-0.005,0.178,0.671,0.317,-0.258,0.198,0.595,0.129,2.185,0.126,0.011,-20.158,0.192,2.313,0.129,0.019,-21.995,0.124,3.014,0.056,0.006,-145.37,0.522,3.126,0.072,0.006,-186.436,0.535,3.158,0.076,0.006,-132.557,0.557,3.313,0.046,0.006,-116.142,0.55,3.395,0.021,0.011,-42.374,0.32,4.072,0.021,0.007,-84.32,0.554,4.193,0.027,0.005,-249.244,0.78,4.282,0.034,0.006,-133.729,0.714,4.369,0.052,0.005,-144.483,0.808,4.734,0.039,0.007,-106.003,0.658,5.062,0.073,0.008,-72.079,0.657,5.207,0.048,0.007,-79.004,0.729,5.523,0.018,0.006,-152.375,0.929,5.986,0.05,0.005,-222.014,1.148,6.061,0.06,0.006,-135.431,0.982,6.263,0.046,0.005,-185.97,1.191,6.638,0.008,0.007,-43.924,0.966,6.918,0.004,0.005,-52.42,1.412,7.177,0.04,0.011,-34.572,0.662,8.314,0.034,0.005,-107.498,1.804,8.399,0.158,0.013,-34.422,0.627,5.121,0.013,0.004,-173.059,1.294,5.69,0.005,0.006,-108.725,1.028,3.759,0.049,0.005,-116.495,0.724,6.148,0.022,0.005,-92.145,1.298,11.364,0.008,0.016,-13.263,0.69
49,9083,45020021_11846,8/11/2022 20:17,25.6,2,,FALSE,,GD,No Defect,Not Done,Pass,Green,Not Done,Pass,Green,Pass,100_LVL (old),none,,,9,2018,Pass,0,0,,2.173,2.293,3.025,3.135,3.163,3.319,3.397,4.079,4.213,4.294,4.375,-1.045,0.387,0.21,0.115,0.585,1.065,0.519,1.185,0.03,0.89,0.195,2.173,0.031,0.009,-39.692,0.249,2.293,0.034,0.01,-84.913,0.237,3.025,0.006,0.008,-51.409,0.361,3.135,0.022,0.006,-100.755,0.517,3.163,0.012,0.009,-48.187,0.334,3.319,0.008,0.009,-39.716,0.377,3.397,0.004,0.009,-32.794,0.383,4.079,0.009,0.007,-60.163,0.606,4.213,0.007,0.006,-105.566,0.658,4.294,0.006,0.006,-82.837,0.761,4.375,0.082,0.006,-85.203,0.686,4.735,0.007,0.008,-44.127,0.589,5.084,0.018,0.008,-48.834,0.643,5.211,0.12,0.006,-115.61,0.941,5.547,0.016,0.005,-130.419,1.048,6.014,0.009,0.005,-109.492,1.284,6.078,0.007,0.006,-70.897,1.04,6.259,0.063,0.005,-181.85,1.24,6.649,0.001,0.006,-83.825,1.169,6.96,0.006,0.003,-23.037,2.399,7.183,0.066,0.008,-52.815,0.875,8.322,0.01,0.008,-21.199,1.095,8.404,0.007,0.01,-24.375,0.831,5.135,0.002,0.005,-92.341,0.987,5.704,0.008,0.006,-88.058,0.992,3.759,0.017,0.006,-101.436,0.631,6.159,0.007,0.005,-100.979,1.308,11.416,0.021,0.009,-25.41,1.231
50,B0068,44947404_1450,8/4/2022 15:27,24.3,2,,FALSE,,GD,No Defect,Not Done,Pass,Green,Not Done,Pass,Green,Pass,100_LVL (old),none,,,6,2019,Pass,0,0,,2.189,2.297,3.032,3.152,3.186,3.309,3.423,4.099,4.199,4.293,4.351,-0.635,0.949,-0.82,1.63,1.626,-0.349,1.353,0.201,1.058,-0.612,0.704,2.189,0.026,0.01,-36.239,0.213,2.297,0.018,0.007,-50.969,0.325,3.032,0.006,0.007,-54.534,0.411,3.152,0.015,0.006,-89.718,0.527,3.186,0.01,0.005,-59.771,0.596,3.309,0.008,0.008,-50.186,0.419,3.423,0.003,0.007,-24.079,0.469,4.099,0.005,0.006,-75.347,0.698,4.199,0.005,0.005,-100.732,0.77,4.293,0.007,0.005,-87.134,0.952,4.351,0.107,0.006,-94.821,0.72,4.715,0.007,0.007,-51.961,0.666,5.064,0.019,0.008,-48.812,0.65,5.228,0.106,0.006,-71.473,0.866,5.531,0.012,0.006,-137.929,0.989,5.988,0.01,0.007,-64.586,0.895,6.067,0.005,0.004,-113.163,1.384,6.283,0.007,0.005,-109.998,1.303,6.707,0.001,0.004,-92.698,1.563,7.02,0.002,0.008,-43.14,0.918,7.153,0.066,0.009,-42.087,0.805,8.29,0.014,0.011,-19.26,0.771,8.467,0.005,0.008,-33.194,1.024,5.117,0.003,0.004,-107.28,1.26,5.703,0.019,0.005,-202.906,1.239,3.764,0.13,0.007,-80.185,0.511,6.175,0.006,0.005,-87.505,1.246,11.393,0.004,0.009,-23.604,1.325
51,D0631,45049841_1450,8/18/2022 17:26,25.3,2,,FALSE,,GD,No Defect,Not Done,Pass,Green,Not Done,Pass,Green,Pass,300_FW,none,,,0,0,Pass,0,0,,2.189,2.302,3.023,3.15,3.166,3.309,3.406,4.069,4.19,4.268,4.331,-0.136,0.193,-0.888,0.611,0.04,-1.514,0.171,-0.501,0.373,-0.781,0.3,2.189,0.08,0.011,-66.11,0.191,2.302,0.1,0.009,-80.69,0.26,3.023,0.01,0.003,-46.44,1.082,3.15,0.048,0.006,-154.641,0.538,3.166,0.012,0.004,-178.72,0.862,3.309,0.019,0.008,-71.949,0.419,3.406,0.007,0.009,-42.795,0.362,4.069,0.01,0.007,-92.123,0.571,4.19,0.011,0.006,-144.704,0.658,4.268,0.019,0.006,-175.83,0.726,4.331,0.206,0.008,-105.901,0.552,4.694,0.018,0.007,-111.818,0.637,5.048,0.029,0.008,-78.377,0.667,5.204,0.015,0.005,-95.511,1.031,5.519,0.084,0.005,-170.64,1.038,5.988,0.025,0.006,-138.911,0.995,6.052,0.014,0.005,-183.988,1.24,6.267,0.012,0.006,-135.654,1.038,6.678,0.003,0.009,-33.826,0.77,7.02,0.004,0.008,-49.884,0.83,7.15,0.018,0.008,-63.581,0.899,8.279,0.055,0.01,-49.22,0.861,8.456,0.02,0.01,-50.56,0.879,5.11,0.003,0.004,-138.117,1.213,5.696,0.014,0.008,-66.983,0.678,3.76,0.021,0.005,-105.91,0.72,6.16,0.009,0.005,-125.931,1.229,11.355,0.001,0.009,-12.239,1.23
52,4308,45060355_14625,8/31/2022 15:58,24.4,2,,FALSE,,GD,No Defect,Not Done,Pass,Green,Not Done,Pass,Green,Pass,100_LVL (old),none,,,2,2012,Pass,0,0,,2.174,2.291,3.02,3.131,3.159,3.312,3.387,4.061,4.197,4.264,4.344,-1.272,-0.105,-0.545,-0.533,-0.381,-0.77,-0.699,-0.944,-0.481,-0.925,-0.405,2.174,0.032,0.011,-44.852,0.195,2.291,0.026,0.012,-74.792,0.184,3.02,0.006,0.008,-59.76,0.393,3.131,0.021,0.007,-69.527,0.444,3.159,0.009,0.005,-60.918,0.657,3.312,0.012,0.007,-61.641,0.499,3.387,0.004,0.008,-37.983,0.408,4.061,0.008,0.007,-53.273,0.597,4.197,0.006,0.006,-124.494,0.76,4.264,0.006,0.007,-48.787,0.623,4.344,0.009,0.007,-45.06,0.668,4.706,0.007,0.009,-35.379,0.544,5.044,0.014,0.009,-36.612,0.58,5.186,0.01,0.009,-30.536,0.551,5.511,0.011,0.006,-126.744,0.964,5.985,0.005,0.006,-24.872,0.966,6.048,0.004,0.007,-38.163,0.92,6.248,0.035,0.008,-53.466,0.769,6.632,0.001,0.005,-30.523,1.317,6.972,0.015,0.008,-54.895,0.833,7.147,0.044,0.011,-23.998,0.641,8.281,0.008,0.012,-12.223,0.685,8.395,0.005,0.012,-19.326,0.717,5.109,0.006,0.004,-116.356,1.178,5.7,0.014,0.005,-94.777,1.054,3.753,0.019,0.007,-71.617,0.56,6.137,0.005,0.003,-83.791,1.915,11.349,0.009,0.009,-24.263,1.256
53,3171,45195236_1450,11/5/2022 0:06,23.2,2,QPLog 10-1631 (16) rev12,FALSE,,GD,No Defect,Pass,Pass,Green,Not Done,Pass,Green,Pass,200_LA (old),none,,,8,2007,Pass,0,0,,2.167,2.295,3.004,3.128,3.161,3.313,3.402,4.072,4.201,4.278,4.357,-0.83,-1.454,-0.442,0.413,0.216,-0.002,-0.006,-1.296,0.142,-1.411,-0.918,2.167,0.241,0.005,-42.516,0.415,2.295,0.34,0.003,-52.404,0.724,3.004,0.134,0.007,-95.557,0.434,3.128,0.227,0.006,-185.222,0.541,3.161,0.145,0.006,-103.251,0.546,3.313,0.12,0.008,-105.349,0.426,3.402,0.099,0.007,-77.169,0.471,4.072,0.041,0.007,-95.17,0.583,4.201,0.077,0.006,-211.857,0.749,4.278,0.114,0.006,-140.318,0.758,4.357,0.206,0.006,-111.851,0.689,4.717,0.14,0.007,-109.604,0.665,5.051,0.201,0.009,-56.048,0.541,5.2,0.063,0.006,-57.788,0.883,5.505,0.117,0.006,-119.427,0.888,5.981,0.185,0.007,-89.435,0.853,6.054,0.1,0.005,-178.683,1.239,6.262,0.127,0.006,-124.19,1.038,6.642,0.037,0.007,-53.085,0.926,6.968,0.028,0.01,-49.731,0.71,7.137,0.161,0.008,-68.397,0.927,8.266,0.04,0.01,-41.581,0.823,8.4,0.036,0.009,-50.313,0.928,5.114,0.028,0.004,-172.565,1.284,5.698,0.019,0.008,-70.715,0.74,3.749,0.145,0.007,-56.944,0.51,6.14,0.038,0.006,-126.403,1.09,11.328,0.003,0.01,-8.732,1.114
54,6147,45208093_1450,11/12/2022 0:50,23.8,2,QPLog 10-1631 (16) rev12,FALSE,,GD,No Defect,Pass,Pass,Green,Not Done,Pass,Green,Pass,200_LA (old),none,,,4,2015,Pass,0,0,,2.163,2.3,3.031,3.138,3.169,3.309,3.393,4.06,4.189,4.265,4.339,-0.273,0.854,-0.82,-0.153,-0.447,-1.061,-0.451,-0.478,-0.131,-0.147,0.488,2.163,0.271,0.009,-12.241,0.234,2.3,0.305,0.006,-22.327,0.413,3.031,0.104,0.008,-47.719,0.391,3.138,0.342,0.006,-164.331,0.52,3.169,0.021,0.003,-304.762,1.193,3.309,0.145,0.006,-132.945,0.562,3.393,0.063,0.009,-47.262,0.373,4.06,0.077,0.006,-122.359,0.64,4.189,0.067,0.006,-146.473,0.696,4.265,0.101,0.005,-176.09,0.892,4.339,0.148,0.007,-110.711,0.633,4.712,0.096,0.007,-114.136,0.663,5.05,0.187,0.008,-73.153,0.647,5.191,0.08,0.007,-80.828,0.748,5.519,0.05,0.006,-144.838,0.888,5.98,0.126,0.006,-171.457,1.014,6.043,0.138,0.008,-70.508,0.783,6.256,0.101,0.006,-137.807,1.082,6.649,0.034,0.006,-58.328,1.087,6.992,0.025,0.009,-59.265,0.787,7.162,0.143,0.008,-65.648,0.864,8.304,0.043,0.009,-47.333,0.888,8.421,0.042,0.009,-50.576,0.942,5.114,0.017,0.003,-128.458,1.6,5.694,0.02,0.009,-70.756,0.664,3.762,0.157,0.006,-83.282,0.632,6.134,0.053,0.006,-152.993,1.073,11.362,0.002,0.003,-6.111,3.974
55,6551,45217029_355,11/22/2022 20:23,22.7,2,,TRUE,,GD,No Defect,Not Done,Pass,Green,Not Done,Pass,Green,Pass,100_LVL (old),none,,,12,2015,Pass,0,0,,2.163,2.289,3.019,3.119,3.152,3.315,3.37,4.038,4.197,4.256,4.336,-1.536,-0.222,-0.202,-1.528,-1.579,-1.196,-1.178,-0.875,-1.108,-1.074,-0.392,2.163,0.032,0.011,-40.388,0.198,2.289,0.026,0.007,-55.896,0.328,3.019,0.006,0.01,-45.233,0.309,3.119,0.022,0.009,-50.562,0.339,3.152,0.011,0.004,-132.919,0.772,3.315,0.011,0.006,-68.13,0.531,3.37,0.003,0.007,-28.735,0.454,4.038,0.007,0.004,-45.186,1.049,4.197,0.005,0.006,-93.504,0.731,4.256,0.006,0.009,-39.031,0.496,4.336,0.006,0.008,-31.233,0.518,4.714,0.005,0.006,-36.517,0.817,5.044,0.011,0.009,-35.24,0.563,5.177,0.003,0.003,-31.089,1.957,5.512,0.015,0.005,-128.36,1.099,5.976,0.004,0.002,-53.635,3.808,6.036,0.003,0.009,-28.504,0.678,6.233,0.029,0.008,-55.768,0.767,6.609,0.001,0.005,-100.684,1.4,6.917,0.004,0.004,-27.797,1.584,7.144,0.038,0.011,-22.448,0.635,8.285,0.006,0.01,-12.613,0.81,8.369,0.004,0.01,-14.529,0.862,5.1,0.006,0.005,-105.632,1.124,5.687,0.012,0.005,-104.649,1.036,3.754,0.016,0.007,-57.125,0.535,6.119,0.036,0.01,-81.396,0.639,11.322,0.007,0.008,-27.541,1.343
56,4289,45277064_1450,12/22/2022 1:30,22.7,2,QPLog 10-1631 (16) rev14,FALSE,,GD,No Defect,Pass,Pass,Green,Not Done,Pass,Green,Pass,200_LA (old),none,,,2,2012,Pass,0,0,,2.163,2.293,3.014,3.13,3.159,3.311,3.381,4.049,4.198,4.259,4.338,-1.09,-0.613,-0.648,-0.85,-1.005,-1.119,-1.012,-1.178,-0.712,-1.21,-0.364,2.163,0.126,0.008,-69.3,0.274,2.293,0.173,0.008,-87.288,0.28,3.014,0.117,0.008,-43.514,0.356,3.13,0.33,0.007,-116.567,0.424,3.159,0.02,0.003,-310.867,1.128,3.311,0.141,0.008,-112.546,0.44,3.381,0.089,0.008,-71.023,0.415,4.049,0.072,0.008,-127.165,0.537,4.198,0.063,0.006,-182.463,0.712,4.259,0.166,0.006,-143.51,0.685,4.338,0.129,0.006,-105.803,0.731,4.7,0.107,0.007,-104.879,0.683,5.042,0.176,0.008,-65.257,0.611,5.18,0.067,0.008,-49.99,0.685,5.507,0.084,0.006,-139.497,0.911,5.986,0.168,0.007,-108.248,0.914,6.045,0.085,0.006,-143.649,1.055,6.242,0.101,0.006,-129.137,1.043,6.63,0.036,0.006,-60.117,1.143,6.938,0.014,0.005,-53.449,1.342,7.141,0.158,0.008,-64.322,0.849,8.275,0.041,0.013,-37.141,0.628,8.39,0.042,0.009,-55.785,0.93,5.106,0.038,0.005,-178.551,1.105,5.695,0.025,0.006,-116.513,0.877,3.754,0.138,0.006,-52.105,0.584,6.115,0.017,0.005,-53.587,1.247,11.333,0.002,0.008,-11.44,1.392
57,8060,45278392_1450,12/27/2022 20:51,20.5,2,QPLog 10-1631 (16) rev15,TRUE,,GD,No Defect,Not Done,Pass,Green,Not Done,Pass,Green,Pass,110_LVL (new),none,,,8,2017,Pass,0,0,,2.186,2.311,3.018,3.131,3.166,3.314,3.404,4.078,4.2,4.293,4.367,0.834,-0.226,-0.373,0.519,0.493,0.613,0.279,0.739,0.242,1.255,-0.357,2.186,0.097,0.003,-13.293,0.667,2.311,0.264,0.012,-15.233,0.198,3.018,0.102,0.01,-62.453,0.303,3.131,0.213,0.006,-195.152,0.551,3.166,0.188,0.01,-52.564,0.303,3.314,0.134,0.009,-97.747,0.386,3.404,0.055,0.005,-40.737,0.743,4.078,0.067,0.006,-136.052,0.676,4.2,0.076,0.006,-211.958,0.747,4.293,0.085,0.006,-169.511,0.694,4.367,0.143,0.006,-102.13,0.674,4.737,0.11,0.006,-102.629,0.732,5.077,0.193,0.009,-64.337,0.558,5.206,0.089,0.007,-92.294,0.763,5.54,0.051,0.007,-89.094,0.739,6,0.083,0.006,-190.579,1.017,6.074,0.131,0.007,-98.896,0.891,6.264,0.074,0.006,-108.576,0.978,6.638,0.019,0.008,-36.902,0.824,6.949,0.014,0.003,-10.886,2.394,7.19,0.125,0.008,-70.289,0.911,8.33,0.017,0.007,-17.857,1.151,8.405,0.042,0.009,-36.268,0.926,5.131,0.029,0.003,-241.947,1.688,5.704,0.007,0.007,-106.928,0.825,3.754,0.157,0.007,-124.143,0.506,6.151,0.036,0.006,-106.053,1.017,11.425,0.003,0.01,-15.94,1.096
58,8063,45245342_1450,12/7/2022 23:44,24.9,2,QPLog 10-1631 (16) rev14,FALSE,,GD,No Defect,Not Done,Pass,Green,Not Done,Pass,Green,Pass,110_LVL (new),none,,,8,2017,Pass,0,0,,2.185,2.311,3.016,3.128,3.16,3.322,3.396,4.072,4.221,4.285,4.357,0.888,-0.454,0.52,0.034,0.181,-0.022,0.041,-0.131,-0.344,-0.229,-0.835,2.185,0.012,0.003,-48.202,0.69,2.311,0.014,0.004,-35.084,0.54,3.016,0.013,0.006,-92.16,0.511,3.128,0.023,0.005,-151.537,0.58,3.16,0.015,0.011,-58.82,0.28,3.322,0.014,0.008,-117.398,0.435,3.396,0.007,0.006,-58.633,0.574,4.072,0.006,0.006,-86.608,0.632,4.221,0.008,0.006,-173.916,0.685,4.285,0.014,0.006,-108.37,0.733,4.357,0.017,0.007,-76.173,0.666,4.717,0.013,0.007,-65.448,0.658,5.072,0.023,0.008,-54.409,0.651,5.201,0.011,0.005,-97.46,1.117,5.525,0.062,0.007,-114.275,0.818,6.005,0.017,0.006,-81.855,0.933,6.071,0.009,0.005,-171.863,1.104,6.251,0.008,0.007,-74.412,0.943,6.631,0.002,0.006,-34.684,1.067,6.975,0.032,0.008,-82.005,0.926,7.161,0.151,0.008,-67.52,0.891,8.292,0.004,0.009,-34.01,0.898,8.389,0.038,0.01,-46.407,0.86,5.137,0.003,0.005,-121.218,1.067,5.706,0.014,0.008,-66.665,0.723,3.749,0.013,0.007,-87.332,0.549,6.144,0.005,0.005,-87.611,1.17,11.373,0.002,0.004,-17.379,2.717
59,e0632,45247929_355,12/7/2022 22:03,24.7,2,QPLog 10-1631 (16) rev14,FALSE,,GD,No Defect,Not Done,Pass,Green,Not Done,Pass,Green,Pass,110_LVL (new),none,,,2,2020,Pass,0,0,,2.183,2.289,3.027,3.138,3.161,3.313,3.405,4.068,4.198,4.28,4.355,-1.525,0.525,-0.408,0.534,-0.002,-0.099,0.13,-0.073,0.358,0.148,0.09,2.183,0.016,0.004,-63.502,0.517,2.289,0.04,0.013,-30.702,0.181,3.027,0.017,0.006,-105.678,0.499,3.138,0.026,0.006,-162.871,0.532,3.161,0.006,0.003,-55.779,1.032,3.313,0.014,0.006,-106.976,0.548,3.405,0.012,0.005,-65.925,0.623,4.068,0.004,0.006,-93.32,0.728,4.198,0.008,0.005,-152.318,0.807,4.28,0.014,0.005,-130.145,0.783,4.355,0.024,0.008,-75.033,0.518,4.718,0.019,0.007,-82.722,0.725,5.068,0.033,0.011,-46.68,0.477,5.203,0.012,0.006,-94.649,0.906,5.526,0.015,0.006,-118.706,0.961,5.991,0.017,0.006,-158.335,0.966,6.061,0.025,0.006,-109.615,1.075,6.267,0.012,0.008,-78.1,0.831,6.652,0.003,0.007,-33.527,0.998,6.992,0.003,0.008,-34.442,0.844,7.168,0.017,0.009,-57.906,0.822,8.309,0.003,0.006,-44.923,1.385,8.429,0.005,0.009,-49.333,0.908,5.128,0.006,0.003,-184.48,1.65,5.702,0.013,0.009,-41.325,0.648,3.758,0.016,0.004,-122.727,1,6.149,0.005,0.006,-106.631,1.105,11.374,0.005,0.012,-16.677,0.94
60,e0632,45247929_355,12/7/2022 21:25,25.3,2,QPLog 10-1631 (16) rev14,FALSE,,GD,No Defect,Not Done,Pass,Green,Not Done,Pass,Green,Pass,110_LVL (new),none,,,2,2020,Pass,0,0,,2.181,2.297,2.999,3.127,3.168,3.316,3.406,4.081,4.211,4.28,4.338,-0.599,-1.94,-0.167,0.611,0.701,-1.119,0.479,-1.743,-0.492,-2.23,-1.518,2.181,0.031,0.007,-52.772,0.298,2.297,0.038,0.012,-58.068,0.197,2.999,0.009,0.007,-74.769,0.458,3.127,0.017,0.006,-171.748,0.555,3.168,0.012,0.007,-93.567,0.476,3.316,0.01,0.005,-109.692,0.604,3.406,0.005,0.008,-56.69,0.452,4.081,0.005,0.003,-117.019,1.337,4.211,0.007,0.006,-177.107,0.701,4.28,0.011,0.008,-115.153,0.534,4.338,0.139,0.007,-97.072,0.618,4.699,0.01,0.006,-107.45,0.832,5.047,0.019,0.008,-50.394,0.625,5.21,0.01,0.004,-132.028,1.245,5.498,0.052,0.005,-172.236,1.07,5.974,0.015,0.008,-62.438,0.786,6.051,0.007,0.005,-152.178,1.172,6.247,0.008,0.006,-104.067,0.985,6.643,0.002,0.007,-32.996,0.908,6.96,0.032,0.01,-50.536,0.722,7.121,0.105,0.009,-55.923,0.773,8.247,0.045,0.009,-41.894,0.934,8.392,0.019,0.011,-38.63,0.757,5.127,0.002,0.003,-127.51,1.6,5.684,0.008,0.005,-66.46,1.181,3.743,0.009,0.003,-106.255,1.268,6.142,0.005,0.004,-123.65,1.456,11.312,0.002,0.009,-16.397,1.289
61,4299,45293287_1450,1/7/2023 17:52,21,2,QPLog 10-1631 (16) rev14,FALSE,,GD,No Defect,Pass,Pass,Green,Not Done,Pass,Green,Pass,200_LA (old),none,,,2,2012,Pass,0,0,,2.174,2.3,2.997,3.124,3.16,3.31,3.399,4.064,4.19,4.272,4.345,-0.351,-2.131,-0.717,0.215,-0.203,-0.676,-0.395,-1.178,-0.066,-0.996,-1.266,2.174,0.295,0.005,-10.266,0.411,2.3,0.526,0.016,-20.273,0.14,2.997,0.127,0.008,-66.191,0.378,3.124,0.2,0.006,-172.912,0.538,3.16,0.14,0.006,-111.749,0.494,3.31,0.143,0.006,-123.873,0.512,3.399,0.114,0.012,-36.646,0.289,4.064,0.03,0.007,-103.26,0.618,4.19,0.081,0.005,-234.35,0.765,4.272,0.2,0.006,-138.369,0.721,4.345,0.269,0.008,-83.722,0.566,4.711,0.165,0.008,-80.492,0.589,5.048,0.264,0.011,-43.305,0.469,5.192,0.069,0.008,-57.432,0.664,5.507,0.148,0.006,-97.971,0.848,5.978,0.156,0.007,-132.834,0.878,6.045,0.155,0.006,-122.732,0.968,6.257,0.133,0.006,-131.561,1.056,6.631,0.04,0.005,-72.751,1.233,6.961,0.022,0.01,-51.528,0.699,7.145,0.167,0.009,-56.698,0.831,8.28,0.035,0.01,-52.616,0.82,8.395,0.052,0.009,-50.052,0.929,5.115,0.033,0.003,-201.532,1.586,5.702,0.023,0.007,-87.366,0.822,3.745,0.162,0.004,-96.161,0.848,6.135,0.018,0.003,-73.276,1.897,11.322,0.003,0.004,-15.22,3.207
62,2247,45381444_1450,2/18/2023 3:25,23.9,2,QPLog 10-1631 (16) rev14,FALSE,,GD,No Defect,Pass,Pass,Green,Not Done,Pass,Green,Pass,200_LA (old),none,,,1,2003,Pass,0,0,,2.216,2.304,3.018,3.124,3.149,3.338,3.379,4.06,4.244,4.285,4.384,0.082,-0.228,2.116,-0.971,-0.447,1.548,2.44,1.319,-0.522,1.291,-0.43,2.216,0.028,0.003,-36.596,0.683,2.304,0.161,0.004,-92.384,0.518,3.018,0.134,0.011,-37.87,0.276,3.124,0.126,0.006,-131.233,0.499,3.149,0.2,0.005,-133.56,0.632,3.338,0.053,0.007,-119.146,0.511,3.379,0.117,0.008,-63.775,0.417,4.06,0.047,0.007,-94.19,0.565,4.244,0.051,0.006,-168.934,0.666,4.285,0.111,0.006,-151.15,0.722,4.384,0.073,0.007,-104.853,0.63,4.731,0.025,0.006,-99.673,0.809,5.088,0.078,0.011,-37.15,0.465,5.25,0.032,0.006,-120.612,0.927,5.55,0.057,0.006,-105.023,0.943,6.04,0.015,0.006,-97.423,1.08,6.085,0.004,0.005,-52.342,1.314,6.247,0.052,0.006,-146.923,1.062,6.632,0.036,0.007,-81.475,0.972,6.958,0.043,0.008,-85.393,0.925,7.191,0.049,0.007,-103.181,1.077,8.303,0.007,0.008,-69.513,1.093,8.385,0.068,0.009,-61.08,0.967,5.152,0.016,0.005,-90.315,1.05,5.707,0.008,0.009,-102.058,0.641,3.753,0.09,0.002,-25.91,2.174,6.111,0.029,0.005,-194.531,1.247,11.413,0.004,0.004,-22.498,3.166
63,4258,45323100_1450,1/20/2023 18:52,24.4,2,QPLog 10-1631 (16) rev14,TRUE,,GD,No Defect,Not Done,Pass,Green,Not Done,Pass,Green,Pass,300_FW,none,,,0,0,Pass,0,0,,2.176,2.304,3.004,3.124,3.158,3.321,3.399,4.076,4.205,4.292,4.376,0.091,-1.488,0.417,0.213,0.43,1.124,0.305,0.195,0.082,0.417,-0.505,2.176,0.227,0.014,-35.056,0.159,2.304,0.402,0.009,-57.197,0.251,3.004,0.084,0.007,-87.588,0.452,3.124,0.121,0.006,-158.326,0.519,3.158,0.102,0.006,-109.816,0.515,3.321,0.081,0.007,-99.606,0.476,3.399,0.035,0.007,-68.918,0.48,4.076,0.05,0.006,-127.652,0.664,4.205,0.053,0.005,-225.845,0.794,4.292,0.054,0.006,-163.159,0.699,4.376,0.063,0.006,-119.244,0.684,4.732,0.061,0.007,-113.534,0.668,5.07,0.109,0.008,-74.218,0.611,5.207,0.071,0.006,-102.803,0.804,5.531,0.045,0.005,-171.039,1.092,5.992,0.064,0.006,-219.66,1.018,6.064,0.084,0.006,-126.176,0.987,6.261,0.064,0.005,-164.321,1.143,6.636,0.023,0.007,-95.168,1.004,6.961,0.012,0.008,-63.79,0.87,7.174,0.072,0.008,-64.609,0.851,8.297,0.003,0.006,-31.289,1.507,8.39,0.009,0.01,-31.771,0.853,5.116,0.024,0.004,-260.497,1.315,5.707,0.009,0.007,-141.804,0.859,3.752,0.056,0.008,-53.91,0.494,6.153,0.005,0.003,-124.923,2.051,11.375,0.005,0.012,-13.025,0.969
64,5482,45397471_1450,2/24/2023 21:34,20.1,2,QPLog 10-1631 (16) rev14,TRUE,,B3,No Defect,Pass,Pass,Green,Not Done,Pass,Green,Pass,200_LA (old),none,,,4,2014,Pass,0,0,,2.162,2.288,2.994,3.114,3.154,3.32,3.39,4.064,4.207,4.279,4.362,-1.603,-2.359,0.245,-0.334,-0.233,0.324,1.114,-0.826,-0.607,-0.582,-1.473,2.162,0.107,0.005,-30.56,0.473,2.288,0.109,0.009,-23.075,0.243,2.994,0.15,0.007,-76.392,0.433,3.114,0.101,0.006,-180.495,0.551,3.154,0.205,0.007,-101.327,0.422,3.32,0.072,0.006,-116.63,0.521,3.39,0.048,0.011,-41.526,0.31,4.064,0.062,0.007,-95.811,0.614,4.207,0.044,0.006,-188.985,0.727,4.279,0.048,0.008,-97.504,0.544,4.362,0.053,0.007,-126.262,0.639,4.716,0.043,0.009,-55.274,0.497,5.059,0.072,0.01,-44.69,0.49,5.223,0.033,0.006,-152.083,0.939,5.513,0.058,0.005,-131.3,1.152,5.997,0.059,0.004,-189.152,1.486,6.068,0.027,0.006,-119.882,1.032,6.245,0.052,0.005,-165.441,1.142,6.601,0.033,0.007,-84.628,0.992,6.921,0.028,0.008,-79.189,0.866,7.154,0.065,0.008,-79.801,0.95,8.297,0.01,0.005,-68.789,1.709,8.355,0.056,0.009,-62.876,0.964,5.119,0.02,0.005,-168.636,1.098,5.7,0.014,0.007,-76.806,0.87,3.743,0.193,0.007,-97.712,0.574,6.122,0.023,0.005,-104.889,1.286,11.34,0.001,0.003,-12.38,3.735
65,5482,45397471_1450,2/24/2023 21:47,20.5,2,QPLog 10-1631 (16) rev14,TRUE,,GD,No Defect,Pass,Pass,Green,Not Done,Pass,Green,Pass,200_LA (old),none,,,4,2014,Pass,0,0,,2.164,2.301,2.995,3.114,3.154,3.319,3.39,4.065,4.208,4.28,4.363,-0.202,-2.263,0.21,-0.314,-0.173,0.363,1.165,-0.778,-0.579,-0.566,-1.473,2.164,0.109,0.003,-22.254,0.678,2.301,0.343,0.009,-35.278,0.259,2.995,0.151,0.009,-72.669,0.343,3.114,0.107,0.006,-205.552,0.557,3.154,0.204,0.007,-96.368,0.451,3.319,0.075,0.006,-134.025,0.552,3.39,0.052,0.007,-54.108,0.462,4.065,0.067,0.006,-113.874,0.667,4.208,0.048,0.005,-191.204,0.797,4.28,0.053,0.007,-114.181,0.6,4.363,0.058,0.007,-117.768,0.655,4.717,0.051,0.008,-77.041,0.605,5.059,0.088,0.009,-50.475,0.535,5.224,0.033,0.005,-133.138,1.073,5.514,0.06,0.005,-143.048,1.118,5.997,0.06,0.004,-180.034,1.465,6.068,0.029,0.006,-145.723,1.05,6.245,0.057,0.006,-174.128,1.127,6.614,0.009,0.002,-16.944,3.918,6.92,0.03,0.008,-81.337,0.881,7.154,0.069,0.007,-80.447,0.97,8.297,0.011,0.005,-59.092,1.566,8.355,0.06,0.008,-66.322,0.995,5.121,0.02,0.006,-151.489,0.902,5.699,0.014,0.005,-109.095,1.05,3.743,0.203,0.006,-104.622,0.6,6.123,0.024,0.004,-114.008,1.375,11.349,0.001,0.009,-10.942,1.212
66,6146,45367655_1450,2/10/2023 22:43,24.1,2,QPLog 10-1631 (16) rev14,FALSE,,GD,,,,,,Pass,,,300_FW,,,,,,Pass,0,0,,2.185,2.308,3.028,3.141,0,3.318,3.4,4.07,4.201,4.275,4.352,0.55,0.625,0.107,0.275,0.076,-0.311,-0.081,0.11,0.142,0.486,0.915,2.185,0.381,0.009,-35.363,0.253,2.308,0.428,0.01,-49.758,0.227,3.028,0.066,0.006,-94.787,0.5,3.141,0.199,0.006,-148.361,0.531,0,0,0,0,0,3.318,0.093,0.006,-114.477,0.537,3.4,0.033,0.011,-36.728,0.32,4.07,0.051,0.008,-105.563,0.522,4.201,0.047,0.005,-247.927,0.805,4.275,0.074,0.006,-175.806,0.765,4.352,0.086,0.006,-140.031,0.738,4.72,0.067,0.007,-118.613,0.719,5.064,0.106,0.009,-65.975,0.591,5.199,0.066,0.009,-69.099,0.594,5.529,0.039,0.006,-129.097,0.905,5.997,0.075,0.006,-159.886,1.054,6.056,0.085,0.006,-104.276,0.951,6.262,0.058,0.005,-153.54,1.158,6.651,0.016,0.007,-73.784,0.962,6.996,0.01,0.009,-48.792,0.763,7.175,0.069,0.008,-73.929,0.896,8.32,0.01,0.012,-21.477,0.676,8.429,0.012,0.01,-40.544,0.833,5.114,0.031,0.006,-167.96,0.896,5.716,0.001,0.001,-187.694,4.454,3.766,0.077,0.006,-75.504,0.596,6.145,0.004,0.003,-73.111,1.779,11.372,0.003,0.011,-17.308,1.027
67,6148,45322623_1450,1/19/2023 20:27,25,2,QPLog 10-1631 (16) rev14,FALSE,,GD,No Defect,Not Done,Pass,Green,Not Done,Pass,Green,Pass,300_FW,none,,,0,0,Pass,0,0,,2.184,2.305,3.026,3.136,0,3.314,3.397,4.064,4.194,4.275,4.354,0.277,0.438,-0.339,0.077,-0.223,-0.157,-0.119,-0.285,0.198,0.269,-0.217,2.184,0.327,0.011,-49.638,0.208,2.305,0.407,0.01,-67.967,0.237,3.026,0.072,0.007,-85.237,0.44,3.136,0.171,0.006,-153.424,0.525,0,0,0,0,0,3.314,0.08,0.007,-103.178,0.478,3.397,0.029,0.01,-59.505,0.34,4.064,0.047,0.007,-97.909,0.585,4.194,0.042,0.006,-178.04,0.708,4.275,0.063,0.007,-156.075,0.654,4.354,0.068,0.007,-105.689,0.657,4.716,0.054,0.01,-71.044,0.496,5.058,0.101,0.01,-50.331,0.493,5.198,0.067,0.009,-72.838,0.603,5.522,0.03,0.006,-127.298,0.952,5.989,0.084,0.005,-184.409,1.136,6.058,0.078,0.007,-99.551,0.908,6.263,0.059,0.006,-147.725,1.113,6.655,0.017,0.007,-80.631,0.984,6.992,0.01,0.009,-56.664,0.762,7.171,0.068,0.007,-88.201,0.956,8.316,0.011,0.011,-34.241,0.771,8.421,0.012,0.01,-38.18,0.861,5.121,0.012,0.003,-106.46,1.571,5.7,0.014,0.006,-116.863,0.959,3.755,0.067,0.006,-62.505,0.589,6.156,0.028,0.006,-123.611,1.08,11.377,0.005,0.011,-18.632,1.055
68,6200,45378459_1450,2/16/2023 18:25,24.3,2,QPLog 10-1631 (16) rev14,FALSE,,B3,No Defect,Pass,Pass,Green,Not Done,Pass,Green,Pass,300_FW,none,,,5,2015,Pass,0,0,,2.168,2.291,3.016,3.129,3.159,3.329,3.386,4.057,4.219,4.279,4.335,-1.288,-0.43,1.206,-0.591,-0.571,-1.28,-0.243,0.051,-0.492,0.219,-0.877,2.168,0.121,0.011,-29.24,0.206,2.291,0.13,0.009,-13.332,0.242,3.016,0.079,0.007,-94.999,0.416,3.129,0.158,0.006,-141.277,0.534,3.159,0.01,0.002,-252.583,1.275,3.329,0.091,0.006,-121.497,0.53,3.386,0.035,0.009,-60.921,0.396,4.057,0.042,0.007,-104.717,0.552,4.219,0.04,0.007,-164.859,0.648,4.279,0.076,0.005,-197.178,0.793,4.335,0.011,0.003,-51.239,1.381,4.72,0.041,0.008,-89.032,0.566,5.068,0.086,0.009,-69.637,0.552,5.196,0.054,0.007,-78.822,0.784,5.528,0.047,0.006,-144.82,0.93,5.994,0.031,0.004,-56.67,1.577,6.075,0.05,0.005,-207.242,1.308,6.247,0.065,0.005,-193.484,1.203,6.628,0.017,0.007,-78.935,0.964,6.98,0.017,0.007,-79.162,0.953,7.17,0.058,0.008,-83.668,0.945,8.314,0.009,0.012,-33.587,0.695,8.39,0.009,0.009,-37.657,0.898,5.132,0.038,0.005,-190.838,1.096,5.702,0.023,0.008,-94.464,0.749,3.749,0.038,0.004,-86.426,0.837,6.142,0.033,0.006,-127.616,1.09,11.369,0.006,0.014,-15.352,0.826
69,6200,45378459_1450,2/16/2023 18:46,24.4,2,QPLog 10-1631 (16) rev14,FALSE,,GD,No Defect,Pass,Pass,Green,Not Done,Pass,Green,Pass,300_FW,none,,,5,2015,Pass,0,0,,2.181,2.317,3.015,3.128,0,3.328,3.385,4.056,4.218,4.278,4.37,1.469,-0.491,1.138,-0.61,-0.64,0.768,-0.31,-0.073,-0.537,0.12,-1.013,2.181,0.293,0.01,-12.295,0.213,2.317,0.269,0.015,-11.831,0.159,3.015,0.078,0.007,-95.12,0.438,3.128,0.157,0.006,-140.221,0.528,0,0,0,0,0,3.328,0.1,0.006,-130.13,0.557,3.385,0.042,0.008,-71.991,0.408,4.056,0.046,0.008,-101.247,0.535,4.218,0.045,0.006,-152.872,0.652,4.278,0.085,0.005,-193.872,0.799,4.37,0.055,0.006,-109.574,0.696,4.719,0.045,0.007,-90.722,0.718,5.068,0.107,0.008,-68.605,0.61,5.194,0.064,0.007,-86.437,0.751,5.526,0.048,0.005,-161.852,1.033,5.992,0.031,0.004,-66.136,1.613,6.074,0.052,0.005,-178.741,1.177,6.246,0.064,0.005,-172.596,1.154,6.627,0.016,0.007,-67.247,0.894,6.957,0.008,0.003,-36.354,2.325,7.168,0.06,0.007,-83.957,0.959,8.312,0.011,0.01,-39.633,0.871,8.388,0.012,0.01,-36.659,0.841,5.13,0.044,0.005,-188.181,1.012,5.699,0.011,0.006,-102.692,0.881,3.748,0.043,0.004,-86.226,0.846,6.141,0.036,0.006,-128.182,1.061,11.366,0.004,0.015,-12.287,0.744
70,6549,45338740_1450,2/1/2023 15:51,21.2,2,QPLog 10-1631 (16) rev15,FALSE,,B3,No Defect,Not Done,Pass,Green,Not Done,Pass,Green,Pass,110_LVL (new),none,,,12,2015,Fail,0,0,,0,0,0,0,0,0,0,0,0,0,0,0,0,0,0,0,0,0,0,0,0,0,0,0,0,0,0,0,0,0,0,0,0,0,0,0,0,0,0,0,0,0,0,0,0,0,0,0,0,0,0,0,0,0,0,0,0,0,0,0,0,0,0,0,0,0,0,0,0,0,0,0,0,0,0,0,0,0,0,0,0,0,0,0,0,0,0,0,0,0,0,0,0,0,0,0,0,0,0,0,0,0,0,0,0,0,0,0,0,0,0,0,0,0,0,0,0,0,0,0,0,0,0,0,0,0,0,0,0,0,0,0,0,0,0,0,0,0,0,0,0,0,0,0,0,0,0,0,0,0,0,0,0,0,0,0,0,0,0,0,0,0
71,6549,45338740_1450,2/1/2023 15:57,20.7,2,QPLog 10-1631 (16) rev15,FALSE,,GD,No Defect,Not Done,Pass,Green,Not Done,Pass,Green,Pass,110_LVL (new),none,,,12,2015,Pass,0,0,,2.162,2.3,3.009,3.116,3.132,3.32,3.37,4.035,4.206,4.261,4.359,-0.31,-1.077,0.245,-1.528,-1.74,0.093,-1.265,-0.944,-0.96,-0.877,-0.781,2.162,0.233,0.008,-27.409,0.268,2.3,0.439,0.008,-64.063,0.289,3.009,0.101,0.006,-136.671,0.494,3.116,0.231,0.007,-118.58,0.474,3.132,0.029,0.002,-37.696,1.405,3.32,0.073,0.007,-99.231,0.471,3.37,0.063,0.007,-70.231,0.476,4.035,0.044,0.006,-110.492,0.649,4.206,0.072,0.006,-201.725,0.729,4.261,0.101,0.007,-131.487,0.644,4.359,0.127,0.007,-92.229,0.67,4.706,0.085,0.007,-112.925,0.705,5.053,0.185,0.008,-79.548,0.654,5.175,0.075,0.006,-108.856,0.888,5.511,0.073,0.005,-144.746,1.027,5.974,0.048,0.006,-161.822,0.965,6.055,0.074,0.006,-148.272,1.092,6.237,0.057,0.008,-78.153,0.754,6.608,0.018,0.007,-48.248,0.966,6.942,0.011,0.004,-23.279,1.909,7.148,0.099,0.008,-79.375,0.919,8.286,0.021,0.011,-28.228,0.74,8.369,0.03,0.013,-22.296,0.644,5.118,0.03,0.005,-114.373,1.037,5.688,0.006,0.007,-70.132,0.83,3.75,0.094,0.008,-61.674,0.46,6.127,0.023,0.006,-110.368,1.012,11.329,0.003,0.01,-18.292,1.149
72,B0044,45361560_1450,2/14/2023 19:27,21.8,2,QPLog 10-1631 (16) rev14,FALSE,,B3,No Defect,Pass,Pass,Green,Pass,Pass,Green,Pass,200_LA (old),none,,,6,2019,Fail,0,0,,2.19,2.362,3.059,3.163,3.195,3.326,3.427,4.105,4.22,4.304,4.367,6.371,3.298,0.897,1.893,1.962,0.594,-1.754,1.361,1.364,1.071,3.146,2.19,0.032,0.003,-86.73,0.707,2.362,0.073,0.005,-9.394,0.479,3.059,0.197,0.006,-99.757,0.473,3.163,0.164,0.007,-119.01,0.459,3.195,0.24,0.005,-153.36,0.682,3.326,0.096,0.006,-152.522,0.599,3.427,0.048,0.011,-36.509,0.324,4.105,0.062,0.006,-129.491,0.733,4.22,0.032,0.006,-236.34,0.759,4.304,0.072,0.006,-92.654,0.67,4.367,0.067,0.006,-110.731,0.769,4.733,0.073,0.007,-101.36,0.675,5.087,0.076,0.009,-47.659,0.572,5.165,0.008,0.004,-85.161,1.429,5.55,0.045,0.008,-49.585,0.717,0,0,0,0,0,6.075,0.042,0.005,-176.148,1.17,6.29,0.028,0.005,-157.453,1.175,6.715,0.04,0.007,-85.727,0.937,7.049,0.06,0.008,-82.145,0.936,7.187,0.049,0.008,-76.954,0.949,0,0,0,0,0,8.347,0.004,0.003,-37.557,2.858,5.142,0.018,0.005,-160.215,1.051,5.723,0.014,0.007,-85.521,0.805,3.787,0.222,0.008,-104.995,0.502,6.21,0.002,0.006,-74.824,1.055,11.428,0.003,0.008,-25.482,1.357
73,B0044,45361560_1450,2/14/2023 19:49,21.6,2,QPLog 10-1631 (16) rev14,FALSE,,B3,No Defect,Pass,Pass,Green,Pass,Pass,Green,Pass,200_LA (old),none,,,6,2019,Fail,0,0,,2.203,2.311,3.056,3.162,3.194,3.326,3.428,4.105,4.22,4.305,4.366,0.889,3.102,0.897,1.918,1.928,0.536,5.519,1.426,1.364,1.035,3.072,2.203,0.048,0.004,-49.753,0.591,2.311,0.088,0.009,-53.524,0.269,3.056,0.213,0.007,-86.38,0.455,3.162,0.186,0.007,-104.317,0.429,3.194,0.259,0.005,-144.589,0.67,3.326,0.109,0.006,-173.386,0.592,3.428,0.051,0.01,-33.725,0.33,4.105,0.069,0.006,-119.296,0.701,4.22,0.036,0.005,-243.557,0.839,4.305,0.079,0.008,-134.268,0.55,4.366,0.083,0.005,-109.593,0.803,4.734,0.082,0.006,-105.864,0.76,5.085,0.091,0.009,-52.228,0.55,5.312,0.024,0.004,-143.913,1.315,5.552,0.048,0.007,-56.787,0.793,6.021,0.058,0.005,-73.089,1.166,6.076,0.046,0.005,-191.714,1.195,6.29,0.031,0.006,-150.016,1.085,6.715,0.041,0.007,-84.759,0.922,7.048,0.063,0.007,-89.143,0.955,7.186,0.057,0.007,-85.424,1.005,8.331,0.01,0.006,-20.311,1.308,8.493,0.039,0.008,-69.14,1.078,5.14,0.018,0.004,-288.404,1.425,5.722,0.017,0.007,-96.995,0.837,3.787,0.253,0.008,-75.73,0.493,6.212,0.002,0.006,-92.801,1.018,11.429,0.004,0.012,-31.32,0.946
74,B0044,45361560_1450,2/14/2023 19:38,21.3,2,QPLog 10-1631 (16) rev14,FALSE,,B3,No Defect,Pass,Pass,Green,Pass,Pass,Green,Pass,200_LA (old),none,,,6,2019,Fail,0,0,,2.201,2.329,3.056,3.163,3.194,3.326,3.427,4.105,4.22,4.304,4.359,2.822,3.096,0.932,1.854,1.944,0.1,5.544,2.469,1.348,1.076,3.072,2.201,0.109,0.007,-43.747,0.317,2.329,0.041,0.003,-68.751,0.731,3.056,0.193,0.008,-86.662,0.405,3.163,0.173,0.007,-155.828,0.475,3.194,0.241,0.005,-152.049,0.672,3.326,0.106,0.005,-174.077,0.611,3.427,0.05,0.011,-39.166,0.301,4.105,0.067,0.008,-97.105,0.539,4.22,0.032,0.006,-214.97,0.762,4.304,0.083,0.006,-139.835,0.712,4.359,0.053,0.004,-120.032,1.205,4.733,0.08,0.007,-98.547,0.7,5.086,0.091,0.01,-63.737,0.529,5.312,0.025,0.005,-115.953,1.061,5.569,0.016,0.006,-100.414,0.905,0,0,0,0,0,6.076,0.044,0.006,-161.383,1.015,6.29,0.031,0.006,-167.099,1.079,6.715,0.043,0.007,-92.226,0.945,7.049,0.062,0.008,-82.247,0.932,7.187,0.051,0.008,-68.895,0.9,8.332,0.013,0.013,-23.859,0.631,8.441,0.005,0.003,-14.487,2.412,5.14,0.019,0.004,-270.508,1.279,5.722,0.017,0.006,-98.581,0.889,3.787,0.252,0.008,-90.727,0.497,6.211,0.002,0.005,-65.847,1.313,11.429,0.003,0.009,-14.791,1.251
75,D0466,45404757_1450,3/1/2023 5:07,21.9,2,QPLog 10-1631 (16) rev14,FALSE,,B3,No Defect,Pass,Pass,Green,Not Done,Pass,Green,Pass,200_LA (old),none,,,3,2019,Pass,0,0,,2.164,2.285,3.041,3.149,3.182,3.333,3.415,4.095,4.235,4.311,4.393,-1.973,1.736,1.6,1.19,1.399,2.088,4.155,1.757,0.882,1.402,2.397,2.164,0.032,0.007,-16.397,0.294,2.285,0.035,0.007,-25.37,0.326,3.041,0.101,0.007,-24.547,0.408,3.149,0.16,0.007,-135.609,0.474,3.182,0.189,0.006,-86.257,0.496,3.333,0.067,0.007,-91.214,0.445,3.415,0.049,0.009,-45.866,0.395,4.095,0.058,0.008,-86.692,0.506,4.235,0.031,0.006,-194.589,0.738,4.311,0.083,0.008,-133.329,0.573,4.393,0.024,0.009,-41.601,0.494,4.741,0.016,0.007,-77.858,0.661,5.102,0.062,0.008,-57.646,0.638,5.284,0.016,0.003,-32.162,1.783,5.557,0.041,0.007,-78.642,0.844,6.018,0.018,0.006,-53.899,1.007,6.11,0.003,0.005,-130.951,1.347,6.279,0.033,0.006,-133.398,1,6.681,0.026,0.008,-88.091,0.887,7,0.019,0.007,-63.256,1.006,7.193,0.046,0.008,-76.287,0.944,8.321,0.007,0.011,-57.759,0.787,8.449,0.031,0.008,-58.1,0.999,5.164,0.016,0.004,-234.262,1.289,5.716,0.009,0.007,-140.003,0.765,3.78,0.129,0.008,-60.233,0.501,6.181,0.002,0.004,-59.077,1.417,11.425,0.002,0.005,-11.579,2.45
76,D0466,45404757_1450,3/1/2023 4:55,22.3,2,QPLog 10-1631 (16) rev14,FALSE,,B3,No Defect,Pass,Pass,Green,Not Done,Pass,Green,Pass,200_LA (old),none,,,3,2019,Pass,0,0,,2.186,2.316,3.041,3.148,3.181,3.331,3.415,4.095,4.234,4.337,4.36,1.42,1.763,1.462,1.169,1.417,0.171,4.108,2.514,0.868,1.438,2.193,2.186,0.032,0.003,-16.202,0.671,2.316,0.029,0.008,-26.178,0.275,3.041,0.102,0.009,-39.877,0.357,3.148,0.149,0.007,-136.147,0.45,3.181,0.186,0.005,-121.174,0.652,3.331,0.063,0.007,-102.546,0.495,3.415,0.045,0.008,-52.417,0.417,4.095,0.055,0.008,-94.413,0.529,4.234,0.028,0.006,-162.055,0.663,4.337,0.058,0.006,-135.992,0.674,4.36,0.04,0.006,-125.95,0.691,4.721,0.037,0.007,-116.089,0.652,5.101,0.059,0.01,-47.351,0.499,5.283,0.015,0.006,-43.052,0.933,5.57,0.013,0.003,-15.346,1.678,6.042,0.063,0.007,-80.979,0.825,6.109,0.004,0.005,-137.99,1.328,6.279,0.035,0.006,-131.603,1.089,6.681,0.024,0.008,-60.899,0.853,7,0.02,0.007,-63.118,0.986,7.194,0.046,0.008,-81.669,0.954,8.32,0.008,0.009,-73.179,0.88,8.336,0.003,0.009,-46.206,0.956,5.164,0.015,0.004,-214.223,1.174,0,0,0,0,0,3.778,0.143,0.007,-83.844,0.565,6.19,0.002,0.002,-51.576,3.058,11.423,0.002,0.004,-23.005,2.901
77,2386,45404810_86833,3/17/2023 15:20,23.1,2,QPLog 10-1631 (16) rev16,TRUE,,GD,No Defect,Not Done,Pass,Green,Not Done,Pass,Green,Pass,110_LVL (new),none,,,11,2003,Pass,0,0,,2.158,2.309,3.033,3.13,3.143,3.327,3.375,4.052,4.226,4.269,4.354,0.603,1.002,1,-1.249,-0.834,-0.157,-0.91,0.279,-1.106,0.523,0.27,2.158,0.259,0.003,-10.234,0.617,2.309,0.286,0.009,-22.716,0.262,3.033,0.148,0.007,-72.742,0.428,3.13,0.33,0.006,-135.718,0.497,3.143,0.204,0.007,-50.908,0.459,3.327,0.147,0.007,-94.203,0.459,3.375,0.036,0.008,-68.608,0.446,4.052,0.145,0.007,-83.747,0.61,4.226,0.059,0.005,-218.804,0.797,4.269,0.063,0.004,-205.695,1.155,4.354,0.093,0.006,-145.494,0.781,4.727,0.076,0.007,-124.146,0.683,5.066,0.087,0.008,-85.163,0.638,5.182,0.08,0.007,-117.208,0.795,5.532,0.05,0.005,-158,1.029,6.018,0.063,0.005,-93.381,1.207,6.056,0.036,0.006,-124.132,1.059,6.233,0.053,0.007,-91.573,0.844,6.62,0.031,0.007,-82.894,0.915,6.947,0.003,0.009,-49.955,0.808,7.176,0.101,0.007,-92.619,1.015,0,0,0,0,0,8.372,0.052,0.009,-65.835,0.968,5.131,0.106,0.005,-188.192,0.983,5.696,0.008,0.005,-139.675,1.257,3.76,0.148,0.004,-64.285,0.923,6.138,0.058,0.007,-88.342,0.899,0,0,0,0,0
78,2798,45523806_1450,5/8/2023 19:51,23.4,2,QPLog 10-1631 (16) rev18,TRUE,,GD,No Defect,Pass,Pass,Green,Not Done,Pass,Green,Pass,400_LA (new),none,,,4,2006,Pass,0,0,,2.172,2.3,3.03,3.139,3.158,3.333,3.398,4.071,4.228,4.272,4.399,-0.33,0.766,1.619,0.156,0.162,2.433,0.389,0.788,0.301,0.627,1.277,2.172,0.038,0.004,-59.566,0.51,2.3,0.075,0.005,-33.564,0.497,3.03,0.173,0.006,-57.426,0.478,3.139,0.275,0.007,-119.696,0.45,3.158,0.05,0.007,-172.603,0.445,3.333,0.134,0.01,-113.587,0.325,3.398,0.12,0.007,-66.184,0.493,4.071,0.066,0.005,-180.333,0.803,4.228,0.111,0.005,-220.805,0.795,4.272,0.04,0.006,-176.802,0.699,4.399,0.197,0.008,-93.238,0.576,4.746,0.119,0.009,-71.821,0.516,5.083,0.168,0.012,-40.29,0.438,5.208,0.113,0.006,-70.296,0.869,5.541,0.099,0.006,-135.253,0.957,6.011,0.037,0.005,-68.128,1.176,6.09,0.143,0.006,-144.074,1.03,6.266,0.129,0.006,-135.718,1.064,6.646,0.025,0.008,-78.304,0.844,6.965,0.016,0.003,-9.618,2.301,7.178,0.176,0.008,-64.672,0.903,8.318,0.036,0.011,-38.424,0.771,8.404,0.027,0.009,-35.66,0.982,5.142,0.044,0.006,-123.718,0.882,5.71,0.01,0.008,-107.206,0.758,3.769,0.131,0.007,-79.145,0.544,6.154,0.034,0.005,-117.157,1.296,11.402,0.007,0.002,-6.855,7.119
79,3761,45394045_86833,3/10/2023 16:42,23.3,2,QPLog 10-1631 (16) rev15,FALSE,,GD,,,,,,Pass,,,110_LVL (new),,,,,,Pass,0,0,,2.174,2.301,3.03,3.129,3.159,3.317,3.381,4.047,4.205,4.266,4.35,-0.186,0.766,-0.03,-0.889,-1.106,-0.388,-1.034,-0.291,-0.873,0.099,-0.13,2.174,0.275,0.005,-29.779,0.426,2.301,0.293,0.012,-49.2,0.191,3.03,0.089,0.012,-51.56,0.25,3.129,0.241,0.008,-90.002,0.374,3.159,0.02,0.003,-186.105,0.99,3.317,0.142,0.006,-158.731,0.577,3.381,0.054,0.012,-46.437,0.291,4.047,0.075,0.006,-118.18,0.631,4.205,0.061,0.007,-217.013,0.604,4.266,0.124,0.006,-187.178,0.734,4.35,0.112,0.006,-116.067,0.684,4.712,0.089,0.007,-96.368,0.693,5.056,0.16,0.009,-69.302,0.595,5.18,0.093,0.006,-109.245,0.821,5.522,0.045,0.005,-194.363,1.094,5.983,0.04,0.006,-116.94,1.055,6.059,0.082,0.005,-166.638,1.142,6.239,0.061,0.008,-69.604,0.764,6.629,0.022,0.005,-91.232,1.213,6.945,0.013,0.005,-68.72,1.298,7.167,0.142,0.005,-70.846,1.326,8.309,0.023,0.006,-33.321,1.301,8.389,0.035,0.009,-42.67,0.896,5.116,0.068,0.006,-168.354,0.845,5.695,0.008,0.004,-105.22,1.275,3.756,0.119,0.006,-58.696,0.61,6.134,0.028,0.007,-62.672,0.838,11.381,0.002,0.009,-20.018,1.258
80,3761,45394045_86833,3/10/2023 17:04,23.4,2,QPLog 10-1631 (16) rev15,FALSE,,GD,,,,,,Pass,,,110_LVL (new),,,,,,Pass,0,0,,2.186,2.306,3.025,3.139,3.171,3.322,3.404,4.087,4.216,4.3,4.376,0.322,0.323,0.451,0.531,1.014,1.086,0.728,0.824,0.589,0.584,1.235,2.186,0.259,0.007,-28.83,0.331,2.306,0.296,0.01,-36.422,0.225,3.025,0.118,0.009,-43.176,0.327,3.139,0.203,0.006,-164.29,0.521,3.171,0.189,0.009,-64.803,0.363,3.322,0.145,0.007,-117.71,0.501,3.404,0.051,0.011,-44.915,0.319,4.087,0.082,0.006,-124.898,0.708,4.216,0.056,0.006,-194.049,0.757,4.3,0.102,0.008,-92.006,0.52,4.376,0.115,0.006,-112.965,0.703,4.736,0.095,0.006,-106.281,0.729,5.08,0.172,0.01,-64.064,0.508,5.215,0.092,0.009,-69.757,0.612,5.541,0.04,0.005,-129.545,1.195,6.009,0.104,0.006,-137.629,0.981,6.072,0.095,0.006,-117.902,0.994,6.272,0.063,0.007,-77.267,0.922,6.662,0.018,0.008,-44.446,0.838,6.992,0.025,0.009,-56.65,0.811,7.177,0.146,0.008,-79.723,0.949,8.319,0.024,0.01,-37.12,0.797,8.431,0.034,0.009,-56.498,0.945,5.132,0.046,0.006,-180.145,0.904,0,0,0,0,0,3.769,0.11,0.007,-59.873,0.514,6.16,0.007,0.005,-65.841,1.251,11.397,0.002,0.005,-29.049,2.205
81,3761,45394045_86833,3/10/2023 17:10,23.4,2,QPLog 10-1631 (16) rev15,FALSE,,GD,,,,,,Pass,,,110_LVL (new),,,,,,Pass,0,0,,2.184,2.306,3.025,3.138,3.169,3.321,3.404,4.086,4.215,4.3,4.376,0.322,0.305,0.382,0.533,0.933,1.084,0.6,0.83,0.575,0.541,1.148,2.184,0.235,0.011,-28.015,0.193,2.306,0.302,0.012,-39.954,0.197,3.025,0.104,0.007,-82.472,0.449,3.138,0.173,0.006,-162.698,0.509,3.169,0.15,0.006,-103.726,0.494,3.321,0.114,0.006,-126.797,0.537,3.404,0.054,0.011,-46.22,0.318,4.086,0.05,0.007,-166.122,0.579,4.215,0.049,0.006,-183.98,0.653,4.3,0.108,0.008,-95.352,0.522,4.376,0.124,0.006,-114.076,0.743,4.736,0.088,0.006,-107.984,0.743,5.081,0.179,0.01,-63.327,0.528,5.213,0.076,0.007,-74.731,0.72,5.541,0.048,0.005,-189.648,1.094,6.008,0.093,0.006,-128.469,0.988,6.072,0.096,0.006,-111.497,1.011,6.272,0.069,0.007,-82.006,0.895,6.662,0.016,0.007,-47.687,0.932,6.992,0.023,0.009,-57.815,0.81,7.176,0.132,0.008,-73.369,0.911,8.32,0.027,0.01,-41.414,0.869,8.431,0.035,0.009,-58.078,0.927,5.13,0.036,0.004,-250.66,1.352,0,0,0,0,0,3.768,0.092,0.006,-89.822,0.63,6.16,0.025,0.006,-108.841,1.004,11.395,0.004,0.013,-18.524,0.858
82,4257,45453988_1450,3/29/2023 1:31,24.7,2,QPLog 10-1631 (16) rev16,FALSE,,GD,No Defect,Pass,Pass,Green,Not Done,Pass,Green,Pass,400_LA (new),none,,,1,2012,Pass,0,0,,2.158,2.307,3.003,3.113,3.139,3.316,3.379,4.048,4.206,4.277,4.367,0.4,-1.576,-0.099,-1.007,-1.04,0.594,-1.083,0.494,-1.235,-0.382,-0.839,2.158,0.262,0.011,-48.759,0.203,2.307,0.311,0.012,-51.472,0.193,3.003,0.11,0.01,-57.183,0.304,3.113,0.205,0.006,-158.913,0.496,3.139,0.081,0.004,-113.787,0.838,3.316,0.082,0.007,-96.936,0.464,3.379,0.109,0.01,-72.706,0.354,4.048,0.027,0.007,-82.199,0.611,4.206,0.061,0.006,-193.604,0.708,4.277,0.192,0.007,-148.849,0.651,4.367,0.219,0.006,-146.175,0.759,4.73,0.111,0.009,-82.756,0.525,5.072,0.176,0.011,-44.479,0.453,5.179,0.079,0.008,-64.234,0.672,5.536,0.098,0.005,-114.401,1.095,6,0.14,0.006,-176.341,1.055,6.058,0.184,0.006,-100.727,0.937,6.23,0.122,0.005,-174.901,1.147,6.607,0.019,0.004,-63.054,1.737,6.92,0.009,0.003,-19.615,2.129,7.158,0.069,0.007,-75.294,1.076,8.306,0.017,0.008,-59.957,1.026,8.388,0.019,0.01,-16.494,0.877,5.113,0.031,0.004,-99.832,1.27,5.685,0.014,0.007,-61.802,0.855,3.749,0.098,0.009,-51.792,0.425,6.125,0.005,0.002,-57.99,2.522,11.332,0.008,0.002,-12.042,6.85
83,4310,45493854_1450,4/19/2023 15:18,25.5,2,QPLog 10-1631 (16) rev15,TRUE,,GD,No Defect,Pass,Pass,Green,Not Done,Pass,Green,Pass,300_FW,none,,,2,2012,Pass,0,0,,2.177,2.302,3.02,3.125,3.155,3.306,3.378,4.04,4.185,4.25,4.333,-0.124,-0.132,-1.129,-1.027,-1.477,-1.399,-1.745,-1.443,-1.161,-1.244,-1.225,2.177,0.049,0.012,-22.123,0.183,2.302,0.486,0.013,-46.825,0.181,3.02,0.103,0.006,-118.55,0.5,3.125,0.262,0.007,-112.637,0.48,3.155,0.012,0.003,-231.004,1.06,3.306,0.115,0.007,-107.142,0.495,3.378,0.045,0.013,-44.095,0.261,4.04,0.053,0.008,-111.054,0.501,4.185,0.055,0.005,-231.305,0.764,4.25,0.123,0.006,-170.594,0.75,4.333,0.081,0.007,-99.526,0.652,4.698,0.076,0.007,-121.933,0.68,5.036,0.114,0.012,-48.153,0.432,5.165,0.085,0.007,-73.601,0.711,5.503,0.059,0.005,-159.183,1.003,5.979,0.115,0.004,-194.366,1.437,6.032,0.077,0.006,-118.8,1.006,6.232,0.083,0.005,-192.147,1.197,6.613,0.016,0.011,-30.576,0.61,6.959,0.013,0.008,-60.04,0.82,7.14,0.089,0.008,-62.645,0.864,8.277,0.017,0.01,-47.836,0.868,8.375,0.013,0.008,-52.405,1.018,5.094,0.04,0.006,-153.229,0.9,5.689,0.014,0.006,-125.834,0.976,3.746,0.112,0.008,-64.368,0.488,6.116,0.04,0.006,-104.018,1.025,11.322,0.002,0.009,-14.516,1.195
84,4587,45442187_1450,3/22/2023 21:28,20.6,2,QPLog 10-1631 (16) rev16,TRUE,,B3,,,,,,Pass,,,400_LA (new),,,,,,Pass,0,0,,2.158,2.296,3.015,3.126,3.165,3.32,3.409,4.073,4.203,4.292,4.369,-0.793,-0.493,0.314,0.833,0.264,0.691,2.439,0.713,-0.282,4.655,-0.164,2.158,0.096,0.012,-32.657,0.186,2.296,0.222,0.011,-9.844,0.206,3.015,0.095,0.014,-63.579,0.22,3.126,0.114,0.005,-185.329,0.577,3.165,0.007,0.002,-188.824,1.51,3.32,0.111,0.008,-120.246,0.414,3.409,0.159,0.012,-33.814,0.276,4.073,0.047,0.006,-136.296,0.641,4.203,0.039,0.006,-113.9,0.727,4.292,0.186,0.006,-110.211,0.71,4.369,0.332,0.01,-56.445,0.418,4.74,0.328,0.011,-53.562,0.44,5.074,0.292,0.008,-80.693,0.674,5.25,0.065,0.006,-139.434,0.843,5.539,0.156,0.01,-75.448,0.569,6.004,0.067,0.006,-183.889,0.936,6.066,0.037,0.004,-225.282,1.353,6.252,0.078,0.008,-73.057,0.8,6.64,0.002,0.005,-40.3,1.262,0,0,0,0,0,7.259,0.064,0.012,-27.388,0.591,8.313,0.037,0.008,-56.951,1.049,8.405,0.055,0.012,-45.595,0.714,5.124,0.057,0.003,-208.725,1.83,5.704,0.009,0.006,-66.021,0.966,3.756,0.107,0.007,-65.649,0.553,6.15,0.054,0.005,-123.441,1.161,11.388,0.004,0.007,-13.49,1.536
85,5394,45481222_1450,4/12/2023 22:09,26.2,2,QPLog 10-1631 (16) rev15,TRUE,,B3,No Defect,Pass,Pass,Green,Not Done,Pass,Green,Pass,300_FW,none,,,12,2014,Pass,0,0,,2.165,2.316,3.02,3.134,3.156,3.319,3.393,4.063,4.213,4.272,4.347,1.389,-0.098,0.21,-0.155,-0.245,-0.599,-0.298,-0.131,-0.342,-0.648,-0.287,2.165,0.272,0.014,-30.901,0.159,2.316,0.282,0.014,-12.338,0.171,3.02,0.08,0.006,-114.911,0.495,3.134,0.142,0.007,-113.499,0.47,3.156,0.04,0.005,-142.802,0.605,3.319,0.063,0.007,-87.166,0.46,3.393,0.062,0.007,-84.225,0.474,4.063,0.024,0.005,-141.29,0.767,4.213,0.047,0.006,-235.272,0.734,4.272,0.11,0.005,-181.596,0.777,4.347,0.117,0.007,-119.376,0.616,4.712,0.051,0.007,-109.914,0.663,5.06,0.13,0.01,-47.663,0.53,5.194,0.052,0.006,-54.145,0.864,5.525,0.07,0.005,-167.477,1.043,5.996,0.108,0.006,-137.397,0.948,6.061,0.013,0.005,-154.94,1.332,6.251,0.061,0.005,-185.924,1.201,6.643,0.015,0.008,-53.955,0.82,6.957,0.006,0.006,-51.734,1.228,7.152,0.058,0.009,-53.143,0.801,8.289,0.011,0.011,-37.117,0.776,8.411,0.008,0.009,-32.272,0.901,5.125,0.016,0.004,-93.24,1.218,5.703,0.007,0.009,-36.691,0.667,3.755,0.066,0.005,-64.953,0.781,6.133,0.005,0.005,-91.039,1.172,11.351,0.013,0.015,-11.015,0.754
86,5394,45481222_1450,4/12/2023 22:27,26,2,QPLog 10-1631 (16) rev15,FALSE,,GD,No Defect,Pass,Pass,Green,Not Done,Pass,Green,Pass,300_FW,none,,,12,2014,Pass,0,0,,2.164,2.32,3.021,3.135,3.158,3.322,3.392,4.066,4.214,4.27,4.346,1.78,-0.003,0.52,-0.195,-0.118,-0.657,-0.268,-0.216,-0.361,-0.626,0.006,2.164,0.3,0.007,-10.92,0.31,2.32,0.204,0.004,-4.229,0.648,3.021,0.098,0.006,-111.001,0.484,3.135,0.187,0.007,-134.03,0.48,3.158,0.088,0.006,-116.851,0.517,3.322,0.091,0.008,-97.192,0.412,3.392,0.046,0.007,-78.87,0.508,4.066,0.053,0.006,-112.945,0.654,4.214,0.052,0.005,-248.14,0.784,4.27,0.081,0.007,-149.163,0.649,4.346,0.108,0.007,-124.818,0.65,4.712,0.059,0.008,-114.907,0.625,5.057,0.106,0.01,-52.405,0.507,5.195,0.069,0.006,-104.894,0.845,5.524,0.051,0.005,-166.123,1.049,5.996,0.115,0.006,-136.497,0.967,6.061,0.009,0.004,-148.747,1.499,6.25,0.058,0.005,-191.357,1.224,6.642,0.016,0.008,-44.502,0.823,6.958,0.007,0.005,-46.364,1.274,7.153,0.064,0.008,-60.054,0.868,8.292,0.016,0.009,-45.046,0.893,8.411,0.008,0.009,-37.413,0.933,5.125,0.024,0.004,-197.403,1.309,5.703,0.008,0.009,-67.384,0.666,3.757,0.078,0.006,-76.315,0.626,6.133,0.021,0.005,-148.758,1.317,11.361,0.005,0.016,-12.174,0.711
87,6139,45483807_1450,4/13/2023 19:30,25.9,2,QPLog 10-1631 (16) rev15,TRUE,,B3,No Defect,Pass,Pass,Green,Not Done,Pass,Green,Pass,300_FW,none,,,4,2015,Pass,0,0,,2.161,2.319,3.03,3.14,3.159,3.316,3.394,4.064,4.197,4.273,4.35,1.701,0.793,-0.167,-0.094,-0.2,-0.388,-0.194,-0.04,0.14,0.337,0.283,2.161,0.231,0.017,-8.783,0.128,2.319,0.213,0.021,-5.544,0.109,3.03,0.083,0.013,-63.191,0.226,3.14,0.221,0.006,-134.15,0.497,3.159,0.021,0.002,-295.864,1.372,3.316,0.099,0.006,-114.276,0.539,3.394,0.042,0.007,-76.893,0.521,4.064,0.047,0.005,-123.104,0.806,4.197,0.048,0.006,-191.834,0.705,4.273,0.074,0.006,-182.877,0.721,4.35,0.071,0.006,-108.367,0.703,4.719,0.054,0.008,-94.617,0.622,5.059,0.112,0.009,-56.082,0.591,5.197,0.081,0.006,-83.641,0.825,5.527,0.043,0.006,-144.359,0.966,5.991,0.081,0.005,-196.895,1.092,6.057,0.088,0.006,-124.956,1.049,6.262,0.066,0.006,-161.715,1.097,6.652,0.023,0.007,-80.054,1.005,6.993,0.013,0.009,-51.32,0.783,7.172,0.073,0.008,-72.394,0.861,8.315,0.017,0.011,-37.458,0.766,8.418,0.011,0.01,-47.8,0.883,5.11,0.024,0.004,-206.363,1.271,5.701,0.01,0.007,-83.192,0.808,3.76,0.089,0.012,-40.875,0.313,6.135,0.006,0.005,-111.355,1.263,11.371,0.004,0.015,-11.092,0.759
88,6139,45483807_1450,4/13/2023 19:36,25.9,2,QPLog 10-1631 (16) rev15,FALSE,,GD,No Defect,Pass,Pass,Green,Not Done,Pass,Green,Pass,300_FW,none,,,4,2015,Pass,0,0,,2.165,2.311,3.03,3.14,3.159,3.316,3.393,4.064,4.197,4.273,4.35,0.907,0.793,-0.133,-0.126,-0.223,-0.407,-0.231,-0.082,0.11,0.305,0.278,2.165,0.198,0.003,-2.091,0.692,2.311,0.263,0.013,-12.552,0.184,3.03,0.089,0.013,-67.305,0.226,3.14,0.227,0.007,-128.171,0.48,3.159,0.024,0.002,-269.565,1.368,3.316,0.117,0.006,-124.768,0.561,3.393,0.048,0.007,-76.098,0.52,4.064,0.057,0.005,-145.063,0.805,4.197,0.056,0.006,-208.705,0.721,4.273,0.079,0.006,-189.409,0.73,4.35,0.086,0.006,-105.253,0.692,4.718,0.064,0.007,-104.978,0.647,5.059,0.114,0.009,-59.863,0.555,5.196,0.079,0.006,-99.182,0.871,5.526,0.045,0.003,-196.378,1.6,5.99,0.087,0.005,-217.618,1.131,6.057,0.09,0.006,-122.195,1.022,6.261,0.063,0.006,-140.522,1.056,6.652,0.024,0.006,-97.267,1.1,6.992,0.013,0.009,-55.322,0.801,7.171,0.077,0.008,-75.165,0.864,8.314,0.015,0.011,-32.448,0.77,8.418,0.015,0.011,-32.795,0.736,5.109,0.023,0.004,-212.939,1.261,5.701,0.013,0.006,-98.279,0.891,3.76,0.088,0.009,-50.493,0.42,6.135,0.005,0.005,-105.663,1.27,11.371,0.004,0.009,-15.71,1.238
89,6141,45427917_1450,3/13/2023 20:58,22.6,2,QPLog 10-1631 (16) rev14,TRUE,,GD,No Defect,Pass,Pass,Green,Not Done,Pass,Green,Pass,200_LA (old),none,,,4,2015,Pass,0,0,,2.17,2.313,3.015,3.134,3.162,3.309,3.397,4.066,4.184,4.276,4.341,1.032,-0.566,-0.854,0.094,-0.134,-0.889,-0.129,-0.516,0.003,0,-0.226,2.17,0.095,0.003,-29.982,0.719,2.313,0.172,0.011,-30.899,0.208,3.015,0.122,0.009,-41.444,0.346,3.134,0.17,0.006,-198.824,0.549,3.162,0.211,0.004,-144.139,0.811,3.309,0.082,0.008,-88.721,0.415,3.397,0.061,0.007,-76.797,0.502,4.066,0.066,0.006,-121.122,0.674,4.184,0.045,0.007,-156.298,0.568,4.276,0.061,0.007,-137.673,0.645,4.341,0.088,0.006,-112.317,0.733,4.71,0.081,0.008,-118.977,0.569,5.05,0.098,0.008,-61.725,0.617,5.198,0.014,0.004,-119.169,1.249,5.518,0.071,0.005,-140.972,1.101,5.976,0.053,0.006,-186.294,1.027,6.049,0.063,0.007,-117.246,0.878,6.259,0.057,0.006,-163.462,1.106,6.645,0.043,0.006,-114.739,1.141,6.984,0.057,0.007,-94.374,0.989,7.165,0.069,0.007,-82.207,0.974,8.307,0.012,0.012,-28.393,0.703,8.42,0.056,0.008,-87.98,1.116,5.101,0.01,0.002,-24.193,3.185,5.7,0.018,0.006,-115.855,0.908,3.755,0.218,0.008,-85.234,0.486,6.144,0.03,0.006,-99.388,1.117,11.372,0.003,0.012,-17.927,0.945
90,6407,45456773_1450,3/31/2023 18:50,20.4,2,QPLog 10-1631 (16) rev16,TRUE,,GD,No Defect,Pass,Pass,Green,Not Done,Pass,Green,Pass,400_LA (new),none,,,9,2015,Pass,0,0,,2.159,2.314,3.027,3.141,3.165,3.327,3.405,4.077,4.225,4.3,4.391,1.233,0.482,1.035,0.553,0.457,1.952,0.615,1.997,0.152,2.005,1.81,2.159,0.008,0.004,-46.099,0.508,2.314,0.025,0.005,-8.263,0.485,3.027,0.209,0.006,-8.356,0.544,3.141,0.301,0.011,-45.493,0.281,3.165,0.037,0.009,-134.353,0.344,3.327,0.176,0.009,-57.318,0.373,3.405,0.164,0.01,-28.991,0.343,4.077,0.038,0.006,-94.851,0.739,4.225,0.089,0.006,-216.299,0.732,4.3,0.162,0.007,-102.02,0.626,4.391,0.284,0.009,-61.106,0.467,4.749,0.201,0.009,-55.371,0.502,5.099,0.304,0.011,-48.422,0.46,5.213,0.096,0.008,-75.982,0.654,5.561,0.124,0.006,-85.279,1.007,6.03,0.027,0.006,-85.528,1.047,6.089,0.162,0.008,-72.237,0.799,6.262,0.114,0.006,-103.515,0.984,6.66,0.02,0.008,-36.224,0.825,6.972,0.013,0.003,-26.714,2.027,7.205,0.086,0.009,-39.274,0.822,8.342,0.019,0.009,-32.497,0.918,8.44,0.039,0.012,-19.039,0.695,5.161,0.038,0.003,-158.375,1.491,5.705,0.013,0.008,-96.732,0.73,3.775,0.187,0.009,-58.896,0.431,6.146,0.006,0.005,-91.96,1.353,11.43,0.013,0.013,-9.498,0.868
91,8036,45447508_1450,3/24/2023 21:00,20.2,2,QPLog 10-1631 (16) rev16,TRUE,,GD,No Defect,Pass,Pass,Green,Not Done,Pass,Green,Pass,400_LA (new),none,,,8,2017,Pass,0,0,,2.187,2.308,3.02,3.139,3.171,3.315,3.412,4.081,4.205,4.284,4.356,0.57,-0.051,-0.236,0.969,0.69,-0.041,0.628,0.605,0.52,0.716,0.278,2.187,0.229,0.01,-37.866,0.229,2.308,0.238,0.014,-42.058,0.166,3.02,0.078,0.007,-43.442,0.408,3.139,0.198,0.007,-139.124,0.433,3.171,0.135,0.008,-66.978,0.394,3.315,0.117,0.006,-109.804,0.52,3.412,0.063,0.011,-47.797,0.317,4.081,0.058,0.006,-156.462,0.716,4.205,0.063,0.006,-212.262,0.712,4.284,0.099,0.006,-207.922,0.717,4.356,0.194,0.006,-140.994,0.742,4.723,0.108,0.007,-111.274,0.71,5.076,0.148,0.009,-55.06,0.545,5.213,0.067,0.006,-81.412,0.934,5.538,0.076,0.006,-124.347,0.903,6.014,0.126,0.007,-134.74,0.91,6.076,0.125,0.005,-166.873,1.185,6.271,0.104,0.006,-158.911,1.072,6.657,0.021,0.008,-48.434,0.877,6.967,0.005,0.005,-72.466,1.478,7.18,0.157,0.008,-65.728,0.864,8.313,0.027,0.014,-30.926,0.589,8.422,0.035,0.008,-65.978,1.063,5.14,0.014,0.003,-126.977,1.563,0,0,0,0,0,3.76,0.153,0.007,-73.574,0.507,6.165,0.036,0.005,-88.071,1.356,11.396,0.004,0.007,-15.737,1.636
92,9065,45459487_1450,4/1/2023 17:17,21.4,2,QPLog 10-1631 (16) rev16,TRUE,,GD,No Defect,Pass,Pass,Green,Not Done,Pass,Green,Pass,400_LA (new),none,,,9,2018,Pass,0,0,,2.173,2.296,3.018,3.137,3.181,3.323,3.419,4.105,4.216,4.308,4.387,-0.718,-0.244,0.623,1.387,1.923,1.721,1.69,1.215,0.927,1.556,0.529,2.173,0.242,0.004,-10.404,0.494,2.296,0.156,0.005,-44.815,0.435,3.018,0.078,0.015,-30.439,0.203,3.137,0.185,0.006,-144.279,0.505,3.181,0.168,0.01,-48.468,0.318,3.323,0.136,0.006,-122.882,0.52,3.419,0.037,0.013,-37.919,0.273,4.105,0.081,0.008,-106.957,0.533,4.216,0.061,0.005,-228.221,0.792,4.308,0.045,0.006,-155.051,0.732,4.387,0.094,0.006,-116.063,0.765,4.744,0.068,0.008,-94.81,0.605,5.095,0.106,0.012,-37.043,0.409,5.234,0.087,0.006,-43.744,0.951,5.548,0.023,0.006,-121.751,0.938,6.026,0.108,0.006,-114.796,0.96,6.09,0.096,0.006,-122.183,1.065,6.28,0.079,0.006,-149.071,1.1,6.661,0.012,0.009,-43.539,0.726,6.966,0.009,0.003,-23.339,2.048,7.197,0.095,0.007,-72.011,1.03,8.342,0.017,0.009,-25.424,0.94,8.423,0.019,0.011,-34.446,0.776,5.144,0.044,0.006,-133.516,0.914,5.709,0.008,0.004,-42.817,1.307,3.762,0.103,0.007,-46.632,0.547,6.175,0.041,0.007,-93.707,0.89,11.437,0.001,0.008,-11.895,1.394
93,9066,45481233_1450,4/12/2023 23:30,24.9,2,QPLog 10-1631 (16) rev15,TRUE,,B3,No Defect,Pass,Pass,Green,Pass,Pass,Green,Pass,300_FW,none,,,9,2018,Pass,0,0,,2.193,2.322,3.019,3.139,3.183,3.323,3.425,4.108,4.217,4.304,4.387,2.058,-0.212,0.623,1.755,2.082,1.72,1.687,1.527,1.017,1.56,0.054,2.193,0.193,0.005,-10.256,0.456,2.322,0.299,0.026,-7.58,0.091,3.019,0.085,0.006,-112.622,0.517,3.139,0.122,0.006,-165.761,0.536,3.183,0.118,0.007,-94.207,0.481,3.323,0.082,0.009,-86.265,0.384,3.425,0.036,0.01,-42.891,0.353,4.108,0.054,0.007,-92.265,0.557,4.217,0.037,0.006,-222.682,0.755,4.304,0.031,0.006,-190.659,0.745,4.387,0.056,0.006,-127.47,0.684,4.748,0.048,0.007,-108.412,0.72,5.101,0.102,0.009,-70.856,0.541,5.234,0.057,0.006,-86.168,0.886,5.553,0.044,0.005,-164.536,1.02,6.028,0.075,0.005,-165.238,1.1,6.084,0.014,0.004,-175.014,1.555,6.282,0.038,0.006,-130.88,0.999,6.662,0.016,0.007,-71.893,0.938,6.962,0.006,0.006,-59.152,1.211,7.197,0.049,0.009,-61.137,0.845,8.344,0.005,0.011,-33.331,0.788,8.432,0.015,0.009,-41.268,0.956,5.14,0.022,0.005,-140.245,0.975,5.717,0.004,0.007,-100.553,0.847,3.758,0.049,0.007,-43.864,0.522,6.174,0.027,0.006,-129.204,1.078,11.419,0.002,0.01,-12.95,1.135
94,9066,45481233_1450,4/12/2023 23:37,25.2,2,QPLog 10-1631 (16) rev15,FALSE,,B3,No Defect,Pass,Pass,Green,Pass,Pass,Green,Pass,300_FW,none,,,9,2018,Pass,0,0,,2.179,2.296,3.018,3.138,3.183,3.323,3.427,4.107,4.216,4.304,4.386,-0.693,-0.273,0.588,1.858,2.066,1.682,1.65,1.534,1.014,1.484,0.816,2.179,0.222,0.01,-13.421,0.212,2.296,0.16,0.004,-63.705,0.537,3.018,0.087,0.006,-113.452,0.513,3.138,0.124,0.006,-160.444,0.518,3.183,0.121,0.007,-92.037,0.472,3.323,0.085,0.008,-70.863,0.407,3.427,0.037,0.009,-46.606,0.373,4.107,0.059,0.007,-106.642,0.6,4.216,0.039,0.006,-229.412,0.752,4.304,0.034,0.006,-180.72,0.764,4.386,0.061,0.006,-117.739,0.719,4.746,0.052,0.007,-90.769,0.682,5.099,0.115,0.009,-55.089,0.59,5.234,0.067,0.008,-79.405,0.692,5.553,0.046,0.005,-154.389,1.074,6.028,0.089,0.006,-156.288,1.09,6.084,0.017,0.004,-173.563,1.61,6.282,0.049,0.006,-109.318,0.994,6.661,0.016,0.007,-72.903,0.955,6.962,0.007,0.006,-64.07,1.212,7.195,0.067,0.008,-64.936,0.876,8.342,0.007,0.015,-29.91,0.568,8.431,0.013,0.01,-37.13,0.83,5.138,0.03,0.004,-241.645,1.338,5.719,0.007,0.005,-104.034,1.074,3.765,0.042,0.003,-40.794,1.31,6.175,0.031,0.005,-126.825,1.13,11.421,0.005,0.012,-16.74,0.93
95,B0276,45521386_1450,5/8/2023 18:41,23.3,2,QPLog 10-1631 (16) rev18,TRUE,,GD,No Defect,Pass,Pass,Green,Not Done,Pass,Green,Pass,400_LA (new),none,,,9,2019,Pass,0,0,,2.19,2.301,3.024,3.149,3.192,3.318,3.43,4.108,4.21,4.298,4.348,-0.161,0.27,0.073,2.074,2.082,-0.541,1.065,0.429,1.261,-0.161,0.865,2.19,0.054,0.006,-43.659,0.344,2.301,0.037,0.007,-70.707,0.345,3.024,0.173,0.01,-33.77,0.295,3.149,0.172,0.007,-95.153,0.444,3.192,0.19,0.009,-53.225,0.358,3.318,0.117,0.006,-96.746,0.542,3.43,0.039,0.01,-37.834,0.336,4.108,0.056,0.007,-122.04,0.579,4.21,0.054,0.005,-190.028,0.849,4.298,0.079,0.008,-135.279,0.561,4.348,0.163,0.008,-96.872,0.521,4.728,0.065,0.006,-140.445,0.748,5.071,0.126,0.008,-68.785,0.611,5.222,0.013,0.002,-28.982,3.242,5.535,0.026,0.006,-117.126,0.979,5.997,0.122,0.006,-122.705,0.952,6.055,0.08,0.006,-138.491,1.029,6.287,0.052,0.006,-131.052,1.085,6.693,0.019,0.007,-57.163,0.946,7.005,0.025,0.009,-60.524,0.814,7.162,0.121,0.009,-54.064,0.842,8.304,0.045,0.006,-66.716,1.466,8.453,0.018,0.009,-56.044,0.954,5.143,0.008,0.004,-81.836,1.349,5.705,0.013,0.006,-71.741,0.958,3.766,0.126,0.011,-79.717,0.346,6.18,0.056,0.007,-75.686,0.83,11.393,0.004,0.007,-19.558,1.711
96,D0138,45513969_1450,4/30/2023 17:46,24.8,2,QPLog 10-1631 (16) rev15,TRUE,,GD,No Defect,Not Done,Pass,Green,Not Done,Pass,Green,Pass,300_FW,none,,,0,0,Pass,0,0,,2.193,2.308,3.032,3.15,3.181,3.323,3.42,4.101,4.217,4.314,4.381,0.595,0.975,0.554,1.486,1.7,1.412,1.7,1.447,1.146,1.438,0.938,2.193,0.35,0.011,-38.769,0.203,2.308,0.437,0.009,-86.47,0.262,3.032,0.058,0.008,-74.671,0.374,3.15,0.152,0.006,-178.537,0.554,3.181,0.084,0.007,-84.855,0.44,3.323,0.086,0.006,-100.015,0.565,3.42,0.036,0.007,-71.133,0.486,4.101,0.05,0.007,-119.247,0.626,4.217,0.043,0.006,-215.529,0.718,4.314,0.067,0.007,-124.427,0.585,4.381,0.076,0.006,-144.433,0.745,4.74,0.051,0.007,-80.18,0.634,5.095,0.107,0.009,-53.407,0.542,5.235,0.058,0.008,-65.043,0.672,5.552,0.042,0.005,-169.045,1.043,6.03,0.102,0.006,-141.087,1.025,6.085,0.077,0.005,-168.935,1.13,6.285,0.051,0.005,-167.133,1.168,6.685,0.015,0.007,-72.205,0.909,7.012,0.011,0.008,-61.282,0.862,7.194,0.073,0.007,-78.437,0.966,8.342,0.004,0.006,-56.231,1.385,8.457,0.008,0.009,-44.004,0.975,5.141,0.017,0.004,-201.871,1.35,5.715,0.007,0.007,-116.014,0.833,3.766,0.069,0.011,-49.566,0.344,6.185,0.027,0.006,-99.145,0.995,11.426,0.002,0.011,-18.213,1.051
97,D0283,45509558_355,4/27/2023 17:11,24.6,2,QPLog 10-1631 (16) rev15,FALSE,,B3,No Defect,Not Done,Pass,Green,Not Done,Pass,Green,Pass,300_FW,none,,,0,0,Pass,0,0,,2.19,2.312,3.014,3.134,3.172,3.296,3.414,4.081,4.17,4.287,4.343,0.981,-0.613,-2.209,1.13,0.668,-0.812,-0.067,-0.275,-0.057,-0.331,-1.456,2.19,0.158,0.004,-9.841,0.574,2.312,0.243,0.003,-27.22,0.671,3.014,0.079,0.008,-127.448,0.373,3.134,0.12,0.006,-184.983,0.559,3.172,0.102,0.006,-98.354,0.505,3.296,0.078,0.008,-68.762,0.416,3.414,0.031,0.011,-46.45,0.313,4.081,0.043,0.01,-114.975,0.416,4.17,0.028,0.005,-200.718,0.76,4.287,0.066,0.006,-195.797,0.76,4.343,0.056,0.006,-128.421,0.713,4.715,0.053,0.007,-113.336,0.629,5.057,0.086,0.009,-77.819,0.559,5.199,0.057,0.008,-61.261,0.671,5.523,0.043,0.005,-197.308,1.126,5.96,0.029,0.005,-168.28,1.275,6.029,0.079,0.007,-111.636,0.9,6.257,0.044,0.006,-156.705,1.106,6.64,0.014,0.008,-55.19,0.872,6.966,0.007,0.009,-53.313,0.802,7.159,0.06,0.009,-55.271,0.804,8.301,0.013,0.016,-38.636,0.518,8.404,0.012,0.013,-22.868,0.657,5.079,0.035,0.006,-126.856,0.864,5.697,0.012,0.008,-52.446,0.719,3.743,0.075,0.007,-72.933,0.543,6.142,0.031,0.006,-121.708,1.007,11.341,0.002,0.013,-12.566,0.872
98,D0283,45509558_355,4/27/2023 17:17,24.8,2,QPLog 10-1631 (16) rev15,FALSE,,GD,No Defect,Not Done,Pass,Green,Not Done,Pass,Green,Pass,300_FW,none,,,0,0,Pass,0,0,,2.174,2.306,3.014,3.134,3.172,3.296,3.413,4.078,4.169,4.287,4.344,0.371,-0.658,-2.243,1.051,0.535,-0.753,-0.08,-0.291,-0.085,-0.311,-1.51,2.174,0.19,0.019,-8.482,0.112,2.306,0.244,0.011,-11.438,0.203,3.014,0.086,0.008,-86.683,0.364,3.134,0.121,0.006,-171.409,0.531,3.172,0.107,0.007,-97.152,0.427,3.296,0.08,0.008,-77.315,0.437,3.413,0.032,0.01,-35.601,0.326,4.078,0.044,0.009,-95.061,0.464,4.169,0.028,0.005,-229.055,0.769,4.287,0.07,0.006,-208.74,0.738,4.344,0.059,0.006,-140.84,0.767,4.716,0.054,0.007,-94.231,0.65,5.057,0.088,0.009,-72.924,0.578,5.199,0.063,0.009,-53.348,0.587,5.522,0.04,0.005,-174.22,1.024,5.959,0.031,0.005,-148.492,1.179,6.029,0.087,0.007,-119.571,0.913,6.257,0.048,0.005,-171.022,1.166,6.639,0.016,0.007,-58.112,0.915,6.965,0.008,0.009,-60.277,0.767,7.159,0.063,0.009,-52.009,0.762,8.302,0.014,0.012,-36.688,0.678,8.404,0.011,0.01,-40.905,0.804,5.078,0.035,0.006,-100.923,0.86,5.696,0.011,0.009,-45.844,0.645,3.743,0.082,0.006,-72.38,0.639,6.141,0.031,0.006,-122.429,1.063,11.342,0.002,0.013,-16.334,0.874
99,D0465,45434947_1450,3/17/2023 2:02,23.8,2,QPLog 10-1631 (16) rev14,FALSE,,B3,No Defect,Pass,Pass,Green,Pass,Pass,Green,Pass,200_LA (old),none,,,1,2019,Fail,0,0,,2.171,2.341,3.034,3.148,3.193,3.329,3.432,4.115,4.231,4.32,4.384,4.046,1.095,1.206,2.194,2.487,1.567,3.907,1.903,1.856,1.839,2.005,2.171,0.032,0.004,-23.223,0.502,2.341,0.257,0.003,-8.015,0.759,3.034,0.087,0.008,-36.982,0.365,3.148,0.065,0.007,-113.353,0.451,3.193,0.174,0.007,-81.25,0.449,3.329,0.055,0.006,-95.427,0.513,3.432,0.041,0.01,-36.532,0.335,4.115,0.051,0.008,-86.243,0.539,4.231,0.027,0.006,-200.843,0.749,4.32,0.061,0.007,-116.995,0.586,4.384,0.031,0.006,-75.183,0.677,4.742,0.032,0.006,-104.551,0.801,5.103,0.074,0.007,-75.793,0.715,5.279,0.019,0.002,-88.443,2.397,5.56,0.038,0.006,-112.423,0.862,6.042,0.046,0.008,-66.554,0.732,6.106,0.007,0.004,-135.071,1.372,6.301,0.025,0.006,-112.024,0.969,6.693,0.025,0.008,-64.178,0.855,7.026,0.051,0.007,-88.29,0.974,7.202,0.056,0.008,-75.543,0.928,8.342,0.008,0.012,-35.377,0.712,8.471,0.037,0.008,-66.04,1.027,5.162,0.013,0.004,-225.41,1.378,5.729,0.005,0.006,-113.733,0.925,3.776,0.106,0.01,-46.193,0.394,6.239,0.003,0.005,-63.083,1.318,11.453,0.003,0.002,-7.966,5.385
100,D0465,45434947_1450,3/17/2023 1:55,23.8,2,QPLog 10-1631 (16) rev14,FALSE,,B3,No Defect,Pass,Pass,Green,Pass,Pass,Green,Pass,200_LA (old),none,,,1,2019,Fail,0,0,,2.224,2.315,3.034,3.149,3.193,3.329,3.432,4.116,4.231,4.32,4.384,1.321,1.129,1.206,2.194,2.504,1.567,3.995,1.92,1.845,1.819,1.983,2.224,0.103,0.003,-30.688,0.696,2.315,0.168,0.004,-12.163,0.529,3.034,0.099,0.009,-38.611,0.321,3.149,0.076,0.007,-131.328,0.45,3.193,0.19,0.007,-83.604,0.454,3.329,0.058,0.008,-85.155,0.437,3.432,0.042,0.01,-36.139,0.33,4.116,0.053,0.008,-86.63,0.523,4.231,0.029,0.006,-205.246,0.759,4.32,0.062,0.007,-130.552,0.597,4.384,0.033,0.007,-78.966,0.671,4.742,0.033,0.006,-103.903,0.803,5.103,0.076,0.008,-72.683,0.679,5.281,0.02,0.004,-75.362,1.213,5.56,0.039,0.006,-117.66,0.895,6.042,0.047,0.008,-69.57,0.736,6.107,0.008,0.004,-134.048,1.373,6.301,0.025,0.006,-120.795,0.999,6.694,0.024,0.008,-65.475,0.869,0,0,0,0,0,7.202,0.06,0.008,-71.416,0.913,8.341,0.008,0.011,-32.893,0.794,8.472,0.039,0.008,-67.026,1.023,5.162,0.013,0.004,-234.137,1.43,5.728,0.005,0.007,-125.308,0.87,3.776,0.103,0.01,-54.354,0.378,6.239,0.003,0.005,-60.108,1.282,11.454,0.003,0.009,-18.213,1.237
101,6393,45525890_1450,5/9/2023 3:21,25.6,2,QPLog 10-1631 (16) rev18,TRUE,,GD,No Defect,Pass,Pass,Green,Not Done,Pass,Green,Pass,400_LA (new),none,,,9,2015,Pass,0,0,,2.175,2.298,3.033,3.14,3.168,3.331,3.404,4.083,4.224,4.298,4.381,-0.553,1.029,1.447,0.475,0.779,1.392,0.754,1.378,0.299,1.229,1.269,2.175,0.047,0.006,-51.041,0.39,2.298,0.051,0.006,-57.262,0.413,3.033,0.219,0.012,-39.357,0.257,3.14,0.064,0.007,-251.771,0.467,3.168,0.284,0.005,-74.901,0.611,3.331,0.143,0.01,-75.855,0.329,3.404,0.061,0.015,-40.687,0.224,4.083,0.104,0.006,-127.049,0.657,4.224,0.068,0.006,-193.969,0.688,4.298,0.113,0.007,-100.939,0.659,4.381,0.121,0.007,-95.403,0.655,4.742,0.071,0.005,-95.347,0.889,5.087,0.149,0.012,-37.725,0.413,5.216,0.127,0.007,-55.5,0.719,5.551,0.042,0.005,-107.185,1.042,6.023,0.149,0.006,-126.829,0.93,6.083,0.126,0.005,-176.943,1.145,6.266,0.089,0.006,-130.3,1.052,6.657,0.018,0.007,-41.728,0.909,6.989,0.027,0.008,-61.59,0.829,7.19,0.118,0.008,-62.037,0.864,8.338,0.032,0.011,-31.626,0.776,8.418,0.031,0.012,-31.425,0.711,5.142,0.06,0.005,-210.346,1.121,5.706,0.01,0.007,-111.177,0.786,3.769,0.134,0.012,-41.88,0.323,6.152,0.031,0.005,-121.884,1.343,11.414,0.003,0.004,-14.666,3.015
102,4102P,45533791_1450,5/11/2023 23:30,25.2,2,QPLog 10-1631 (16) rev16,TRUE,,GD,No Defect,Pass,Pass,Green,Not Done,Pass,Green,Pass,300_FW,none,,,11,2010,Pass,0,0,,2.166,2.294,3.019,3.129,3.157,3.312,3.392,4.068,4.197,4.277,4.348,-0.979,-0.185,-0.511,-0.193,-0.01,-0.522,-0.395,0.462,-0.347,0.399,-0.324,2.166,0.31,0.009,-16.168,0.245,2.294,0.182,0.003,-11.939,0.681,3.019,0.105,0.008,-109.346,0.372,3.129,0.181,0.006,-153.696,0.518,3.157,0.143,0.006,-135.072,0.569,3.312,0.093,0.008,-83.482,0.44,3.392,0.048,0.008,-67.768,0.441,4.068,0.053,0.006,-129.278,0.711,4.197,0.047,0.006,-227.172,0.748,4.277,0.11,0.006,-179.51,0.736,4.348,0.083,0.006,-129.18,0.712,4.726,0.055,0.007,-107.928,0.696,5.066,0.116,0.01,-62.153,0.53,5.192,0.086,0.008,-70.909,0.683,5.535,0.051,0.005,-160.752,1.008,5.994,0.077,0.005,-177.519,1.156,6.054,0.117,0.006,-143.97,1.07,6.251,0.071,0.005,-204.114,1.222,6.638,0.018,0.008,-65.612,0.873,6.968,0.013,0.008,-73.457,0.908,7.173,0.085,0.008,-73.817,0.914,8.323,0.005,0.005,-68.714,1.585,8.396,0.016,0.008,-51.072,1.048,5.108,0.035,0.006,-152.213,0.919,5.697,0.008,0.005,-74.252,1.036,3.754,0.075,0.006,-87.563,0.666,6.144,0.01,0.004,-112.475,1.41,11.376,0.006,0.011,-19.088,1.018
103,4291,45569124_1450,5/31/2023 21:13,24.1,2,QPLog 10-1631 (16) rev18,TRUE,,GD,No Defect,Pass,Pass,Green,Not Done,Pass,Green,Pass,400_LA (new),none,,,2,2012,Pass,0,0,,2.139,2.274,3.004,3.126,3.145,3.315,3.382,4.049,4.202,4.259,4.339,-3.134,-1.454,-0.202,-0.829,-0.992,-1.06,-1.083,-1.306,-1.001,-1.146,-0.825,2.139,0.051,0.004,-20.634,0.566,2.274,0.129,0.012,-15.084,0.193,3.004,0.186,0.009,-61.197,0.336,3.126,0.315,0.008,-155.653,0.404,3.145,0.061,0.002,-181.523,1.522,3.315,0.147,0.006,-110.809,0.54,3.382,0.064,0.007,-63.099,0.473,4.049,0.081,0.009,-87.702,0.441,4.202,0.069,0.006,-162.974,0.707,4.259,0.119,0.007,-108.957,0.623,4.339,0.162,0.006,-84.057,0.786,4.701,0.106,0.006,-117.09,0.729,5.046,0.195,0.008,-61.091,0.611,5.179,0.122,0.007,-90.817,0.748,5.505,0.049,0.006,-136.985,0.918,5.985,0.118,0.006,-155.951,1.039,6.046,0.073,0.005,-197.771,1.234,6.236,0.1,0.005,-160.599,1.153,6.618,0.019,0.007,-71.834,0.932,6.958,0.031,0.008,-65.062,0.853,7.142,0.116,0.009,-49.553,0.795,8.278,0.06,0.008,-45.103,1.042,8.373,0.048,0.008,-60.61,1.039,5.112,0.054,0.005,-198.562,1.081,5.69,0.013,0.007,-126.251,0.859,3.749,0.156,0.008,-81.283,0.464,6.126,0.054,0.007,-85.856,0.887,11.33,0.002,0.002,-6.615,6.525
104,4309,45597637_1450,6/13/2023 18:00,25.1,2,QPLog 10-1631 (16) rev16,TRUE,,GD,No Defect,Pass,Pass,Green,Not Done,Pass,Green,Pass,300_FW,none,,,2,2012,Pass,0,0,,2.148,2.305,3.022,3.12,3.133,3.316,3.369,4.033,4.201,4.252,4.339,0.277,0.061,-0.133,-1.609,-1.842,-1.005,-1.565,-0.751,-1.236,-0.731,-1.194,2.148,0.217,0.003,-4.668,0.628,2.305,0.259,0.005,-19.455,0.492,3.022,0.079,0.006,-137.04,0.516,3.12,0.185,0.006,-114.796,0.505,3.133,0.047,0.004,-42.924,0.819,3.316,0.071,0.006,-123.119,0.557,3.369,0.044,0.008,-63.984,0.411,4.033,0.036,0.006,-60.315,0.644,4.201,0.039,0.006,-176.356,0.707,4.252,0.056,0.006,-129.421,0.662,4.339,0.056,0.006,-82.057,0.782,4.701,0.077,0.007,-117.833,0.684,5.047,0.115,0.01,-58.913,0.485,5.169,0.087,0.007,-111.355,0.775,5.514,0.054,0.006,-140.554,0.972,5.994,0.108,0.006,-139.142,0.999,6.053,0.053,0.005,-189.898,1.194,6.23,0.069,0.005,-206.686,1.206,6.617,0.014,0.008,-47.014,0.794,6.965,0.017,0.007,-76.382,0.935,7.151,0.073,0.007,-81.106,0.997,8.287,0.007,0.012,-27.441,0.695,8.366,0.01,0.009,-43.641,0.882,5.111,0.042,0.006,-116.537,0.816,5.686,0.01,0.006,-102.051,0.876,3.746,0.062,0.006,-100.263,0.678,6.125,0.034,0.006,-139.205,1.107,11.346,0.006,0.014,-12.923,0.801
105,4315,45534850_1450,5/16/2023 20:56,25.1,2,QPLog 10-1631 (16) rev16,TRUE,,GD,No Defect,Not Done,Pass,Green,Not Done,Pass,Green,Pass,110_LVL (new),none,,,2,2012,Pass,0,0,,2.151,2.287,3.02,3.123,3.155,3.31,3.381,4.037,4.196,4.263,4.348,-1.677,-0.053,-0.717,-0.851,-1.637,-0.522,-1.366,-0.425,-0.873,-0.594,-0.498,2.151,0.054,0.003,-15.238,0.716,2.287,0.243,0.011,-18.441,0.205,3.02,0.139,0.005,-121.078,0.559,3.123,0.257,0.006,-141.373,0.496,3.155,0.013,0.003,-125.515,0.988,3.31,0.091,0.007,-106.115,0.455,3.381,0.174,0.009,-53.616,0.398,4.037,0.019,0.002,-22.73,1.977,4.196,0.083,0.006,-216.03,0.741,4.263,0.197,0.006,-119.458,0.72,4.348,0.284,0.007,-89.378,0.605,4.708,0.207,0.007,-105.08,0.653,5.056,0.304,0.009,-54.218,0.576,5.173,0.082,0.007,-117.637,0.771,5.52,0.174,0.006,-130.012,0.882,5.979,0.081,0.006,-213.484,0.949,6.051,0.16,0.006,-114.245,1.004,6.239,0.127,0.006,-151.986,1.097,6.623,0.027,0.007,-76.219,0.997,6.941,0.014,0.005,-72.244,1.275,7.153,0.12,0.008,-69.229,0.893,8.287,0.016,0.008,-25.153,1.1,8.39,0.067,0.012,-35.543,0.707,0,0,0,0,0,5.691,0.003,0.004,-75.653,1.469,3.753,0.151,0.008,-80.878,0.444,0,0,0,0,0,11.353,0.007,0.014,-13.472,0.826
106,4546,45559250_1450,5/23/2023 23:32,25.3,2,QPLog 10-1631 (16) rev16,FALSE,,B3,No Defect,Pass,Pass,Green,Not Done,Pass,Green,Pass,300_FW,none,,,6,2012,Pass,0,0,,2.157,2.275,3.014,3.126,0,3.308,3.397,0,4.196,4.269,4.347,-3.045,-0.579,-0.957,0.115,0,-0.599,-0.464,-1.172,-0.159,-1.208,-0.918,2.157,0.053,0.008,-32.762,0.26,2.275,0.098,0.011,-16.288,0.206,3.014,0.062,0.007,-103.031,0.408,3.126,0.07,0.006,-147.623,0.531,0,0,0,0,0,3.308,0.035,0.012,-60.633,0.268,3.397,0.086,0.007,-64.562,0.455,0,0,0,0,0,4.196,0.041,0.006,-153.141,0.736,4.269,0.076,0.008,-68.077,0.528,4.347,0.086,0.015,-17.693,0.298,4.708,0.113,0.007,-90.155,0.672,5.047,0.149,0.009,-53.266,0.558,5.191,0.024,0.008,-69.761,0.682,5.507,0.089,0.006,-71.482,0.988,5.981,0.086,0.007,-97.728,0.913,6.056,0.082,0.005,-174.028,1.141,6.255,0.065,0.006,-139.979,1.07,6.644,0.009,0.007,-50.022,0.958,6.979,0.008,0.008,-56.472,0.869,7.141,0.016,0.01,-28.859,0.692,8.329,0.005,0.008,-75.077,1.048,8.378,0.003,0.015,-8.83,0.553,5.131,0.022,0.004,-193.347,1.274,5.702,0.012,0.011,-21.422,0.496,3.749,0.048,0.008,-60.741,0.453,0,0,0,0,0,11.316,0.021,0.018,-7.177,0.627
107,4546,45559250_1450,5/23/2023 23:26,25.7,2,QPLog 10-1631 (16) rev16,FALSE,,B3,No Defect,Pass,Pass,Green,Not Done,Pass,Green,Pass,300_FW,none,,,6,2012,Pass,0,0,,2.158,2.297,3.015,3.126,0,3.309,3.397,0,4.197,4.27,4.35,-0.599,-0.491,-0.854,0.095,0,-0.406,-0.404,-1.188,-0.129,-1.293,-1.056,2.158,0.057,0.01,-57.418,0.206,2.297,0.155,0.01,-45.413,0.231,3.015,0.035,0.008,-84.91,0.391,3.126,0.052,0.006,-133.34,0.521,0,0,0,0,0,3.309,0.025,0.009,-67.77,0.351,3.397,0.056,0.007,-80.938,0.492,0,0,0,0,0,4.197,0.042,0.006,-146.35,0.671,4.27,0.065,0.008,-63.145,0.549,4.35,0.09,0.011,-34.005,0.38,4.709,0.082,0.008,-93.478,0.623,5.046,0.116,0.009,-50.938,0.582,5.192,0.016,0.007,-76.68,0.761,5.507,0.058,0.006,-83.013,0.93,5.982,0.062,0.006,-119.141,0.971,6.057,0.051,0.005,-169.281,1.103,6.256,0.048,0.006,-131.776,1.033,6.645,0.008,0.007,-51.869,0.99,6.979,0.004,0.009,-44.666,0.82,7.139,0.015,0.011,-34.479,0.664,8.33,0.003,0.007,-60.22,1.153,8.415,0.005,0.014,-12.372,0.595,5.132,0.015,0.004,-181.227,1.216,5.702,0.002,0.006,-70.252,0.88,3.747,0.032,0.008,-56.999,0.457,0,0,0,0,0,11.314,0.031,0.017,-11.407,0.666
108,4730,45541507_1450,5/16/2023 17:37,25.8,2,QPLog 10-1631 (16) rev16,TRUE,,B3,No Defect,Pass,Pass,Green,Not Done,Pass,Green,Pass,300_FW,none,,,11,2012,Pass,0,0,,2.156,2.278,3.024,3.132,3.159,3.326,3.392,4.07,4.219,4.281,4.354,-2.69,0.287,0.932,-0.234,0.079,-0.138,-0.094,0.247,-0.363,0.265,0.358,2.156,0.127,0.016,-12.887,0.134,2.278,0.148,0.012,-8.957,0.188,3.024,0.1,0.007,-84.057,0.449,3.132,0.192,0.007,-121.033,0.463,3.159,0.098,0.003,-160.057,0.912,3.326,0.091,0.009,-83.942,0.379,3.392,0.054,0.009,-59.833,0.399,4.07,0.05,0.005,-140.955,0.829,4.219,0.044,0.006,-204.594,0.65,4.281,0.079,0.007,-130.778,0.633,4.354,0.085,0.006,-77.476,0.768,4.725,0.055,0.007,-104.067,0.64,5.071,0.117,0.009,-65.109,0.583,5.199,0.072,0.007,-90.871,0.742,5.531,0.053,0.006,-159.402,0.99,6.004,0.073,0.006,-224.458,1.036,6.067,0.064,0.005,-194.821,1.213,6.25,0.075,0.005,-188.642,1.185,6.642,0.02,0.007,-59.664,1.019,6.96,0.005,0.005,-64.744,1.406,7.171,0.071,0.009,-56.675,0.806,8.315,0.013,0.01,-43.823,0.87,8.403,0.012,0.008,-46.281,0.998,0,0,0,0,0,5.703,0.007,0.006,-113.934,1.018,3.761,0.073,0.014,-51.899,0.273,6.15,0.043,0.005,-150.586,1.166,11.374,0.006,0.013,-12.786,0.852
109,4730,45541507_1450,5/16/2023 17:43,25.6,2,QPLog 10-1631 (16) rev16,FALSE,,GD,No Defect,Pass,Pass,Green,Not Done,Pass,Green,Pass,300_FW,none,,,11,2012,Pass,0,0,,2.164,2.287,3.024,3.132,3.159,3.326,3.391,4.068,4.217,4.279,4.354,-1.732,0.27,0.863,-0.253,-0.029,-0.195,-0.094,0.221,-0.394,0.253,0.292,2.164,0.183,0.015,-16.639,0.146,2.287,0.23,0.008,-10.611,0.276,3.024,0.106,0.006,-110.747,0.512,3.132,0.194,0.006,-129.631,0.491,3.159,0.106,0.003,-166.933,0.922,3.326,0.091,0.009,-78.496,0.385,3.391,0.052,0.008,-68.14,0.441,4.068,0.048,0.005,-144.396,0.817,4.217,0.051,0.006,-212.321,0.671,4.279,0.087,0.006,-149.243,0.702,4.354,0.091,0.009,-77.587,0.488,4.724,0.058,0.007,-94.751,0.635,5.071,0.115,0.009,-57.606,0.575,5.199,0.072,0.008,-73.552,0.664,5.531,0.061,0.006,-155.741,0.99,6.003,0.077,0.006,-227.169,1.052,6.065,0.067,0.005,-198.324,1.207,6.25,0.072,0.005,-185.518,1.185,6.641,0.018,0.007,-62.514,0.939,6.956,0.009,0.003,-16.199,2.226,7.17,0.073,0.009,-56.436,0.785,8.315,0.016,0.01,-41.263,0.863,8.403,0.017,0.009,-47.483,0.919,0,0,0,0,0,5.703,0.009,0.006,-74.73,0.963,3.76,0.084,0.014,-47.071,0.273,6.148,0.042,0.005,-141.799,1.164,11.372,0.006,0.014,-11.769,0.786
110,4798,45559317_1450,5/23/2023 2:46,25.1,2,QPLog 10-1631 (16) rev18,TRUE,,GD,No Defect,Pass,Pass,Green,Not Done,Pass,Green,Pass,400_LA (new),none,,,12,2012,Pass,0,0,,2.175,2.293,3.013,3.131,3.162,3.322,3.4,4.081,4.216,4.293,4.367,-1.077,-0.723,0.52,0.29,0.654,0.595,0.519,0.462,0.03,0.709,0.151,2.175,0.293,0.008,-16.685,0.263,2.293,0.294,0.005,-19.511,0.457,3.013,0.177,0.008,-81.024,0.369,3.131,0.263,0.006,-140.868,0.482,3.162,0.167,0.008,-79.086,0.406,3.322,0.134,0.006,-130.215,0.567,3.4,0.119,0.007,-72.168,0.51,4.081,0.052,0.006,-129.895,0.651,4.216,0.076,0.007,-149.44,0.62,4.293,0.166,0.007,-143.159,0.619,4.367,0.288,0.008,-97.078,0.522,4.729,0.155,0.008,-78.978,0.627,5.081,0.288,0.008,-70.87,0.657,5.211,0.125,0.005,-88.583,0.967,5.535,0.123,0.006,-161.33,0.954,6.012,0.142,0.007,-140.695,0.857,6.073,0.178,0.006,-94.201,1.022,6.259,0.168,0.005,-175.191,1.178,6.647,0.024,0.008,-46.98,0.881,6.98,0.03,0.01,-62.396,0.666,7.179,0.191,0.008,-69.881,0.915,8.324,0.046,0.01,-44.871,0.859,8.416,0.057,0.01,-44.148,0.857,5.131,0.037,0.002,-154.016,2.132,0,0,0,0,0,3.759,0.155,0.005,-88.868,0.746,6.155,0.053,0.006,-144.388,1.014,11.38,0.009,0.006,-12.704,1.95
111,6365,44842521_1450,4/25/2022 17:27,27,2,QPLog 10-1631 (16) rev5,FALSE,,B3,No Defect,Not Done,Not Done,Green,Not Done,Pass,Green,Not Done,100_LVL (old),none,,,9,2015,Pass,0,0,,2.164,2.287,3.029,3.123,3.154,3.311,3.381,4.04,4.203,4.269,4.354,-1.748,0.679,-0.614,-0.891,-1.468,-0.176,-0.701,-1.986,-0.583,-1.937,-0.252,2.164,0.03,0.012,-37.332,0.177,2.287,0.035,0.011,-55.883,0.21,3.029,0.009,0.009,-45.187,0.343,3.123,0.025,0.007,-78.171,0.44,3.154,0.008,0.005,-71.791,0.593,3.311,0.012,0.007,-59.038,0.454,3.381,0.005,0.01,-30.438,0.35,4.04,0.003,0.002,-12.575,2.435,4.203,0.008,0.006,-116.796,0.718,4.269,0.007,0.008,-56.803,0.566,4.354,0.108,0.006,-85.249,0.678,4.724,0.008,0.009,-41.665,0.539,5.04,0.02,0.008,-53.423,0.611,5.186,0.009,0.006,-46.719,0.866,5.493,0.008,0.002,-55.006,3.405,5.973,0.007,0.002,-37.452,3.276,6.051,0.005,0.006,-53.127,0.969,6.245,0.045,0.007,-75.171,0.959,6.626,0.001,0.005,-47.069,1.293,6.955,0.002,0.007,-36.277,1.034,7.126,0.034,0.015,-15.09,0.483,8.255,0.007,0.011,-15.299,0.735,8.37,0.004,0.009,-18.752,0.883,0,0,0,0,0,5.647,0.012,0.006,-61.996,0.931,3.755,0.017,0.007,-58.441,0.557,6.124,0.004,0.005,-77.52,1.241,11.362,0.004,0.011,-17.438,1.029
112,6365,45550621_1450,5/24/2023 15:34,24.9,2,QPLog 10-1631 (16) rev16,TRUE,,GD,No Defect,Not Done,Pass,Green,Not Done,Pass,Green,Pass,110_LVL (new),none,,,9,2015,Pass,0,0,,2.178,2.305,3.04,3.137,3.168,3.328,3.394,4.066,4.223,4.287,4.376,0.186,1.656,1.069,-0.074,-0.118,1.105,0.365,0.53,0.459,-0.179,1.277,2.178,0.26,0.011,-32.167,0.194,2.305,0.338,0.013,-51.633,0.178,3.04,0.099,0.009,-78.899,0.344,3.137,0.286,0.006,-161.541,0.558,3.168,0.02,0.002,-248.275,1.275,3.328,0.127,0.006,-150.864,0.535,3.394,0.058,0.009,-68.72,0.375,4.066,0.057,0.006,-123.115,0.652,4.223,0.065,0.006,-184.672,0.756,4.287,0.102,0.005,-232.943,0.853,4.376,0.138,0.005,-172.19,0.807,4.744,0.088,0.007,-121.093,0.691,5.065,0.181,0.008,-82.465,0.625,5.208,0.084,0.005,-148.322,1.142,5.536,0.053,0.005,-214.915,1.13,6.001,0.114,0.007,-90.407,0.848,6.079,0.063,0.005,-187.778,1.127,6.269,0.06,0.008,-69.973,0.765,6.647,0.022,0.007,-81.065,0.99,6.986,0.036,0.008,-83.25,0.925,7.162,0.121,0.008,-62.829,0.849,8.297,0.044,0.009,-54.338,0.907,8.408,0.035,0.009,-58.835,0.955,5.14,0.051,0.006,-167.776,0.926,5.672,0.006,0.005,-113.338,1.158,3.769,0.129,0.009,-94.423,0.421,6.154,0.022,0.004,-131.459,1.618,11.408,0.002,0.002,-14.533,6.015
113,6529P,45553187_1450,5/21/2023 17:29,26.4,2,QPLog 10-1631 (16) rev16,TRUE,,B3,No Defect,Not Done,Pass,Green,Not Done,Pass,Green,Pass,300_FW,none,,,0,0,Fail,0,0,,2.183,2.316,3.045,3.153,3.174,3.347,3.412,4.096,4.257,4.308,4.388,1.426,2.094,3.111,1.009,1.437,1.776,2.021,2.349,1.274,2.005,2.8,2.183,0.217,0.015,-23.718,0.141,2.316,0.313,0.009,-54.231,0.261,3.045,0.072,0.007,-76.175,0.417,3.153,0.204,0.006,-145.389,0.523,3.174,0.068,0.005,-139.398,0.646,3.347,0.095,0.007,-123.388,0.497,3.412,0.042,0.007,-68.6,0.47,4.096,0.051,0.008,-95.854,0.536,4.257,0.046,0.006,-210.662,0.687,4.308,0.065,0.007,-114.278,0.624,4.388,0.076,0.006,-130.545,0.79,4.745,0.051,0.007,-101.132,0.654,5.104,0.111,0.008,-60.249,0.621,5.241,0.061,0.006,-111.368,0.899,5.567,0.035,0.005,-85.564,1.078,6.048,0.103,0.005,-122.318,1.212,6.122,0.032,0.005,-215.492,1.31,6.288,0.052,0.006,-149.521,1.125,6.688,0.025,0.006,-100.836,1.116,7.036,0.019,0.007,-91.593,0.961,7.205,0.072,0.007,-89.645,1.018,8.353,0.01,0.012,-23.379,0.691,8.457,0.014,0.011,-32.453,0.754,5.179,0.033,0.005,-189.561,1.135,5.723,0.008,0.007,-115.933,0.766,3.784,0.07,0.005,-92.812,0.777,6.193,0.037,0.006,-128.043,1.039,11.473,0.006,0.013,-16.219,0.852
114,6529P,45553187_1450,5/21/2023 17:37,26.2,2,QPLog 10-1631 (16) rev16,FALSE,,B3,No Defect,Not Done,Pass,Green,Not Done,Pass,Green,Pass,300_FW,none,,,0,0,Pass,0,0,,2.183,2.316,3.045,3.152,3.173,3.347,3.411,4.094,4.256,4.307,4.387,1.426,2.06,3.041,0.929,1.384,1.759,1.985,2.323,1.233,1.917,2.756,2.183,0.205,0.02,-20.731,0.112,2.316,0.277,0.01,-35.284,0.227,3.045,0.073,0.007,-76.297,0.412,3.152,0.181,0.006,-144.357,0.513,3.173,0.056,0.005,-143.393,0.623,3.347,0.105,0.006,-137.437,0.532,3.411,0.046,0.007,-76.842,0.522,4.094,0.05,0.005,-129.229,0.759,4.256,0.043,0.006,-189.523,0.698,4.307,0.064,0.006,-139.229,0.707,4.387,0.073,0.005,-151.22,0.817,4.743,0.049,0.007,-113.271,0.668,5.103,0.107,0.008,-76.372,0.664,5.24,0.056,0.005,-128.837,1.077,5.567,0.038,0.005,-89.804,1.054,6.047,0.102,0.005,-126.806,1.213,6.12,0.032,0.005,-218.508,1.268,6.287,0.051,0.006,-149.864,1.079,6.687,0.025,0.007,-91.673,1.002,7.034,0.018,0.007,-89.725,0.954,7.204,0.068,0.007,-95.496,1.034,8.351,0.012,0.012,-32.1,0.723,8.455,0.015,0.009,-41.753,0.899,5.178,0.03,0.004,-213.839,1.157,5.723,0.009,0.006,-136.522,0.883,3.784,0.077,0.006,-114.764,0.629,6.192,0.036,0.006,-123.578,1.035,11.471,0.006,0.011,-15.533,1.082
115,6529P,45553187_1450,5/21/2023 17:53,26.1,2,QPLog 10-1631 (16) rev16,FALSE,,GD,No Defect,Not Done,Pass,Green,Not Done,Pass,Green,Pass,300_FW,none,,,0,0,Pass,0,0,,2.186,2.315,3.044,3.152,3.173,3.345,3.41,4.094,4.255,4.307,4.387,1.327,2.033,2.869,0.867,1.366,1.72,1.936,2.281,1.104,1.855,2.713,2.186,0.26,0.016,-32.967,0.139,2.315,0.356,0.009,-48.412,0.249,3.044,0.077,0.008,-75.163,0.398,3.152,0.212,0.006,-161.046,0.54,3.173,0.065,0.005,-138.841,0.632,3.345,0.103,0.006,-124.05,0.534,3.41,0.045,0.006,-84.659,0.545,4.094,0.052,0.005,-133.181,0.773,4.255,0.047,0.006,-193.752,0.716,4.307,0.071,0.006,-141.172,0.731,4.387,0.086,0.005,-165.372,0.801,4.742,0.054,0.007,-135.177,0.713,5.102,0.116,0.008,-75.35,0.651,5.239,0.062,0.007,-93.835,0.805,5.566,0.043,0.009,-79.852,0.62,6.045,0.112,0.005,-103.123,1.225,6.118,0.035,0.005,-200.626,1.234,6.284,0.051,0.006,-115.704,1,6.685,0.023,0.007,-80.741,0.956,7.032,0.02,0.008,-87.772,0.933,7.202,0.08,0.007,-96.496,1.027,8.35,0.014,0.011,-34.767,0.784,8.453,0.017,0.009,-46.022,0.984,5.177,0.036,0.005,-221.06,1.109,5.72,0.009,0.007,-105.693,0.869,3.783,0.076,0.006,-98.873,0.614,6.19,0.039,0.006,-119.632,1.071,11.468,0.007,0.012,-17.899,0.96
116,8893,.,6/10/2023 1:21,22.5,2,QPLog 10-1631 OB NG NOSE rev21,FALSE,,GD,,,,,,Pass,,,101_COPA,,,,,,Pass,0,0,,2.205,2.306,3.027,3.153,3.191,3.302,3.426,4.093,4.182,4.284,4.33,0.338,0.545,-1.61,1.798,1.31,-1.553,0.895,-0.167,2.842,-0.578,0.481,2.205,0.112,0.009,-55.374,0.236,2.306,0.549,0.014,-64.056,0.161,3.027,0.165,0.007,-91.816,0.424,3.153,0.319,0.006,-161.336,0.542,3.191,0.051,0.005,-174.231,0.697,3.302,0.155,0.007,-99.107,0.47,3.426,0.063,0.009,-51.94,0.379,4.093,0.07,0.008,-81.268,0.522,4.182,0.066,0.006,-221.442,0.752,4.284,0.116,0.007,-143.276,0.63,4.33,0.24,0.007,-103.702,0.657,4.711,0.127,0.008,-80.543,0.624,5.057,0.208,0.01,-45.674,0.49,5.218,0.125,0.007,-43.216,0.698,5.524,0.089,0.006,-141.669,0.971,5.978,0.096,0.006,-132.453,0.93,6.033,0.129,0.01,-51.577,0.616,6.324,0.087,0.005,-176.385,1.181,6.708,0.03,0.006,-59.633,1.038,7.031,0.051,0.005,-105.688,1.375,7.154,0.136,0.01,-42.194,0.729,8.287,0.031,0.013,-22.681,0.649,8.469,0.02,0.009,-49.388,0.896,0,0,0,0,0,5.706,0.013,0.005,-261.186,1.109,3.762,0.208,0.007,-81.699,0.502,6.081,0.06,0.005,-227.828,1.344,11.379,0.005,0.01,-28.114,1.178
117,8893,.,6/9/2023 21:17,22.9,2,QPLog 10-1631 OB NG NOSE rev21,FALSE,,GD,,,,,,Pass,,,101_COPA,,,,,,Pass,0,0,,2.202,2.304,3.027,3.151,3.189,3.3,3.423,4.091,4.18,4.282,4.327,0.107,0.49,-1.797,1.65,1.225,-1.707,0.782,-0.333,2.741,-0.727,0.199,2.202,0.092,0.01,-59.251,0.228,2.304,0.463,0.013,-50.736,0.171,3.027,0.145,0.007,-105.016,0.435,3.151,0.279,0.006,-162.263,0.535,3.189,0.159,0.006,-119.481,0.498,3.3,0.119,0.007,-87.586,0.474,3.423,0.041,0.013,-29.005,0.269,4.091,0.069,0.008,-63.812,0.495,4.18,0.059,0.005,-236.352,0.776,4.282,0.088,0.007,-129.637,0.598,4.327,0.191,0.006,-115.005,0.706,4.709,0.11,0.008,-81.673,0.619,5.053,0.174,0.01,-47.431,0.501,5.216,0.126,0.006,-78.467,0.809,5.522,0.06,0.006,-149.803,0.981,5.976,0.082,0.007,-125.277,0.897,6.031,0.103,0.011,-52.193,0.571,6.321,0.065,0.006,-151.693,1.145,6.705,0.026,0.006,-86.73,1.085,7.028,0.045,0.005,-104.424,1.354,7.151,0.118,0.01,-45.37,0.752,8.284,0.029,0.013,-27.138,0.66,8.465,0.016,0.009,-45.592,0.908,0,0,0,0,0,5.704,0.012,0.006,-230.383,1.034,3.759,0.164,0.009,-68.049,0.432,6.079,0.048,0.005,-197.163,1.262,11.375,0.003,0.009,-29.664,1.252
118,8893,.,6/14/2023 18:23,18.9,2,QPLog 10-1631 OB NG NOSE rev21,FALSE,,GD,,,,,,Pass,,,101_COPA,,,,,,Pass,0,0,,2.207,2.314,3.033,3.162,3.202,3.317,3.441,4.11,4.204,4.304,4.352,1.203,1.063,0.004,2.715,2.203,-0.291,2.013,0.915,3.818,0.787,2.071,2.207,0.454,0.01,-65.277,0.231,2.314,0.339,0.009,-69.209,0.266,3.033,0.064,0.009,-46.827,0.345,3.162,0.209,0.005,-189.782,0.579,3.202,0.084,0.008,-92.509,0.427,3.317,0.096,0.007,-103.279,0.47,3.441,0.034,0.009,-35.687,0.391,4.11,0.032,0.009,-44.999,0.468,4.204,0.041,0.006,-192.021,0.707,4.304,0.076,0.008,-91.054,0.523,4.352,0.143,0.006,-80.595,0.685,4.729,0.071,0.009,-58.397,0.553,5.078,0.18,0.01,-44.273,0.5,5.241,0.066,0.008,-50.93,0.668,5.543,0.04,0.008,-59.903,0.736,6.009,0.055,0.009,-63.205,0.653,6.059,0.053,0.015,-23.781,0.418,6.346,0.041,0.007,-81.878,0.918,6.729,0.025,0.007,-77.034,1.026,7.042,0.022,0.009,-63.852,0.818,7.181,0.065,0.014,-21.701,0.502,8.319,0.013,0.02,-7.035,0.427,8.498,0.011,0.013,-24.135,0.64,5.131,0.019,0.003,-43.91,1.941,5.727,0.004,0.007,-75.479,0.85,3.777,0.142,0.008,-78.109,0.479,6.191,0.039,0.006,-143.357,1.075,11.42,0.011,0.015,-14.52,0.751
119,D0522,45603390_1450,6/15/2023 20:58,24.3,2,QPLog 10-1631 (16) rev18,TRUE,,GD,No Defect,Pass,Pass,Green,Not Done,Pass,Green,Pass,400_LA (new),none,,,3,2019,Pass,0,0,,2.158,2.282,3.02,3.134,3.172,3.314,3.41,4.089,4.198,4.301,4.37,-2.213,-0.08,-0.373,0.87,1.093,0.748,0.328,1.596,-0.006,1.791,0.252,2.158,0.035,0.013,-28.709,0.167,2.282,0.061,0.008,-19.779,0.292,3.02,0.207,0.007,-78.215,0.418,3.134,0.269,0.006,-178.661,0.534,3.172,0.285,0.009,-57.112,0.353,3.314,0.178,0.007,-107.166,0.492,3.41,0.065,0.009,-55.288,0.388,4.089,0.097,0.006,-108.067,0.676,4.198,0.073,0.006,-226.112,0.754,4.301,0.098,0.005,-152.52,0.846,4.37,0.162,0.007,-126.995,0.644,4.742,0.115,0.006,-108.753,0.748,5.088,0.212,0.008,-81.953,0.655,5.207,0.13,0.006,-103.092,0.812,5.554,0.036,0.004,-141.67,1.463,5.998,0.069,0.005,-242.594,1.145,6.067,0.159,0.006,-105.155,0.934,6.259,0.07,0.006,-94.614,0.978,6.645,0.018,0.007,-71.874,0.978,6.969,0.018,0.012,-43.749,0.586,7.201,0.115,0.009,-45.254,0.776,8.343,0.033,0.007,-45.193,1.203,8.41,0.056,0.013,-25.96,0.634,5.121,0.029,0.003,-127.156,1.657,5.698,0.01,0.006,-117.903,0.897,3.76,0.159,0.009,-58.513,0.44,6.169,0.02,0.004,-48.921,1.454,11.376,0.004,0.009,-21.466,1.333
120,D0581,.,6/14/2023 17:54,18.7,2,QPLog 10-1631 OB NG NOSE rev21,FALSE,,B3,,,,,,Pass,,,101_COPA,,,,,,Pass,0,0,,2.203,2.308,2.995,3.122,3.181,3.311,3.413,4.086,4.187,4.28,4.34,0.593,-2.28,-0.682,1.031,0.916,-0.985,0.119,0.009,1.684,0.912,-0.997,2.203,0.511,0.012,-69.425,0.185,2.308,0.431,0.008,-59.06,0.284,2.995,0.113,0.007,-86.898,0.426,3.122,0.246,0.005,-223.725,0.61,3.181,0.13,0.008,-67.449,0.398,3.311,0.106,0.006,-115.082,0.509,3.413,0.039,0.01,-27.679,0.334,4.086,0.039,0.01,-42.573,0.399,4.187,0.051,0.006,-207.408,0.747,4.28,0.053,0.007,-79.577,0.572,4.34,0.138,0.008,-73.34,0.513,4.727,0.06,0.009,-62.467,0.545,5.064,0.153,0.01,-46.207,0.526,5.203,0.078,0.008,-24.663,0.634,5.527,0.042,0.007,-79.51,0.755,5.977,0.043,0.007,-129.997,0.871,6.068,0.05,0.007,-65.363,0.873,6.297,0.042,0.007,-88.031,0.95,6.64,0.026,0.007,-74.701,0.946,6.948,0.019,0.009,-53.677,0.762,7.184,0.08,0.013,-25.152,0.575,8.307,0.012,0.008,-28.16,1.099,8.384,0.016,0.024,-6.685,0.346,5.108,0.031,0.004,-129.854,1.225,0,0,0,0,0,3.748,0.152,0.007,-101.299,0.537,6.149,0.049,0.005,-119.865,1.145,11.354,0.019,0.011,-26.849,1.003
121,D0581,.,6/14/2023 18:01,18.9,2,QPLog 10-1631 OB NG NOSE rev21,FALSE,,GD,,,,,,Pass,,,101_COPA,,,,,,Pass,0,0,,2.204,2.304,2.995,3.122,3.182,3.31,3.412,4.086,4.187,4.281,4.339,0.165,-2.28,-0.717,1.01,0.917,-1.061,0.132,-0.024,1.656,0.845,-1.037,2.204,0.515,0.012,-61.912,0.178,2.304,0.354,0.009,-63.238,0.257,2.995,0.118,0.007,-95.9,0.443,3.122,0.245,0.005,-228.47,0.615,3.182,0.148,0.008,-62.201,0.383,3.31,0.099,0.006,-115.093,0.521,3.412,0.025,0.01,-40.079,0.349,4.086,0.058,0.008,-59.393,0.489,4.187,0.046,0.006,-205.455,0.753,4.281,0.04,0.008,-83.728,0.568,4.339,0.104,0.006,-82.489,0.696,4.726,0.057,0.01,-55.507,0.487,5.063,0.119,0.01,-55.498,0.533,5.203,0.079,0.009,-45.91,0.591,5.527,0.035,0.007,-87.488,0.845,5.977,0.038,0.007,-139.696,0.907,6.067,0.041,0.006,-85.919,0.971,6.297,0.028,0.007,-93.333,0.958,6.64,0.03,0.006,-110.136,1.044,6.948,0.021,0.008,-68.038,0.82,7.182,0.075,0.012,-30.605,0.624,8.319,0.008,0.009,-20.292,0.952,8.384,0.014,0.022,-8.598,0.374,5.109,0.015,0.005,-97.241,1.098,0,0,0,0,0,3.747,0.158,0.007,-102.414,0.535,6.148,0.049,0.007,-80.846,0.904,11.357,0.011,0.009,-36.45,1.28
122,B0267,45615899_355,6/26/2023 20:13,24.8,2,QPLog 10-1631 (16) rev16,FALSE,,B3,No Defect,Not Done,Not Done,Green,Not Done,Pass,Green,Not Done,110_LVL (new),none,,,9,2019,Fail,0,0,,0,0,0,0,0,0,0,0,0,0,0,0,0,0,0,0,0,0,0,0,0,0,0,0,0,0,0,0,0,0,0,0,0,0,0,0,0,0,0,0,0,0,0,0,0,0,0,0,0,0,0,0,0,0,0,0,0,0,0,0,0,0,0,0,0,0,0,0,0,0,0,0,0,0,0,0,0,0,0,0,0,0,0,0,0,0,0,0,0,0,0,0,0,0,0,0,0,0,0,0,0,0,0,0,0,0,0,0,0,0,0,0,0,0,0,0,0,0,0,0,0,0,0,0,0,0,0,0,0,0,0,0,0,0,0,0,0,0,0,0,0,0,0,0,0,0,0,0,0,0,0,0,0,0,0,0,0,0,0,0,0,0
123,B0267,45615899_355,6/26/2023 20:22,24.6,2,QPLog 10-1631 (16) rev16,FALSE,,GD,No Defect,Not Done,Not Done,Green,Not Done,Pass,Green,Not Done,110_LVL (new),none,,,9,2019,Pass,0,0,,2.192,2.307,3.027,3.144,3.18,3.322,3.417,4.083,4.221,4.293,4.348,0.451,0.545,0.485,1.309,0.768,-0.542,1.165,0.305,0.546,-0.197,0.322,2.192,0.225,0.009,-43.619,0.255,2.307,0.333,0.01,-53.878,0.229,3.027,0.119,0.007,-106.12,0.449,3.144,0.188,0.005,-196.291,0.576,3.18,0.157,0.006,-107.747,0.506,3.322,0.117,0.006,-145.365,0.581,3.417,0.046,0.01,-52.79,0.337,4.083,0.022,0.002,-12.296,2.501,4.221,0.049,0.006,-161.38,0.684,4.293,0.12,0.006,-148.224,0.728,4.348,0.156,0.008,-68.811,0.532,4.724,0.054,0.006,-134.442,0.835,5.075,0.168,0.009,-71.92,0.585,5.224,0.073,0.006,-103.127,0.879,5.532,0.052,0.005,-169.106,1.052,6.008,0.102,0.007,-87.422,0.883,6.073,0.013,0.004,-159.212,1.604,6.271,0.05,0.006,-105.933,1.016,6.678,0.019,0.008,-50.973,0.83,6.966,0.012,0.005,-58.925,1.452,7.161,0.121,0.008,-68.163,0.909,8.297,0.039,0.012,-37.251,0.704,8.437,0.026,0.009,-51.625,0.952,0,0,0,0,0,5.7,0.007,0.006,-102.46,1.03,3.76,0.124,0.01,-60.459,0.378,6.17,0.036,0.007,-84.93,0.86,11.384,0.002,0.01,-18.875,1.136
124,8077,45631989_1450,6/30/2023 16:57,25.7,2,QPLog 10-1631 (16) rev16,TRUE,,GD,No Defect,Not Done,Pass,Green,Not Done,Pass,Green,Pass,300_FW,none,,,0,0,Pass,0,0,,2.17,2.314,3.033,3.14,3.172,3.315,3.399,4.071,4.206,4.28,4.349,1.184,1.017,-0.202,0.213,0.15,-0.464,0.007,0.807,-0.03,0.605,0.029,2.17,0.191,0.011,-6.389,0.193,2.314,0.207,0.014,-10.507,0.164,3.033,0.089,0.006,-122.608,0.474,3.14,0.181,0.006,-142.745,0.512,3.172,0.015,0.002,-302.293,1.495,3.315,0.076,0.009,-80.847,0.389,3.399,0.038,0.007,-79.513,0.497,4.071,0.035,0.006,-114.067,0.707,4.206,0.043,0.006,-230.715,0.761,4.28,0.072,0.007,-145.783,0.639,4.349,0.063,0.006,-128.589,0.726,4.723,0.049,0.007,-100.843,0.704,5.069,0.112,0.009,-53.539,0.57,5.201,0.076,0.007,-81.063,0.744,5.541,0.042,0.006,-138.094,0.981,6.003,0.069,0.006,-226.78,1.067,6.069,0.078,0.005,-171.463,1.14,6.258,0.055,0.006,-154.529,1.125,6.655,0.017,0.008,-53.251,0.835,6.992,0.012,0.009,-54.877,0.818,7.177,0.075,0.007,-75.826,0.961,8.321,0.012,0.005,-98.644,1.551,8.418,0.013,0.008,-55.84,1.015,0,0,0,0,0,5.704,0.008,0.007,-109.583,0.841,3.758,0.092,0.005,-108.813,0.7,6.145,0.019,0.004,-126.436,1.487,11.411,0.005,0.013,-17.935,0.853
125,8064,45633918_355,7/4/2023 0:38,26.9,2,QPLog 10-1631 (16) rev16,FALSE,,GD,,,,,,Pass,,,300_FW,,,,,,Pass,0,0,,2.191,2.308,3.041,3.144,3.175,3.313,3.407,4.081,4.204,4.296,4.376,0.586,1.736,-0.476,0.671,0.668,1.124,0.365,1.495,0.371,0.858,0.585,2.191,0.257,0.015,-20.923,0.147,2.308,0.215,0.017,-20.27,0.133,3.041,0.065,0.007,-91.329,0.464,3.144,0.117,0.007,-121.107,0.471,3.175,0.057,0.004,-171.002,0.883,3.313,0.072,0.007,-105.553,0.505,3.407,0.031,0.008,-66.877,0.442,4.081,0.04,0.006,-138.258,0.709,4.204,0.043,0.005,-216.958,0.782,4.296,0.044,0.006,-147.239,0.713,4.376,0.054,0.007,-118.225,0.646,4.736,0.052,0.008,-101.04,0.628,5.085,0.111,0.007,-82.939,0.711,5.208,0.066,0.006,-116.193,0.895,5.553,0.025,0.006,-45.427,0.965,6.004,0.046,0.005,-165.866,1.17,6.069,0.08,0.006,-132.726,1.006,6.267,0.055,0.005,-161.572,1.145,6.671,0.013,0.007,-69.01,0.936,7.003,0.01,0.008,-62.497,0.83,7.183,0.067,0.008,-67.706,0.872,8.324,0.009,0.015,-28.141,0.547,8.43,0.015,0.008,-53.704,1.035,0,0,0,0,0,5.705,0.006,0.007,-58.863,0.803,3.763,0.083,0.005,-152.346,0.753,6.164,0.024,0.005,-116.034,1.23,11.424,0.007,0.012,-21.434,0.924
126,4308,45635149_1450,7/4/2023 0:58,27,2,QPLog 10-1631 (16) rev16,TRUE,,GD,,,,,,Pass,,,300_FW,,,,,,Pass,0,0,,2.177,2.31,3.02,3.132,3.164,3.313,3.387,4.059,4.201,4.266,4.345,0.763,-0.114,-0.442,-0.512,-0.489,-0.676,-0.544,-0.755,-0.355,-0.546,-0.646,2.177,0.339,0.022,-9.143,0.1,2.31,0.345,0.015,-21.116,0.149,3.02,0.101,0.006,-130.813,0.477,3.132,0.208,0.006,-150.311,0.521,3.164,0.011,0.002,-215.465,2.033,3.313,0.078,0.008,-68.425,0.418,3.387,0.046,0.006,-82.093,0.56,4.059,0.043,0.006,-113.599,0.637,4.201,0.051,0.005,-242.436,0.796,4.266,0.084,0.007,-132.401,0.606,4.345,0.071,0.007,-103.909,0.651,4.708,0.058,0.008,-99.069,0.62,5.051,0.125,0.008,-82.447,0.667,5.189,0.081,0.007,-100.407,0.776,5.514,0.065,0.005,-178.656,1.08,5.992,0.117,0.006,-175.791,0.96,6.054,0.059,0.005,-157.209,1.106,6.251,0.07,0.006,-167.844,1.125,6.633,0.015,0.008,-54.069,0.873,6.944,0.007,0.005,-58.126,1.32,7.154,0.075,0.008,-69.262,0.899,8.29,0.013,0.012,-24.835,0.668,8.4,0.014,0.009,-53.522,0.979,0,0,0,0,0,5.702,0.016,0.006,-151.111,1.004,3.751,0.078,0.005,-66.183,0.709,6.139,0.008,0.004,-124.884,1.612,11.35,0.004,0.009,-20.592,1.205
127,9015,45633942_1450,7/4/2023 16:06,25.4,2,QPLog 10-1631 (16) rev16,TRUE,,B3,No Defect,Not Done,Pass,Green,Pass,Pass,Green,Pass,300_FW,none,,,0,0,Fail,0,0,,2.179,2.333,3.042,3.156,3.184,3.329,3.426,4.108,4.228,4.311,4.372,3.248,1.877,1.172,1.838,2.082,0.902,2.148,2.349,1.539,2.005,2.379,2.179,0.217,0.019,-14.062,0.115,2.333,0.168,0.022,-32.876,0.105,3.042,0.068,0.008,-93.879,0.389,3.156,0.137,0.006,-148.722,0.531,3.184,0.083,0.007,-92.215,0.488,3.329,0.075,0.008,-79.374,0.438,3.426,0.035,0.009,-60.929,0.369,4.108,0.049,0.006,-147.969,0.638,4.228,0.038,0.006,-224.969,0.746,4.311,0.075,0.006,-151.669,0.78,4.372,0.071,0.006,-110.629,0.697,4.734,0.051,0.006,-90.252,0.8,5.102,0.115,0.008,-81.929,0.676,5.244,0.06,0.007,-64.432,0.736,5.567,0.037,0.005,-124.873,1.138,6.045,0.112,0.006,-148.655,1.08,6.095,0.065,0.005,-207.529,1.225,6.294,0.045,0.005,-156.056,1.16,6.701,0.018,0.007,-89.366,1.029,6.997,0.006,0.006,-53.838,1.255,7.205,0.064,0.008,-76.771,0.889,8.352,0.01,0.017,-25.774,0.496,8.474,0.014,0.008,-48.527,1.008,0,0,0,0,0,5.724,0.009,0.006,-111.203,0.939,3.78,0.077,0.006,-81.33,0.601,6.194,0.029,0.006,-109.596,1.029,11.453,0.007,0.011,-24.456,1.081
128,4292,45637613_1450,7/5/2023 23:53,27,2,QPLog 10-1631 (16) rev16,TRUE,,GD,No Defect,Not Done,Pass,Green,Not Done,Pass,Green,Pass,300_FW,none,,,0,0,Pass,0,0,,2.15,2.291,3.022,3.124,3.156,3.32,3.372,4.04,4.203,4.258,4.348,-1.286,0.077,0.245,-1.389,-1.481,-0.522,-1.117,-1.253,-0.917,-1.293,-0.781,2.15,0.25,0.007,-15.697,0.307,2.291,0.153,0.004,-8.09,0.589,3.022,0.089,0.007,-92.002,0.427,3.124,0.2,0.008,-87.322,0.394,3.156,0.009,0.003,-167.72,0.903,3.32,0.08,0.006,-113.28,0.516,3.372,0.042,0.007,-78.439,0.491,4.04,0.034,0.005,-107.979,0.747,4.203,0.045,0.006,-186.465,0.674,4.258,0.077,0.006,-166.388,0.737,4.348,0.073,0.007,-111.616,0.616,4.698,0.053,0.007,-91.972,0.651,5.043,0.119,0.008,-67.83,0.644,5.178,0.074,0.005,-131.388,0.95,5.506,0.063,0.005,-156.422,1.011,5.974,0.073,0.006,-210.487,1.014,6.057,0.049,0.005,-205.559,1.246,6.238,0.074,0.005,-199.608,1.218,6.623,0.013,0.008,-49.564,0.832,6.97,0.02,0.007,-79.771,0.952,7.139,0.067,0.009,-57.813,0.83,8.272,0.019,0.009,-42.422,0.895,8.379,0.012,0.009,-53.068,0.93,0,0,0,0,0,5.694,0.01,0.008,-58.84,0.742,3.75,0.088,0.006,-96.236,0.634,6.131,0.036,0.006,-137.375,1.049,11.337,0.004,0.013,-17.134,0.848
129,6149,45647062_1450,7/11/2023 19:56,25.1,2,QPLog 10-1631 (16) rev16,TRUE,,GD,No Defect,Not Done,Pass,Green,Not Done,Pass,Green,Pass,300_FW,none,,,0,0,Pass,0,0,,2.167,2.313,3.027,3.135,3.167,3.307,3.394,4.058,4.187,4.271,4.351,1.094,0.552,-1.026,-0.105,-0.532,-0.349,-0.466,-0.667,-0.006,-0.229,-0.572,2.167,0.279,0.011,-13.14,0.202,2.313,0.275,0.014,-11.615,0.166,3.027,0.092,0.006,-111.449,0.486,3.135,0.186,0.007,-107.581,0.456,3.167,0.016,0.003,-340.745,1.215,3.307,0.092,0.008,-84.4,0.439,3.394,0.038,0.009,-58.63,0.392,4.058,0.049,0.006,-106.201,0.665,4.187,0.05,0.006,-206.313,0.699,4.271,0.078,0.006,-133.577,0.695,4.351,0.064,0.008,-81.936,0.546,4.71,0.067,0.007,-117.61,0.678,5.051,0.106,0.008,-68.715,0.65,5.191,0.077,0.007,-83.168,0.736,5.516,0.044,0.006,-122.568,0.962,5.981,0.102,0.005,-162.731,1.146,6.052,0.098,0.006,-137.151,1.028,6.259,0.068,0.006,-141.972,1.046,6.65,0.016,0.008,-61.368,0.873,6.987,0.012,0.009,-56.297,0.781,7.161,0.077,0.008,-68.804,0.877,8.303,0.013,0.012,-20.889,0.704,8.415,0.019,0.009,-50.036,0.987,0,0,0,0,0,5.692,0.013,0.006,-102.09,0.895,3.752,0.091,0.006,-109.589,0.617,6.133,0.02,0.005,-171.634,1.266,11.367,0.003,0.01,-26.255,1.112
130,6230,45652329_1450,7/13/2023 21:23,28.4,2,QPLog 10-1631 (16) rev18,TRUE,,GD,No Defect,Pass,Pass,Green,Not Done,Pass,Green,Pass,400_LA (new),none,,,6,2015,Pass,0,0,,2.171,2.316,3.042,3.139,3.154,3.348,3.389,4.07,4.254,4.295,4.393,1.407,1.79,3.146,-0.391,0.112,2.067,1.484,1.373,-0.194,2.05,2.069,2.171,0.267,0.005,-9.758,0.448,2.316,0.268,0.014,-19.616,0.163,3.042,0.15,0.006,-110.526,0.489,3.139,0.339,0.007,-111.703,0.48,3.154,0.097,0.004,-185.039,0.892,3.348,0.107,0.009,-84.02,0.363,3.389,0.072,0.011,-49.726,0.299,4.07,0.087,0.007,-116.111,0.602,4.254,0.076,0.006,-156.132,0.749,4.295,0.088,0.007,-113.102,0.615,4.393,0.153,0.006,-148.247,0.728,4.729,0.07,0.007,-74.854,0.696,5.098,0.172,0.008,-64.684,0.616,5.23,0.071,0.004,-156.064,1.209,5.551,0.027,0.003,-178.221,1.775,6.042,0.133,0.008,-77.156,0.773,6.101,0.036,0.005,-115.409,1.14,6.254,0.109,0.006,-151.26,1.103,6.653,0.016,0.009,-47.934,0.742,6.976,0.005,0.008,-65.044,0.867,7.206,0.123,0.008,-77.738,0.947,8.34,0.03,0.01,-29.618,0.809,8.409,0.035,0.009,-51.369,0.941,0,0,0,0,0,5.706,0.008,0.006,-134.992,0.93,3.777,0.124,0.008,-84.115,0.497,0,0,0,0,0,11.452,0.004,0.009,-13.866,1.313
131,2546,45681871_1450,7/27/2023 17:53,24.8,2,QPLog 10-1631 (16) rev16,TRUE,,GD,No Defect,Not Done,Pass,Green,Not Done,Pass,Green,Pass,300_FW,none,,,0,0,Pass,0,0,,2.167,2.301,3.03,3.123,3.158,3.324,3.369,4.034,4.208,4.261,4.368,-0.248,0.793,0.657,-1.607,-1.822,0.633,-1.552,-1.296,-1.134,-1.731,-0.222,2.167,0.304,0.01,-38.659,0.227,2.301,0.35,0.008,-76.293,0.287,3.03,0.06,0.006,-78.624,0.47,3.123,0.209,0.007,-101.769,0.47,3.158,0.008,0.004,-164.348,0.895,3.324,0.074,0.009,-73.676,0.388,3.369,0.038,0.008,-87.65,0.418,4.034,0.048,0.008,-68.919,0.496,4.208,0.056,0.006,-176.749,0.762,4.261,0.042,0.006,-175.94,0.667,4.368,0.059,0.006,-137.132,0.741,4.71,0.054,0.009,-77.512,0.552,5.04,0.091,0.01,-53.81,0.51,5.169,0.082,0.006,-140.819,0.809,5.505,0.023,0.006,-138.241,0.943,5.96,0.037,0.005,-147.6,1.286,6.043,0.048,0.004,-209.88,1.557,6.233,0.08,0.005,-221.206,1.244,6.622,0.009,0.008,-51.889,0.85,6.965,0.012,0.007,-78.355,0.931,7.131,0.068,0.007,-77.756,0.975,8.267,0.011,0.009,-38.072,0.967,8.369,0.006,0.009,-47.808,0.983,5.112,0.073,0.005,-212.259,1.07,5.687,0.009,0.007,-84.322,0.789,3.755,0.081,0.01,-50.595,0.381,6.118,0.034,0.006,-135.029,1.079,11.339,0.002,0.008,-23.239,1.363
132,D0088,45673631_1450,7/28/2023 19:21,24.3,2,QPLog 10-1631 (16) rev16,TRUE,,GD,No Defect,Not Done,Pass,Green,Not Done,Pass,Green,Pass,110_LVL (new),none,,,10,2018,Pass,0,0,,2.193,2.303,3.036,3.147,3.178,3.312,3.411,4.082,4.198,4.279,4.348,-0.037,1.34,-0.579,0.951,0.743,-0.503,0.756,-0.301,0.837,-0.757,0.607,2.193,0.286,0.005,-44.15,0.407,2.303,0.41,0.013,-42.379,0.184,3.036,0.112,0.006,-135.031,0.496,3.147,0.198,0.006,-143.51,0.494,3.178,0.117,0.005,-151.92,0.671,3.312,0.113,0.006,-118.266,0.56,3.411,0.046,0.009,-49.133,0.393,4.082,0.049,0.006,-104.468,0.693,4.198,0.066,0.005,-256.129,0.81,4.279,0.073,0.006,-118.338,0.736,4.348,0.143,0.007,-101.724,0.664,4.716,0.116,0.007,-129.525,0.686,5.059,0.185,0.008,-78.107,0.637,5.216,0.095,0.006,-120.377,0.936,5.522,0.063,0.005,-169.159,1.042,5.99,0.129,0.007,-102.259,0.895,6.064,0.051,0.004,-236.65,1.428,6.278,0.055,0.007,-76.722,0.91,6.684,0.016,0.007,-49.038,0.91,7.009,0.024,0.01,-46.979,0.719,7.15,0.114,0.009,-50.329,0.754,8.284,0.05,0.009,-43.186,0.914,8.453,0.021,0.009,-47.035,0.954,5.117,0.018,0.004,-115.82,1.401,5.686,0.007,0.006,-76.469,1.022,3.763,0.142,0.006,-109.476,0.668,6.163,0.03,0.006,-93.554,1.109,11.37,0.002,0.004,-24.988,3.136
133,9083,45706689_1450,8/14/2023 16:01,23.2,2,QPLog 10-1631 (16) rev16,TRUE,,GD,No Defect,Not Done,Pass,Green,Not Done,Pass,Green,Pass,110_LVL (new),none,,,9,2018,Pass,0,0,,2.173,2.304,3.026,3.134,3.161,3.318,3.401,4.073,4.213,4.299,4.383,0.107,0.429,0.107,0.295,0.231,1.489,0.44,1.414,-0.027,0.926,0.331,2.173,0.2,0.013,-28.471,0.173,2.304,0.401,0.012,-58.499,0.187,3.026,0.072,0.008,-95.047,0.395,3.134,0.146,0.006,-158.476,0.515,3.161,0.045,0.005,-134.85,0.632,3.318,0.072,0.008,-95.674,0.426,3.401,0.073,0.009,-57.653,0.373,4.073,0.016,0.008,-76.813,0.509,4.213,0.052,0.006,-174.328,0.667,4.299,0.085,0.006,-131.434,0.747,4.383,0.153,0.007,-71.255,0.592,4.739,0.131,0.007,-110.688,0.672,5.092,0.202,0.009,-63.418,0.582,5.209,0.057,0.006,-96.867,0.915,5.551,0.082,0.009,-107.809,0.631,6.014,0.064,0.005,-139.955,1.118,6.082,0.106,0.006,-115.531,0.978,6.258,0.067,0.008,-75.412,0.799,6.648,0.018,0.006,-72.146,1.061,6.963,0.009,0.003,-24.36,2.668,7.184,0.095,0.008,-83.309,0.953,8.313,0.011,0.003,-14.572,3.113,8.411,0.027,0.02,-17.236,0.414,5.15,0.026,0.003,-175.581,1.529,5.703,0.003,0.005,-73.388,1.249,3.76,0.086,0.011,-47.873,0.346,6.137,0.009,0.002,-54.959,3.622,11.411,0.008,0.015,-13.267,0.738
134,8839,None,8/16/2023 20:03,21.4,2,QPLog 1631 OB NOSE MAX-NG rev22,FALSE,,B3,,,,,,Pass,,,101_COPA,,,,,,Pass,0,0,,2.196,2.306,3.02,3.141,3.183,3.321,3.417,4.093,4.214,4.302,4.374,0.322,-0.114,0.348,1.292,1.327,0.999,1.219,0.898,2.682,0.713,0.468,2.196,0.448,0.011,-62,0.203,2.306,0.456,0.01,-77.45,0.223,3.02,0.09,0.007,-72.932,0.419,3.141,0.206,0.005,-193.953,0.586,3.183,0.1,0.007,-96.443,0.463,3.321,0.097,0.007,-113.038,0.496,3.417,0.043,0.009,-33.696,0.383,4.093,0.03,0.011,-42.018,0.368,4.214,0.058,0.006,-203.04,0.735,4.302,0.077,0.007,-81.155,0.602,4.374,0.127,0.007,-81.725,0.631,4.732,0.072,0.009,-63.35,0.52,5.082,0.188,0.011,-33.557,0.477,5.225,0.068,0.011,-30.175,0.476,5.543,0.066,0.007,-75.962,0.753,6.013,0.021,0.006,-23.738,0.991,6.084,0.017,0.004,-86.537,1.465,6.32,0.057,0.007,-77.107,0.856,6.69,0.019,0.008,-40.191,0.888,6.964,0.013,0.005,-72.009,1.375,7.18,0.067,0.013,-21.743,0.534,8.312,0.011,0.014,-7.635,0.605,8.433,0.013,0.016,-15.736,0.529,5.136,0.027,0.004,-143.363,1.293,5.709,0.005,0.007,-93.228,0.793,3.762,0.144,0.008,-72.368,0.463,6.173,0.035,0.006,-135.134,1.064,11.406,0.03,0.015,-17.09,0.786
135,8839,None,8/16/2023 20:17,21.5,2,QPLog 1631 OB NOSE MAX-NG rev22,FALSE,,GD,,,,,,Pass,,,101_COPA,,,,,,Pass,0,0,,2.195,2.306,3.018,3.14,3.181,3.321,3.414,4.09,4.213,4.301,4.373,0.322,-0.255,0.382,1.111,1.172,0.921,1.143,0.882,2.695,0.784,0.388,2.195,0.081,0.01,-55.508,0.221,2.306,0.098,0.009,-92.797,0.268,3.018,0.119,0.007,-98.629,0.421,3.14,0.248,0.005,-200.783,0.587,3.181,0.133,0.006,-129.914,0.517,3.321,0.127,0.006,-131.451,0.523,3.414,0.055,0.011,-40.859,0.31,4.09,0.046,0.007,-86.28,0.576,4.213,0.068,0.006,-202.224,0.717,4.301,0.102,0.007,-112.732,0.644,4.373,0.17,0.006,-117.061,0.692,4.731,0.101,0.007,-94.363,0.634,5.082,0.226,0.01,-39.654,0.486,5.223,0.103,0.007,-45.41,0.793,5.542,0.098,0.006,-129.465,0.925,6.02,0.098,0.006,-82.739,1.031,6.084,0.028,0.004,-162.641,1.689,6.32,0.103,0.005,-174.446,1.183,6.69,0.028,0.007,-50.155,1.002,6.963,0.015,0.005,-94.34,1.439,7.181,0.123,0.009,-50.103,0.788,8.316,0.017,0.013,-19.206,0.632,8.434,0.018,0.01,-32.698,0.846,5.135,0.03,0.004,-159.749,1.314,5.709,0.006,0.006,-166.574,1.001,3.761,0.179,0.007,-92.781,0.52,6.172,0.012,0.005,-92.143,1.288,11.407,0.032,0.011,-31.165,1.072
136,4268,45725950_1450,8/18/2023 0:03,30.2,2,QPLog 10-1631 (16) rev18,TRUE,,GD,No Defect,Pass,Pass,Green,Not Done,Pass,Green,Pass,400_LA (new),none,,,1,2012,Pass,0,0,,2.179,2.305,3.013,3.125,3.158,3.313,3.396,4.07,4.194,4.284,4.369,0.26,-0.693,-0.442,0.055,0.112,0.671,0.155,-0.252,0.124,0.518,-0.082,2.179,0.278,0.003,-51.037,0.636,2.305,0.316,0.009,-37.215,0.245,3.013,0.16,0.007,-91.55,0.421,3.125,0.236,0.006,-159.288,0.529,3.158,0.201,0.007,-97.975,0.454,3.313,0.134,0.006,-114.165,0.539,3.396,0.079,0.007,-76.585,0.499,4.07,0.061,0.007,-91.021,0.546,4.194,0.087,0.005,-254.592,0.813,4.284,0.126,0.006,-166.504,0.743,4.369,0.158,0.006,-114.857,0.729,4.734,0.125,0.007,-109.282,0.643,5.061,0.233,0.008,-89.818,0.659,5.204,0.123,0.005,-119.236,1.077,5.523,0.062,0.004,-203.364,1.5,5.986,0.121,0.006,-182.76,1.075,6.059,0.139,0.006,-133.957,1.055,6.261,0.106,0.006,-155.544,1.066,6.636,0.02,0.007,-64.158,0.887,6.923,0.006,0.005,-73.967,1.413,7.176,0.13,0.009,-60.287,0.815,0,0,0,0,0,8.396,0.039,0.012,-32.992,0.717,5.103,0.031,0.002,-243.981,2.116,5.689,0.011,0.006,-135.834,0.962,3.757,0.135,0.007,-82.422,0.508,6.147,0.033,0.005,-64.919,1.186,11.365,0.01,0.013,-23.516,0.892
137,B0068,45707768_1450,8/15/2023 19:24,23.7,2,QPLog 10-1631 (16) rev16,TRUE,,GD,No Defect,Not Done,Pass,,Not Done,Pass,,Pass,110_LVL (new),none,,,6,2019,Pass,0,0,,2.191,2.301,3.033,3.152,3.185,3.309,3.422,4.096,4.198,4.293,4.352,-0.182,1.036,-0.854,1.587,1.454,-0.311,1.178,0.11,0.955,-0.662,0.653,2.191,0.268,0.009,-58.39,0.243,2.301,0.284,0.01,-55.074,0.234,3.033,0.09,0.006,-128.175,0.481,3.152,0.139,0.005,-214.383,0.592,3.185,0.112,0.005,-153.037,0.63,3.309,0.092,0.006,-147.246,0.537,3.422,0.035,0.008,-52.498,0.424,4.096,0.038,0.006,-130.692,0.682,4.198,0.043,0.006,-197.595,0.728,4.293,0.061,0.006,-155.879,0.779,4.352,0.099,0.007,-91.85,0.613,4.712,0.087,0.006,-108.846,0.767,5.064,0.137,0.008,-71.22,0.637,5.224,0.06,0.005,-102.811,1.011,5.529,0.043,0.006,-138.574,0.857,5.987,0.078,0.007,-117.061,0.871,6.064,0.046,0.005,-215.43,1.306,6.28,0.044,0.006,-105.374,0.991,6.7,0.016,0.008,-44.994,0.852,7.016,0.018,0.01,-53.709,0.686,7.152,0.086,0.01,-51.205,0.74,8.288,0.035,0.01,-35.902,0.805,8.463,0.016,0.008,-50.278,0.999,0,0,0,0,0,5.698,0.006,0.006,-71.78,1.029,3.764,0.095,0.009,-57.858,0.42,6.173,0.023,0.006,-79.349,1.089,11.388,0.001,0.008,-13.538,1.421
138,6221,45711728_1450,8/17/2023 21:19,23.5,2,QPLog 10-1631 (16) rev16,TRUE,,B3,No Defect,Not Done,Pass,,Not Done,Pass,,Pass,110_LVL (new),none,,,5,2015,Pass,0,0,,2.156,2.299,3.011,3.125,3.154,3.337,3.392,4.071,4.238,4.29,4.376,-0.388,-0.892,2.012,-0.234,0.128,1.123,0.767,0.488,-0.566,1.053,0.068,2.156,0.219,0.006,-24.061,0.387,2.299,0.245,0.003,-29.108,0.729,3.011,0.103,0.006,-76.971,0.514,3.125,0.23,0.006,-176.931,0.546,3.154,0.151,0.007,-78.52,0.428,3.337,0.109,0.007,-105.645,0.493,3.392,0.086,0.009,-46.102,0.383,4.071,0.054,0.007,-99.297,0.559,4.238,0.066,0.007,-180.997,0.608,4.29,0.118,0.006,-129.577,0.664,4.376,0.155,0.007,-74.522,0.598,4.726,0.123,0.006,-132.401,0.787,5.085,0.224,0.007,-84.635,0.704,5.216,0.08,0.006,-106.195,0.856,5.536,0.093,0.005,-174.976,1.059,6.007,0.056,0.006,-140.127,1.041,6.103,0.046,0.004,-212.85,1.404,6.246,0.067,0.006,-103.684,0.994,6.631,0.023,0.007,-63.363,1.02,6.953,0.005,0.009,-63.587,0.747,7.186,0.117,0.007,-88.786,0.998,8.278,0.008,0.008,-28.208,1.055,8.413,0.015,0.003,-7.205,3.009,0,0,0,0,0,5.702,0.008,0.006,-141.914,0.933,3.758,0.123,0.008,-57.899,0.452,6.157,0.03,0.006,-107.987,0.959,11.379,0.005,0.013,-12.984,0.848
139,3171,45744613_1450,8/26/2023 18:53,24.8,2,QPLog 10-1631 (16) rev16,TRUE,,GD,No Defect,Pass,Pass,,Not Done,Pass,,Pass,300_FW,none,,,8,2007,Pass,0,0,,2.163,2.314,3.006,3.128,3.163,3.315,3.399,4.076,4.202,4.276,4.356,1.174,-1.301,-0.27,0.212,0.414,-0.079,0.168,-1.384,0.169,-1.495,-1.082,2.163,0.171,0.009,-18.147,0.238,2.314,0.17,0.016,-5.44,0.14,3.006,0.114,0.007,-83.05,0.406,3.128,0.135,0.006,-138.977,0.49,3.163,0.119,0.008,-71.711,0.414,3.315,0.085,0.007,-98.801,0.449,3.399,0.027,0.011,-39.843,0.302,4.076,0.049,0.006,-87.348,0.651,4.202,0.042,0.006,-218.648,0.751,4.276,0.04,0.006,-194.791,0.709,4.356,0.027,0.01,-36.045,0.417,4.717,0.058,0.007,-79.658,0.642,5.047,0.087,0.011,-41.265,0.44,5.204,0.067,0.007,-87.348,0.735,5.504,0.037,0.006,-115.221,0.967,5.979,0.107,0.006,-151.714,1.054,6.054,0.009,0.004,-172.047,1.431,6.263,0.054,0.006,-118.865,1.027,6.644,0.016,0.008,-51.009,0.826,6.969,0.016,0.009,-63.144,0.81,7.135,0.07,0.007,-77.121,0.958,8.266,0.011,0.013,-24.772,0.644,8.399,0.01,0.008,-64.612,1.049,0,0,0,0,0,5.701,0.011,0.008,-71.626,0.758,3.747,0.089,0.006,-75.754,0.586,6.144,0.031,0.006,-104.338,0.986,11.336,0.002,0.01,-23.342,1.108
140,4282,45753578_1450,9/7/2023 15:06,22.8,2,QPLog 10-1631 (16) rev16,TRUE,,GD,No Defect,Not Done,Pass,,Not Done,Pass,,Pass,110_LVL (new),none,,,1,2012,Pass,0,0,,2.175,2.302,3.003,3.118,3.152,3.315,3.389,4.067,4.199,4.279,4.358,-0.124,-1.621,-0.236,-0.394,-0.059,0.056,-0.317,-0.131,-0.436,0.102,-0.524,2.175,0.349,0.009,-33.785,0.23,2.302,0.423,0.013,-64.184,0.177,3.003,0.086,0.011,-85.777,0.281,3.118,0.172,0.006,-156.344,0.49,3.152,0.121,0.009,-56.958,0.332,3.315,0.123,0.006,-174.516,0.599,3.389,0.059,0.007,-69.093,0.456,4.067,0.058,0.006,-123.651,0.652,4.199,0.057,0.005,-249.924,0.768,4.279,0.126,0.007,-141.73,0.658,4.358,0.118,0.007,-103.713,0.621,4.726,0.091,0.007,-113.882,0.674,5.063,0.183,0.008,-78.543,0.659,5.194,0.096,0.007,-86.614,0.768,5.525,0.065,0.005,-198.789,1.081,5.991,0.075,0.006,-164.74,0.993,6.049,0.114,0.006,-113.76,0.946,6.249,0.065,0.008,-61.277,0.792,6.625,0.019,0.007,-58.321,1.012,6.918,0.011,0.006,-66.565,1.24,7.167,0.129,0.008,-72.833,0.899,8.31,0.023,0.008,-31.444,0.997,8.384,0.035,0.013,-26.082,0.67,0,0,0,0,0,5.694,0.006,0.006,-91.692,0.987,3.752,0.088,0.011,-53.228,0.332,0,0,0,0,0,11.349,0.004,0.012,-16.338,0.927
141,1051,45760439_1450,9/12/2023 18:54,23.3,2,QPLog 10-1631 (16) rev17,TRUE,,GD,No Defect,Not Done,Pass,,Not Done,Pass,,Pass,110_LVL (new),none,,,2,2000,Pass,0,0,,2.166,2.305,3.008,3.119,3.138,3.33,3.362,4.048,4.233,4.31,4.374,0.277,-1.183,1.309,-1.994,-1.061,0.999,-0.516,-1.074,-1.019,-0.044,-0.505,2.166,0.034,0.006,-28.535,0.384,2.305,0.482,0.009,-72.887,0.268,3.008,0.096,0.011,-76.182,0.279,3.119,0.215,0.006,-172.426,0.517,3.138,0.047,0.002,-208.422,1.395,3.33,0.077,0.008,-129.327,0.443,3.362,0.099,0.007,-85.291,0.5,4.048,0.061,0.008,-90.181,0.506,4.233,0.108,0.007,-172.44,0.64,4.31,0.025,0.004,-151.149,1.104,4.374,0.134,0.008,-82.531,0.522,4.724,0.094,0.008,-82.529,0.584,5.056,0.176,0.008,-75.389,0.643,5.19,0.055,0.005,-94.104,0.946,5.509,0.07,0.005,-152.3,1.023,5.983,0.041,0.006,-125.343,1.023,6.095,0.005,0.005,-150.017,1.194,6.235,0.072,0.006,-100.863,0.975,6.605,0.018,0.007,-70.59,0.915,7.003,0.018,0.007,-102.158,0.948,7.164,0.123,0.007,-93.497,0.984,0,0,0,0,0,8.357,0.04,0.009,-49.523,0.921,0,0,0,0,0,5.696,0.007,0.006,-91.107,0.914,3.752,0.089,0.008,-54.323,0.445,6.132,0.026,0.005,-141.335,1.241,11.342,0.005,0.012,-16.938,0.93
142,6144,45790264_1450,9/20/2023 19:46,24.1,2,QPLog 10-1631 (16) rev16,TRUE,,GD,No Defect,Not Done,Pass,,Not Done,Pass,,Pass,300_FW,none,0,,0,0,Pass,0,0,,2.166,2.313,3.024,3.138,3.159,3.31,3.397,4.065,4.193,4.269,4.333,1.032,0.225,-0.717,0.094,-0.167,-1.36,-0.289,-0.19,-0.115,0.084,-0.234,2.166,0.258,0.01,-9.89,0.209,2.313,0.243,0.022,-10.26,0.106,3.024,0.083,0.006,-78.723,0.499,3.138,0.19,0.006,-140.763,0.53,3.159,0.064,0.007,-96.705,0.483,3.31,0.092,0.006,-100.131,0.522,3.397,0.033,0.008,-50.208,0.445,4.065,0.048,0.007,-93.526,0.601,4.193,0.049,0.005,-258.471,0.802,4.269,0.072,0.006,-211.75,0.717,4.333,0.104,0.006,-169.844,0.746,4.715,0.058,0.007,-115.68,0.64,5.055,0.119,0.008,-59.471,0.599,5.195,0.072,0.007,-79.337,0.727,5.524,0.049,0.005,-163.549,1.066,5.987,0.083,0.006,-163.637,1.041,6.046,0.098,0.006,-146.953,1.081,6.256,0.056,0.006,-147.003,1.12,6.648,0.018,0.007,-57.789,0.96,6.987,0.012,0.008,-60.855,0.839,7.167,0.081,0.007,-79.257,0.966,8.311,0.013,0.013,-27.902,0.654,8.42,0.013,0.008,-58.418,1.024,0,0,0,0,0,5.698,0.008,0.007,-89.271,0.866,3.755,0.083,0.005,-44.443,0.712,6.139,0.025,0.005,-118.21,1.328,11.36,0.006,0.011,-22.501,1.011
143,4237,45827890_1450,10/17/2023 14:58,22.4,2,QPLog 10-1631 (16) rev17,TRUE,,GD,No Defect,Not Done,Pass,,Not Done,Pass,,Pass,110_LVL (new),none,0,,10,2011,Pass,0,0,,2.173,2.295,3.013,3.126,3.149,3.307,3.386,4.058,4.192,4.266,4.337,-0.842,-0.666,-1.026,-0.551,-0.555,-1.139,-0.77,-1.071,-0.556,-0.895,-1.367,2.173,0.339,0.011,-51.943,0.197,2.295,0.396,0.012,-56.636,0.199,3.013,0.096,0.006,-110.861,0.542,3.126,0.182,0.005,-180.949,0.579,3.149,0.033,0.006,-161.15,0.512,3.307,0.109,0.006,-148.341,0.555,3.386,0.044,0.009,-61.564,0.393,4.058,0.051,0.006,-119.306,0.692,4.192,0.053,0.006,-173.185,0.697,4.266,0.084,0.008,-119.551,0.568,4.337,0.103,0.007,-71.347,0.586,4.705,0.082,0.006,-123.689,0.729,5.047,0.155,0.008,-66.059,0.602,5.185,0.075,0.007,-71.725,0.759,5.509,0.046,0.006,-152.764,0.907,5.981,0.085,0.007,-106.404,0.838,6.046,0.078,0.007,-111.335,0.897,6.246,0.059,0.008,-70.925,0.767,6.633,0.017,0.007,-68.517,0.954,6.934,0.006,0.005,-65.572,1.435,7.147,0.121,0.008,-68.413,0.917,8.28,0.029,0.009,-34.106,0.884,8.388,0.029,0.009,-53.138,0.953,0,0,0,0,0,5.691,0.005,0.004,-88.402,1.561,3.744,0.1,0.009,-79.059,0.434,6.12,0.011,0.005,-60.933,1.357,11.345,0.002,0.009,-17.336,1.241
144,D0631,45832686_1450,10/17/2023 22:25,22.6,2,QPLog 10-1631 (16) rev17,TRUE,,GD,No Defect,Not Done,Pass,,Not Done,Pass,,Pass,110_LVL (new),none,0,,8,2019,Pass,0,0,,2.181,2.299,3.03,3.146,3.181,3.308,3.403,4.067,4.189,4.267,4.33,-0.458,0.74,-0.923,0.432,-0.049,-1.533,0.043,-0.677,0.214,-0.877,0.444,2.181,0.258,0.018,-42.734,0.12,2.299,0.263,0.014,-32.979,0.168,3.03,0.078,0.008,-71.012,0.38,3.146,0.198,0.007,-97.812,0.439,3.181,0.015,0.004,-185.692,0.722,3.308,0.128,0.006,-130.608,0.518,3.403,0.048,0.009,-45.795,0.39,4.067,0.048,0.009,-104.882,0.459,4.189,0.051,0.007,-142.623,0.637,4.267,0.104,0.006,-128.254,0.728,4.33,0.138,0.007,-112.802,0.655,4.692,0.102,0.007,-120.987,0.708,5.048,0.171,0.007,-79.765,0.675,5.201,0.079,0.006,-100.356,0.842,5.516,0.047,0.005,-145.255,1.004,5.986,0.101,0.007,-106.08,0.855,6.052,0.069,0.005,-177.839,1.161,6.264,0.053,0.007,-92.023,0.885,6.674,0.017,0.007,-50.904,0.893,7.017,0.025,0.01,-49.311,0.71,7.148,0.1,0.009,-55.086,0.805,8.276,0.048,0.009,-56.347,0.965,8.451,0.018,0.01,-47.006,0.887,0,0,0,0,0,5.695,0.006,0.006,-90.434,0.952,3.762,0.123,0.008,-81.641,0.487,6.156,0.03,0.005,-55.23,1.16,11.357,0.001,0.003,-8.533,3.453
145,2525,45850390_7406,10/20/2023 15:20,22,2,QPLog 10-1631 (16) rev15,FALSE,,B3,No Defect,Pass,Pass,,Pass,Pass,,Pass,500_LON,none,0,,1,2005,Fail,0,0,,2.185,2.319,3.034,3.143,3.17,3.354,3.402,4.091,4.273,4.312,4.401,1.689,1.09,3.833,0.377,1.208,2.529,2.299,2.48,0.796,3.377,1.959,2.185,0.065,0.013,-27.275,0.174,2.319,0.5,0.012,-26.076,0.194,3.034,0.151,0.012,-43.206,0.26,3.143,0.321,0.006,-178.989,0.532,3.17,0.204,0.004,-142.088,0.755,3.354,0.201,0.006,-161,0.554,3.402,0.095,0.01,-58.857,0.352,4.091,0.104,0.006,-135.665,0.694,4.273,0.125,0.006,-234.936,0.765,4.312,0.128,0.006,-178.14,0.675,4.401,0.229,0.006,-185.435,0.758,4.747,0.103,0.008,-63.683,0.571,5.114,0.255,0.011,-52.756,0.468,5.247,0.115,0.006,-96.292,0.927,5.57,0.07,0.006,-124.677,0.987,6.068,0.3,0.006,-119.14,0.98,6.139,0.012,0.002,-122.983,3.085,6.277,0.132,0.005,-184.234,1.185,6.672,0.03,0.008,-56.655,0.834,6.99,0.004,0.008,-69.629,0.873,7.233,0.135,0.006,-117.177,1.123,8.35,0.009,0.008,-34.116,1.007,8.437,0.041,0.008,-70.096,1.028,0,0,0,0,0,5.73,0.008,0.003,-108.426,1.679,3.776,0.181,0.007,-110.194,0.565,6.199,0.063,0.005,-165.25,1.145,11.49,0.017,0.013,-17.905,0.867
146,2525,45850390_7406,10/20/2023 15:29,22.3,2,QPLog 10-1631 (16) rev15,FALSE,,B3,No Defect,Pass,Pass,,Pass,Pass,,Pass,500_LON,none,0,,1,2005,Pass,0,0,,2.179,2.315,3.033,3.142,3.169,3.354,3.402,4.091,4.274,4.312,4.401,1.301,1.063,3.763,0.357,1.227,2.529,2.249,2.433,0.795,3.359,1.952,2.179,0.304,0.011,-24.993,0.197,2.315,0.361,0.013,-45.245,0.182,3.033,0.148,0.016,-44.606,0.187,3.142,0.312,0.006,-177.943,0.532,3.169,0.195,0.004,-136.265,0.756,3.354,0.192,0.006,-159.142,0.561,3.402,0.085,0.012,-57.491,0.278,4.091,0.101,0.006,-131.72,0.664,4.274,0.118,0.006,-243.718,0.76,4.312,0.113,0.007,-172.126,0.658,4.401,0.198,0.006,-180.958,0.754,4.746,0.1,0.008,-67.509,0.571,5.114,0.239,0.009,-53.956,0.596,5.246,0.102,0.005,-118.019,0.987,5.569,0.062,0.006,-131.298,0.931,6.066,0.281,0.006,-132.467,1.03,6.139,0.011,0.002,-130.836,3.036,6.277,0.121,0.005,-190.149,1.217,6.672,0.029,0.008,-58.687,0.872,6.991,0.004,0.008,-72.104,0.826,7.233,0.123,0.006,-120.082,1.132,8.335,0.007,0.002,-7.879,3.579,8.469,0.007,0.004,-13.8,2.293,0,0,0,0,0,5.73,0.007,0.003,-119.016,1.778,3.776,0.168,0.007,-107.675,0.563,6.199,0.06,0.006,-162.242,1.123,11.492,0.018,0.013,-20.423,0.861
147,6146,45870905_1450,10/30/2023 19:38,24.5,2,QPLog 10-1631 (16) rev16,TRUE,,GD,No Defect,Pass,Pass,,Not Done,Pass,,Pass,300_FW,none,0,,4,2015,Pass,0,0,,2.145,2.316,3.027,3.138,3.161,3.315,3.397,4.064,4.198,4.273,4.349,1.361,0.552,-0.202,0.093,-0.203,-0.445,-0.15,-0.089,-0.057,0.251,0.722,2.145,0.225,0.003,-9.066,0.631,2.316,0.227,0.019,-11.177,0.121,3.027,0.09,0.007,-71.122,0.404,3.138,0.206,0.007,-120.788,0.48,3.161,0.027,0.004,-173.387,0.71,3.315,0.094,0.007,-85.771,0.466,3.397,0.042,0.008,-58.719,0.436,4.064,0.043,0.006,-86.222,0.631,4.198,0.043,0.006,-229.778,0.71,4.273,0.075,0.006,-178.827,0.68,4.349,0.075,0.006,-137.552,0.738,4.715,0.052,0.009,-79.153,0.521,5.061,0.121,0.008,-67.81,0.622,5.197,0.084,0.009,-64.45,0.596,5.526,0.036,0.005,-159.161,1.049,5.995,0.088,0.006,-224.945,1.065,6.052,0.095,0.006,-108.872,0.97,6.257,0.061,0.006,-143.391,1.096,6.647,0.022,0.007,-74.542,0.997,6.992,0.012,0.009,-57.253,0.757,7.17,0.068,0.008,-77.7,0.951,8.316,0.011,0.009,-36.493,0.922,8.423,0.017,0.012,-30.34,0.73,0,0,0,0,0,5.702,0.013,0.006,-147.44,1.017,3.764,0.071,0.007,-34.595,0.573,6.143,0.011,0.004,-81.041,1.613,11.366,0.004,0.014,-14.462,0.815
148,4299,45873841_1450,11/3/2023 20:16,22.4,2,QPLog 10-1631 (16) rev17,TRUE,,GD,No Defect,Not Done,Pass,,Not Done,Pass,,Pass,110_LVL (new),none,0,,2,2012,Pass,0,0,,2.187,2.303,2.999,3.125,3.162,3.31,3.395,4.068,4.191,4.271,4.343,-0.017,-1.947,-0.717,-0.047,-0.026,-0.792,-0.289,-1.4,-0.153,-1.044,-1.638,2.187,0.383,0.009,-50.649,0.252,2.303,0.432,0.013,-65.69,0.173,2.999,0.093,0.01,-103.694,0.307,3.125,0.175,0.005,-212.563,0.573,3.162,0.14,0.006,-104.576,0.499,3.31,0.124,0.006,-129.877,0.52,3.395,0.052,0.009,-45.816,0.389,4.068,0.05,0.007,-104.741,0.596,4.191,0.061,0.006,-194.645,0.721,4.271,0.134,0.006,-170.183,0.767,4.343,0.129,0.008,-97.478,0.554,4.709,0.096,0.009,-115.08,0.545,5.044,0.178,0.008,-69.593,0.617,5.195,0.092,0.007,-86.325,0.744,5.503,0.067,0.006,-139.623,0.965,5.977,0.102,0.007,-89.106,0.817,6.043,0.081,0.005,-185.628,1.237,6.255,0.065,0.007,-75.101,0.868,6.629,0.019,0.007,-45.575,0.914,6.959,0.022,0.009,-57.138,0.805,7.144,0.139,0.008,-69.67,0.904,8.279,0.031,0.009,-33.585,0.894,8.392,0.03,0.008,-67.104,1.088,0,0,0,0,0,5.699,0.007,0.006,-82.561,0.928,3.742,0.104,0.005,-68.467,0.803,6.15,0.019,0.004,-117.906,1.479,11.331,0.003,0.01,-22.068,1.147
149,6147,45883863_1450,11/5/2023 17:50,23.7,2,QPLog 10-1631 (16) rev16,TRUE,,GD,No Defect,Pass,Pass,,Not Done,Pass,,Pass,300_FW,none,0,,4,2015,Pass,0,0,,2.171,2.299,3.03,3.139,3.157,3.31,3.392,4.061,4.192,4.267,4.341,-0.384,0.827,-0.717,-0.234,-0.361,-0.907,-0.295,-0.291,-0.085,-0.183,0.409,2.171,0.265,0.015,-20.663,0.143,2.299,0.383,0.009,-53.16,0.244,3.03,0.093,0.006,-98.433,0.492,3.139,0.247,0.006,-155.367,0.543,3.157,0.028,0.002,-315.484,1.61,3.31,0.089,0.007,-108.569,0.498,3.392,0.037,0.01,-47.907,0.324,4.061,0.052,0.006,-110.816,0.685,4.192,0.057,0.006,-195.6,0.719,4.267,0.076,0.006,-213.251,0.682,4.341,0.09,0.006,-116.67,0.705,4.713,0.064,0.006,-131.458,0.727,5.052,0.119,0.01,-53.132,0.511,5.194,0.083,0.007,-99.256,0.757,5.522,0.051,0.005,-144.732,1.018,5.984,0.1,0.005,-211.884,1.136,6.045,0.117,0.006,-142.534,1.084,6.257,0.066,0.006,-142.356,1.137,6.651,0.022,0.007,-76.864,0.984,6.993,0.014,0.008,-63.748,0.843,7.162,0.088,0.009,-65.714,0.842,8.304,0.022,0.01,-33.57,0.808,8.421,0.02,0.008,-54.762,1.011,5.101,0.027,0.004,-235.17,1.271,5.697,0.015,0.006,-153.224,1.004,3.761,0.095,0.005,-70.003,0.776,6.136,0.026,0.005,-162.437,1.24,11.361,0.005,0.01,-21.673,1.124
150,4289,45876558_1450,11/7/2023 20:09,22.6,2,QPLog 10-1631 (16) rev17,TRUE,,GD,No Defect,Not Done,Pass,,Not Done,Pass,,Pass,110_LVL (new),none,0,,2,2012,Pass,0,0,,2.169,2.305,3.019,3.13,3.17,3.311,3.382,4.05,4.2,4.259,4.34,0.232,-0.21,-0.614,-0.83,-0.939,-1.004,-0.916,-1.152,-0.843,-1.192,-0.916,2.169,0.034,0.005,-31.436,0.416,2.305,0.044,0.003,-23.219,0.762,3.019,0.136,0.009,-90.669,0.328,3.13,0.27,0.007,-86.118,0.421,3.17,0.012,0.002,-277.038,1.778,3.311,0.131,0.006,-131.769,0.536,3.382,0.061,0.013,-47.891,0.26,4.05,0.054,0.007,-90.766,0.586,4.2,0.051,0.006,-205.77,0.707,4.259,0.115,0.007,-81.275,0.609,4.34,0.098,0.006,-96.31,0.695,4.7,0.092,0.007,-133.165,0.689,5.045,0.167,0.009,-64.942,0.568,5.182,0.079,0.007,-79.402,0.766,5.508,0.057,0.006,-138.032,1.001,5.987,0.121,0.007,-97.398,0.847,6.048,0.062,0.006,-154.009,1.091,6.239,0.052,0.008,-80.774,0.822,6.627,0.022,0.007,-67.139,1.004,6.942,0.012,0.005,-56.003,1.268,7.141,0.114,0.009,-52.059,0.803,8.276,0.045,0.009,-48.476,0.883,8.39,0.031,0.01,-43.479,0.861,5.109,0.037,0.004,-188.288,1.149,5.694,0.006,0.005,-106.163,1.115,3.749,0.097,0.006,-60.663,0.623,6.13,0.031,0.007,-91.52,0.829,11.339,0.001,0.004,-9.636,3.199
151,2375,45893670_7406,11/10/2023 16:58,19.4,2,QPLog 10-1631 (16) rev15,FALSE,,GD,No Defect,Pass,Pass,,Not Done,Pass,,Pass,500_LON,none,0,,10,2003,Pass,0,0,,2.194,2.305,3.034,3.132,3.148,3.327,3.38,4.057,4.219,4.272,4.37,0.26,1.097,1,-0.951,-0.588,0.729,-0.565,0.872,-0.477,0.99,0.468,2.194,0.128,0.004,-135.58,0.57,2.305,0.549,0.011,-21.432,0.215,3.034,0.184,0.008,-66.922,0.368,3.132,0.465,0.007,-107.03,0.434,3.148,0.187,0.004,-133.786,0.75,3.327,0.228,0.006,-142.357,0.557,3.38,0.05,0.013,-34.028,0.25,4.057,0.164,0.006,-125.831,0.652,4.219,0.124,0.006,-197.637,0.715,4.272,0.013,0.005,-36.222,0.784,4.37,0.153,0.006,-141.964,0.733,4.735,0.1,0.009,-106.539,0.516,5.075,0.228,0.01,-55.388,0.507,5.189,0.158,0.008,-72.552,0.62,5.542,0.071,0.005,-142.765,1.06,5.991,0.054,0.006,-195.67,1.007,6.075,0.113,0.005,-182.043,1.199,6.248,0.153,0.005,-179.518,1.169,6.629,0.031,0.007,-24.467,0.953,6.962,0.008,0.005,-47.417,1.489,7.185,0.141,0.007,-81.881,1.002,8.31,0.007,0.002,-7.773,3.64,8.388,0.066,0.009,-66.037,0.981,5.128,0.105,0.005,-198.523,1.031,5.701,0.01,0.005,-137.127,1.081,3.762,0.237,0.009,-66.372,0.438,6.145,0.094,0.008,-75.969,0.756,11.428,0.006,0.01,-24.647,1.181
152,6551,45894407_1450,11/16/2023 18:01,22.3,2,QPLog 10-1631 (16) rev17,TRUE,,GD,No Defect,Pass,Pass,,Not Done,Pass,,Pass,110_LVL (new),none,0,,12,2015,Pass,0,0,,2.164,2.302,3.019,3.121,3.151,3.316,3.368,4.036,4.197,4.254,4.355,-0.124,-0.159,-0.167,-1.646,-1.702,-0.118,-1.894,-0.938,-1.236,-0.843,-0.331,2.164,0.054,0.004,-49.157,0.493,2.302,0.068,0.011,-43.359,0.217,3.019,0.121,0.006,-114.15,0.468,3.121,0.338,0.009,-107.169,0.357,3.151,0.025,0.005,-193.048,0.633,3.316,0.138,0.006,-161.025,0.567,3.368,0.05,0.007,-89.625,0.51,4.036,0.1,0.006,-117.38,0.638,4.197,0.053,0.006,-180.882,0.685,4.254,0.121,0.006,-136.23,0.709,4.355,0.089,0.007,-99.486,0.619,4.711,0.077,0.007,-119.103,0.664,5.044,0.128,0.01,-66.319,0.49,5.162,0.092,0.008,-79.114,0.672,5.511,0.036,0.004,-128.229,1.23,5.979,0.09,0.006,-159.76,1,6.035,0.089,0.005,-175.982,1.107,6.23,0.053,0.006,-116.384,1,6.609,0.021,0.006,-93.962,1.066,6.952,0.019,0.01,-50.494,0.73,7.148,0.125,0.008,-78.213,0.946,8.285,0.017,0.009,-20.878,0.874,8.372,0.034,0.011,-32.805,0.766,5.1,0.053,0.006,-158.427,0.854,5.684,0.007,0.004,-113.533,1.344,3.754,0.1,0.009,-50.275,0.413,6.117,0.042,0.006,-106.797,1.048,11.322,0.001,0.006,-21.786,1.839
153,6549,45907197_1450,11/17/2023 1:56,24.5,2,QPLog 10-1631 (16) rev16,TRUE,,GD,No Defect,Not Done,Pass,,Not Done,Pass,,Pass,300_FW,none,0,,12,2015,Pass,0,0,,2.165,2.302,3.007,3.117,3.145,3.323,3.371,4.039,4.207,4.262,4.359,-0.062,-1.221,0.554,-1.468,-1.526,0.117,-1.133,-0.859,-0.843,-0.843,-0.835,2.165,0.418,0.009,-63.141,0.247,2.302,0.448,0.009,-95.076,0.265,3.007,0.097,0.006,-127.171,0.488,3.117,0.266,0.006,-168.459,0.542,3.145,0.019,0.004,-226.393,0.877,3.323,0.062,0.006,-95.413,0.535,3.371,0.052,0.007,-74.393,0.494,4.039,0.048,0.005,-143.364,0.784,4.207,0.063,0.006,-135.753,0.659,4.262,0.086,0.006,-159.103,0.725,4.359,0.085,0.006,-92.321,0.749,4.706,0.071,0.008,-92.861,0.614,5.053,0.123,0.008,-62.813,0.618,5.178,0.069,0.007,-91.845,0.734,5.513,0.049,0.006,-143.276,0.992,5.978,0.038,0.006,-156.64,0.962,6.09,0.004,0.005,-97.538,1.202,6.239,0.052,0.005,-170.557,1.165,6.611,0.016,0.007,-45.534,0.891,6.942,0.006,0.002,-15.904,3.467,7.148,0.053,0.008,-79.42,0.901,8.287,0.01,0.011,-35.869,0.769,8.366,0.013,0.008,-49.576,1.066,5.12,0.034,0.004,-206.284,1.258,5.691,0.011,0.006,-128.005,0.97,3.749,0.087,0.007,-86.034,0.571,6.13,0.022,0.006,-127.965,1.096,11.328,0.004,0.012,-18.638,0.971
154,8895,.,11/20/2023 17:49,21.2,2,QPLog 1631 OB NOSE MAX-NG rev22,FALSE,,B3,,,,,,Pass,,,101_COPA,,,,,,Pass,0,0,,2.202,2.309,3.045,3.158,3.195,3.323,3.426,4.105,4.219,4.306,4.371,0.612,2.106,0.623,1.818,1.962,0.825,2.076,2.282,3.31,1.694,2.193,2.202,0.073,0.01,-47.824,0.225,2.309,0.075,0.009,-74.717,0.246,3.045,0.074,0.011,-46.113,0.278,3.158,0.256,0.006,-166.4,0.546,3.195,0.105,0.007,-87.315,0.439,3.323,0.107,0.006,-106.886,0.514,3.426,0.047,0.012,-37.407,0.284,4.105,0.043,0.009,-44.004,0.441,4.219,0.046,0.006,-181.682,0.706,4.306,0.08,0.007,-46.819,0.601,4.371,0.122,0.007,-71.502,0.594,4.733,0.059,0.008,-45.621,0.603,5.097,0.183,0.011,-28.257,0.452,5.242,0.093,0.01,-24.025,0.517,5.566,0.051,0.009,-51.858,0.638,6.033,0.073,0.011,-49.12,0.531,6.09,0.029,0.005,-92.276,1.348,6.334,0.06,0.006,-109.283,1.021,6.725,0.027,0.007,-69.452,1.025,6.979,0.009,0.005,-42.321,1.435,7.199,0.082,0.013,-25.194,0.574,8.342,0.014,0.017,-7.903,0.495,8.477,0.013,0.014,-23.168,0.623,5.144,0.058,0.004,-191.933,1.307,0,0,0,0,0,3.778,0.153,0.007,-94.136,0.548,6.194,0.015,0.005,-72.682,1.329,11.448,0.021,0.011,-28.52,1.014
155,8895,.,11/20/2023 17:57,21,2,QPLog 1631 OB NOSE MAX-NG rev22,FALSE,,GD,,,,,,Pass,,,101_COPA,,,,,,Pass,0,0,,2.203,2.307,3.045,3.158,3.195,3.323,3.425,4.106,4.219,4.306,4.37,0.389,2.099,0.623,1.788,1.995,0.768,2.011,2.2,3.292,1.622,2.064,2.203,0.08,0.01,-46.474,0.211,2.307,0.491,0.011,-82.849,0.217,3.045,0.075,0.007,-54.334,0.432,3.158,0.27,0.006,-180.951,0.568,3.195,0.118,0.008,-79.9,0.4,3.323,0.111,0.007,-108.564,0.509,3.425,0.042,0.011,-41.187,0.308,4.106,0.053,0.009,-53.57,0.437,4.219,0.044,0.006,-169.182,0.686,4.306,0.072,0.007,-49.937,0.589,4.37,0.102,0.007,-77.097,0.625,4.733,0.06,0.008,-49.962,0.565,5.095,0.166,0.011,-32.608,0.47,5.241,0.095,0.007,-44.209,0.724,5.565,0.042,0.009,-74.006,0.61,6.032,0.067,0.011,-43.235,0.566,6.088,0.027,0.005,-99.114,1.345,6.334,0.051,0.006,-107.929,1.009,6.724,0.03,0.006,-85.849,1.077,6.977,0.009,0.005,-35.085,1.419,7.198,0.085,0.011,-30.66,0.634,8.342,0.015,0.02,-9.806,0.416,8.475,0.013,0.012,-24.789,0.709,5.143,0.055,0.004,-219.3,1.293,5.712,0.005,0.007,-68.52,0.841,3.777,0.156,0.007,-91.98,0.528,6.19,0.014,0.003,-10.015,2.292,11.448,0.017,0.01,-37.141,1.186
156,Margin on-site4,On-site Louisville,9/16/2021 18:53,24,0,9.16.21,FALSE,,GD,,,,,,,,,,,,,,,Fail,0,0,,2.154,2.294,2.979,3.072,3.125,3.318,3.423,3.94,4.221,4.299,4.356,-0.95,-3.684,0.073,1.645,-6.73,-0.034,1.055,-1.147,-0.071,-0.612,0,2.154,0.049,0.014,-38.037,0.159,2.294,0.016,0.008,-68.136,0.305,2.979,0.034,0.01,-9.156,0.287,3.072,0.014,0.003,-15.408,0.892,3.125,0.01,0.005,-116.295,0.639,3.318,0.011,0.006,-79.313,0.519,3.423,0.019,0.009,-21.004,0.364,3.94,0.011,0.009,-31.644,0.456,4.221,0.042,0.006,-159.458,0.673,4.299,0.033,0.008,-47.374,0.559,4.356,0.048,0.011,-34.033,0.412,4.723,0.019,0.008,-30.741,0.586,5.072,0.009,0.007,-56.864,0.679,5.222,0.048,0.011,-34.465,0.457,5.508,0.025,0.009,-60.393,0.632,6.001,0.007,0.009,-47.997,0.663,6.062,0.035,0.008,-79.321,0.779,6.257,0.032,0.008,-75.777,0.781,6.654,0.015,0.015,-20.283,0.453,6.998,0.016,0.009,-49.8,0.743,7.153,0.037,0.006,-46.74,1.14,8.289,0.007,0.013,-14.841,0.614,8.428,0.004,0.015,-13.635,0.565,5.135,0.02,0.006,-112.826,0.83,5.701,0.013,0.009,-63.382,0.663,0,0,0,0,0,6.167,0.029,0.011,-31.786,0.581,0,0,0,0,0
157,Margin on-site3,On-site Louisville,9/16/2021 18:49,24,0,9.16.21,FALSE,,HV,,,,,,,,,,,,,,,Fail,0,0,,2.153,2.295,2.978,3.075,3.124,3.318,3.423,3.94,4.221,4.3,4.357,-0.888,-3.771,0.039,1.645,-6.751,0.012,1.034,-1.178,-0.07,-0.61,0.128,2.153,0.052,0.012,-36.131,0.174,2.295,0.017,0.008,-65.001,0.283,2.978,0.004,0.01,-7.383,0.294,3.075,0.015,0.011,-14.568,0.28,3.124,0.011,0.005,-110.449,0.586,3.318,0.012,0.006,-82.267,0.552,3.423,0.02,0.014,-20.513,0.241,3.94,0.012,0.011,-27.868,0.356,4.221,0.045,0.006,-156.16,0.67,4.3,0.036,0.008,-44.976,0.557,4.357,0.006,0.01,-30.598,0.451,4.724,0.021,0.007,-34.362,0.635,5.072,0.01,0.009,-61.483,0.543,5.221,0.049,0.011,-35.415,0.496,5.507,0.031,0.008,-60.402,0.682,5.999,0.008,0.009,-44.885,0.659,6.062,0.04,0.008,-80.202,0.765,6.257,0.038,0.008,-75.868,0.784,6.654,0.02,0.015,-18.626,0.454,6.998,0.02,0.01,-51.62,0.731,7.153,0.041,0.006,-49.15,1.143,8.29,0.008,0.015,-16.714,0.56,8.428,0.006,0.013,-16.775,0.65,5.135,0.022,0.006,-116.393,0.825,5.701,0.016,0.009,-62.518,0.665,3.759,0.004,0.01,-17.948,0.364,6.167,0.031,0.011,-30.93,0.584,11.595,0.005,0.013,-8.112,0.916
158,Margin on-site2,On-site Louisville,9/16/2021 18:43,24,0,9.16.21,FALSE,,GD,,,,,,,,,,,,,,,Fail,0,0,,2.151,2.298,0,3.074,3.129,3.318,3.426,3.936,4.221,4.301,4.36,-0.537,0,0.039,1.792,-6.948,0.156,0.901,-1.126,-0.049,-0.515,0,2.151,0.04,0.01,-71.807,0.206,2.298,0.024,0.008,-66.292,0.272,0,0,0,0,0,3.074,0.013,0.009,-17.532,0.35,3.129,0.008,0.005,-120.369,0.662,3.318,0.011,0.007,-67.383,0.459,3.426,0.029,0.013,-22.133,0.254,3.936,0.008,0.012,-20.364,0.327,4.221,0.051,0.007,-139.941,0.635,4.301,0.008,0.009,-60.661,0.499,4.36,0.01,0.009,-37.549,0.468,4.724,0.038,0.008,-43.59,0.563,5.075,0.018,0.009,-54.148,0.563,5.219,0.038,0.009,-12.567,0.6,5.508,0.029,0.009,-59.071,0.643,6,0.008,0.01,-33.777,0.607,6.063,0.007,0.009,-40.053,0.674,6.258,0.04,0.009,-63.504,0.727,6.654,0.015,0.012,-12.72,0.55,6.999,0.019,0.011,-43.415,0.665,7.155,0.06,0.009,-36.988,0.793,8.289,0.01,0.017,-13.176,0.498,8.428,0.005,0.012,-15.724,0.687,5.136,0.014,0.005,-67.538,0.941,5.7,0.014,0.01,-37.186,0.56,0,0,0,0,0,6.166,0.026,0.008,-43.865,0.777,11.375,0.016,0.017,-11.028,0.674
159,Margin on-site1,On-site Louisville,9/16/2021 18:34,23.9,0,9.16.21,FALSE,,GD,,,,,,,,,,,,,,,Fail,0,0,,2.15,2.297,0,3.073,3.124,3.318,3.424,3.936,4.22,4.299,4.358,-0.599,0,0.107,1.671,-6.948,0.041,0.946,-1.126,-0.049,-0.516,0,2.15,0.046,0.009,-57.681,0.238,2.297,0.025,0.01,-59.49,0.232,0,0,0,0,0,3.073,0.013,0.012,-15.7,0.256,3.124,0.009,0.005,-122.748,0.64,3.318,0.012,0.006,-84.445,0.522,3.424,0.029,0.015,-23.585,0.235,3.936,0.009,0.01,-23.795,0.377,4.22,0.054,0.007,-141.117,0.63,4.299,0.009,0.007,-71.305,0.596,4.358,0.01,0.008,-37.51,0.534,4.725,0.041,0.005,-54.701,0.937,5.075,0.02,0.009,-64.155,0.589,5.219,0.041,0.008,-14.416,0.678,5.508,0.035,0.009,-67.647,0.645,6.001,0.009,0.009,-40.423,0.7,6.063,0.008,0.007,-49.479,0.81,6.258,0.047,0.008,-73.989,0.759,6.654,0.018,0.012,-14.989,0.574,7,0.022,0.01,-46.051,0.669,7.155,0.008,0.009,-33.828,0.79,8.289,0.011,0.016,-14.804,0.508,8.428,0.007,0.016,-15.018,0.528,5.135,0.015,0.005,-63.47,0.942,5.7,0.017,0.009,-43.443,0.63,0,0,0,0,0,6.167,0.025,0.008,-47.015,0.787,11.373,0.018,0.016,-13.607,0.722
160,Margin on site 8,000_000,9/23/2021 19:20,24,0,Failed Sort COL1-001 OB 10-1631_PIK_SORT rev10  09/23/21 09:44,FALSE,,GD,,Not Done,Not Done,,Not Done,Not Done,,Not Done,100_LVL (old),,,,0,0,Fail,0,0,,2.15,2.299,0,3.075,0,3.319,3.424,3.938,4.223,4.302,4.36,-0.413,0,0.21,1.688,-6.826,0.197,1.179,-0.921,0.039,-0.391,0,2.15,0.056,0.008,-56.034,0.285,2.299,0.031,0.01,-72.193,0.224,0,0,0,0,0,3.075,0.019,0.004,-14.094,0.739,0,0,0,0,0,3.319,0.014,0.008,-72.168,0.416,3.424,0.005,0.005,-41.343,0.707,3.938,0.012,0.01,-30.271,0.379,4.223,0.009,0.006,-118.589,0.653,4.302,0.084,0.008,-71.506,0.531,4.36,0.107,0.009,-52.712,0.511,4.727,0.045,0.008,-49.731,0.565,5.077,0.197,0.009,-74.441,0.592,5.224,0.052,0.009,-30.185,0.606,5.512,0.048,0.009,-73.253,0.634,6.002,0.011,0.008,-48.489,0.732,6.066,0.01,0.008,-68.457,0.761,6.26,0.045,0.008,-77.366,0.779,6.656,0.017,0.008,-18.25,0.881,7.002,0.021,0.01,-47.115,0.679,7.157,0.07,0.009,-47.627,0.806,8.292,0.011,0.015,-15.778,0.544,8.433,0.006,0.015,-19.027,0.579,5.138,0.018,0.005,-76.875,0.952,5.703,0.013,0.008,-94.647,0.722,0,0,0,0,0,6.169,0.021,0.011,-26.894,0.577,11.379,0.026,0.016,-16.685,0.73
161,Margin on site 10,000_000,9/24/2021 17:45,23.7,0,Passed Sort COL1-001 OB 10-1631_PIK_SORT rev10  09/24/21 08:11,FALSE,,GD,,Not Done,Not Done,,Not Done,Not Done,,Not Done,100_LVL (old),,,,0,0,Fail,0,0,,2.151,2.296,0,3.078,0,3.319,3.423,3.938,4.221,4.3,4.357,-0.706,0,0.142,1.666,-6.862,0.024,1.055,-1.034,-0.071,-0.537,0,2.151,0.053,0.011,-60.975,0.195,2.296,0.024,0.011,-57.799,0.215,0,0,0,0,0,3.078,0.019,0.009,-14.898,0.349,0,0,0,0,0,3.319,0.013,0.007,-73.508,0.455,3.423,0.003,0.007,-21.063,0.497,3.938,0.012,0.011,-25.76,0.361,4.221,0.053,0.007,-137.868,0.621,4.3,0.059,0.008,-69.54,0.54,4.357,0.077,0.01,-40.671,0.444,4.725,0.03,0.007,-52.46,0.641,5.074,0.137,0.009,-60.708,0.596,5.222,0.046,0.011,-36.851,0.465,5.51,0.033,0.006,-42.24,0.876,6,0.008,0.01,-37.163,0.584,6.063,0.045,0.009,-58.988,0.681,6.257,0.031,0.009,-60.354,0.735,6.655,0.016,0.012,-17.482,0.541,6.999,0.018,0.01,-47.227,0.711,7.154,0.049,0.009,-41.972,0.837,8.288,0.008,0.014,-15.49,0.593,8.428,0.005,0.013,-14.17,0.634,5.136,0.018,0.005,-129.477,0.965,5.702,0.011,0.008,-80.539,0.705,0,0,0,0,0,6.166,0.026,0.009,-44.142,0.689,11.379,0.017,0.015,-19.173,0.769
162,Margin on site 11,000_000,9/27/2021 16:38,23.9,0,Failed Sort COL1-001 OB 10-1631_PIK_SORT rev10  09/27/21 07:05,FALSE,,GD,,Not Done,Not Done,,Not Done,Not Done,,Not Done,100_LVL (old),,,,0,0,Fail,0,0,,2.152,2.298,0,3.079,0,3.318,3.424,3.938,4.22,4.3,4.358,-0.52,0,0.107,1.689,-6.841,0.087,1.127,-0.975,-0.027,-0.49,0,2.152,0.056,0.009,-54.505,0.235,2.298,0.029,0.009,-71.195,0.259,0,0,0,0,0,3.079,0.02,0.013,-10.974,0.233,0,0,0,0,0,3.318,0.015,0.007,-73.687,0.452,3.424,0.004,0.011,-19.484,0.305,3.938,0.013,0.013,-21.815,0.3,4.22,0.061,0.007,-146.914,0.647,4.3,0.069,0.009,-67.435,0.499,4.358,0.092,0.009,-45.16,0.472,4.725,0.037,0.008,-45.7,0.574,5.076,0.165,0.009,-59.267,0.54,5.223,0.043,0.009,-28.913,0.594,5.511,0.041,0.008,-62.527,0.669,6.002,0.009,0.01,-35.623,0.621,6.065,0.053,0.009,-56.442,0.692,6.258,0.036,0.009,-60.213,0.73,6.656,0.018,0.013,-17.931,0.521,7.001,0.021,0.01,-44.133,0.687,7.155,0.057,0.009,-40.055,0.797,8.292,0.01,0.017,-15.63,0.498,8.427,0.006,0.016,-13.446,0.526,5.136,0.018,0.006,-81.041,0.93,5.702,0.012,0.009,-77.248,0.639,0,0,0,0,0,6.167,0.026,0.008,-44.786,0.76,11.377,0.017,0.015,-15.872,0.762
163,Margin on site 12,000_000,9/27/2021 16:43,24,0,Failed Sort COL1-001 OB 10-1631_PIK_SORT rev10  09/27/21 07:10,FALSE,,GD,,Not Done,Not Done,,Not Done,Not Done,,Not Done,100_LVL (old),,,,0,0,Fail,0,0,,2.149,2.299,2.982,3.079,0,3.318,3.424,3.938,4.222,4.301,4.359,-0.475,-3.383,0.073,1.707,-6.822,0.139,1.127,-1.002,-0.006,-0.49,0,2.149,0.049,0.01,-48.181,0.209,2.299,0.03,0.009,-67.744,0.269,2.982,0.005,0.002,-13.048,1.973,3.079,0.018,0.012,-11.466,0.254,0,0,0,0,0,3.318,0.014,0.007,-73.312,0.457,3.424,0.035,0.014,-17.567,0.245,3.938,0.011,0.012,-22.829,0.317,4.222,0.061,0.007,-144.964,0.635,4.301,0.08,0.008,-73.358,0.515,4.359,0.099,0.01,-39.232,0.446,4.726,0.043,0.009,-52.688,0.55,5.077,0.183,0.009,-64.264,0.562,5.223,0.041,0.011,-16.953,0.484,5.51,0.047,0.009,-65.264,0.612,6.001,0.009,0.011,-36.547,0.57,6.065,0.008,0.009,-43.494,0.674,6.259,0.038,0.009,-60.699,0.729,6.656,0.017,0.013,-10.336,0.515,7,0.02,0.011,-45.184,0.663,7.155,0.058,0.009,-37.235,0.763,8.29,0.01,0.016,-14.766,0.503,8.43,0.006,0.015,-15.591,0.562,5.136,0.017,0.005,-68.496,0.972,5.702,0.011,0.009,-73.528,0.637,0,0,0,0,0,6.166,0.024,0.008,-39.353,0.762,11.377,0.023,0.017,-13.41,0.651
164,Margin on site 13,000_000,9/27/2021 16:47,24,0,Failed Sort COL1-001 OB 10-1631_PIK_SORT rev10  09/27/21 07:14,FALSE,,GD,,Not Done,Not Done,,Not Done,Not Done,,Not Done,100_LVL (old),,,,0,0,Fail,0,0,,2.152,2.297,0,3.079,0,3.318,3.424,3.938,4.222,4.3,4.358,-0.644,0,0.073,1.727,-6.841,0.087,1.127,-0.975,-0.049,-0.515,0,2.152,0.057,0.009,-58.863,0.227,2.297,0.026,0.009,-65.066,0.265,0,0,0,0,0,3.079,0.02,0.01,-13.433,0.315,0,0,0,0,0,3.318,0.014,0.007,-76.893,0.504,3.424,0.004,0.007,-24.349,0.511,3.938,0.013,0.01,-26.527,0.386,4.222,0.058,0.007,-149.335,0.644,4.3,0.058,0.008,-63.696,0.516,4.358,0.079,0.009,-44.099,0.47,4.725,0.031,0.008,-45.035,0.61,5.075,0.142,0.009,-65.754,0.566,5.223,0.046,0.011,-27.502,0.461,5.511,0.037,0.007,-58.755,0.75,6.001,0.009,0.01,-38.654,0.629,6.064,0.048,0.009,-64.189,0.711,6.258,0.034,0.008,-63.841,0.759,6.655,0.018,0.014,-16.464,0.485,7,0.02,0.01,-48.353,0.703,7.155,0.053,0.008,-44.389,0.85,8.291,0.009,0.016,-15.755,0.514,8.43,0.005,0.015,-14.13,0.57,5.137,0.019,0.006,-122.072,0.93,5.703,0.012,0.008,-86.608,0.674,0,0,0,0,0,6.167,0.029,0.009,-44.379,0.688,11.379,0.011,0.014,-17.583,0.799
165,Margin on site 14,000_000,9/27/2021 16:52,23.9,0,Passed Sort COL1-001 OB 10-1631_PIK_SORT rev10  09/27/21 07:19,FALSE,,GD,,Not Done,Not Done,,Not Done,Not Done,,Not Done,100_LVL (old),,,,0,0,Fail,0,0,,2.151,2.297,0,3.079,0,3.318,3.422,3.932,4.22,4.3,4.358,-0.644,0,0.073,1.585,-7.154,0.041,1.099,-1.007,-0.047,-0.49,0.069,2.151,0.054,0.013,-48.28,0.165,2.297,0.028,0.009,-72.313,0.261,0,0,0,0,0,3.079,0.019,0.011,-14.463,0.276,0,0,0,0,0,3.318,0.014,0.007,-75.615,0.443,3.422,0.004,0.012,-16.438,0.282,3.932,0.011,0.014,-16.859,0.277,4.22,0.06,0.007,-151.75,0.643,4.3,0.072,0.008,-75.391,0.537,4.358,0.088,0.009,-43.548,0.469,4.725,0.038,0.007,-60.469,0.666,5.076,0.166,0.009,-70.334,0.576,5.223,0.044,0.011,-29.271,0.477,5.51,0.041,0.008,-69.323,0.651,6.001,0.009,0.008,-39.103,0.719,6.064,0.008,0.009,-50.841,0.699,6.258,0.037,0.008,-66.943,0.75,6.656,0.017,0.014,-15.707,0.492,7,0.02,0.01,-47.834,0.689,7.155,0.06,0.009,-42.781,0.79,8.291,0.01,0.017,-16.537,0.499,8.43,0.007,0.011,-21.29,0.8,5.137,0.018,0.005,-106.397,0.991,5.702,0.012,0.008,-87.612,0.678,3.758,0.001,0.002,-34.081,1.813,6.167,0.026,0.009,-46.634,0.725,11.376,0.017,0.014,-17.396,0.839
166,Margin on site 15,000_000,9/27/2021 18:17,25.5,0,Failed Sort COL1-001 OB 10-1631_PIK_SORT rev10  09/27/21 08:44,FALSE,,GD,,Not Done,Not Done,,Not Done,Not Done,,Not Done,100_LVL (old),,,,0,0,Fail,0,0,,2.15,2.299,2.984,3.081,0,3.321,3.425,3.934,4.222,4.302,4.359,-0.429,-3.231,0.382,1.749,-7.03,0.139,1.201,-0.941,0.061,-0.365,0,2.15,0.053,0.011,-35.3,0.194,2.299,0.029,0.009,-75.327,0.244,2.984,0.005,0.005,-31.125,0.569,3.081,0.019,0.012,-17.362,0.267,0,0,0,0,0,3.321,0.013,0.007,-72.669,0.461,3.425,0.03,0.015,-20.264,0.225,3.934,0.011,0.014,-19.818,0.283,4.222,0.06,0.007,-145.031,0.637,4.302,0.075,0.008,-83.938,0.565,4.359,0.09,0.009,-42.796,0.464,4.726,0.037,0.008,-48.512,0.576,5.077,0.168,0.008,-69.073,0.633,5.225,0.047,0.01,-32.009,0.519,5.511,0.042,0.008,-64.854,0.654,6.002,0.01,0.008,-40.023,0.763,6.065,0.008,0.01,-52.942,0.585,6.26,0.041,0.008,-72.434,0.749,6.657,0.018,0.014,-15.221,0.481,7.003,0.022,0.01,-48.532,0.7,7.158,0.062,0.009,-42.683,0.795,8.294,0.01,0.016,-14.927,0.516,8.434,0.007,0.015,-15.712,0.578,5.138,0.018,0.006,-89.553,0.934,0,0,0,0,0,0,0,0,0,0,6.169,0.021,0.011,-25.846,0.539,11.383,0.015,0.014,-17.56,0.82
167,Margin on site 16,000_000,9/27/2021 18:22,25,0,Failed Sort COL1-001 OB 10-1631_PIK_SORT rev10  09/27/21 08:49,FALSE,,GD,,Not Done,Not Done,,Not Done,Not Done,,Not Done,100_LVL (old),,,,0,0,Fail,0,0,,2.149,2.298,2.981,3.079,0,3.319,3.423,3.934,4.222,4.301,4.359,-0.537,-3.488,0.176,1.666,-7.066,0.116,1.148,-1.002,0.037,-0.416,0.569,2.149,0.049,0.013,-53.387,0.165,2.298,0.027,0.01,-72.159,0.239,2.981,0.005,0.003,-25.068,1.071,3.079,0.017,0.019,-14.076,0.166,0,0,0,0,0,3.319,0.012,0.007,-66.971,0.463,3.423,0.028,0.013,-22.364,0.256,3.934,0.01,0.011,-15.949,0.36,4.222,0.056,0.007,-143.572,0.628,4.301,0.072,0.008,-87.01,0.56,4.359,0.085,0.009,-42.371,0.46,4.725,0.035,0.01,-36.368,0.492,5.076,0.163,0.008,-66.401,0.62,5.224,0.042,0.01,-28.467,0.526,5.51,0.041,0.008,-73.37,0.681,6,0.009,0.01,-42.271,0.627,6.064,0.056,0.009,-62.446,0.707,6.26,0.038,0.008,-70.222,0.756,6.658,0.017,0.012,-15.443,0.548,7.001,0.02,0.01,-46.339,0.682,7.157,0.059,0.009,-40.732,0.777,8.291,0.01,0.016,-15.072,0.528,8.431,0.006,0.015,-15.864,0.574,5.137,0.017,0.006,-81.374,0.933,5.703,0.012,0.009,-86.133,0.663,3.763,0.009,0.009,-18.844,0.404,6.169,0.021,0.01,-30.639,0.609,11.379,0.021,0.015,-16.503,0.768
168,Margin on site 19,000_000,9/27/2021 22:25,25.1,0,Failed Sort COL1-001 OB 10-1631_PIK_SORT rev10  09/27/21 12:51,FALSE,,GD,,Not Done,Not Done,,Not Done,Not Done,,Not Done,100_LVL (old),,,,0,0,Fail,0,0,,2.151,2.297,2.985,3.079,0,3.318,3.424,3.933,4.222,4.301,4.359,-0.661,-3.18,0.107,1.708,-7.089,0.105,1.127,-1,0.015,-0.489,0.628,2.151,0.051,0.012,-38.869,0.181,2.297,0.026,0.01,-61.919,0.227,2.985,0.005,0.003,-20.484,0.982,3.079,0.019,0.014,-16.173,0.223,0,0,0,0,0,3.318,0.013,0.007,-72.176,0.443,3.424,0.024,0.016,-18.626,0.212,3.933,0.011,0.015,-19.983,0.266,4.222,0.056,0.006,-147.602,0.657,4.301,0.06,0.008,-65.612,0.553,4.359,0.078,0.009,-43.652,0.468,4.725,0.031,0.008,-38.337,0.56,5.075,0.144,0.008,-64.846,0.623,5.223,0.046,0.011,-30.929,0.477,5.51,0.036,0.007,-47.851,0.827,6.002,0.008,0.009,-36.093,0.639,6.065,0.047,0.009,-56.77,0.689,6.259,0.034,0.009,-61.248,0.724,6.656,0.018,0.013,-17.106,0.51,7.001,0.02,0.011,-43.854,0.664,7.155,0.052,0.009,-37.368,0.804,8.293,0.01,0.015,-16.999,0.566,8.431,0.006,0.015,-14.168,0.559,5.137,0.019,0.005,-109.998,0.945,5.702,0.012,0.008,-79.874,0.672,3.763,0.009,0.011,-19.694,0.358,6.167,0.027,0.009,-44.123,0.701,11.381,0.011,0.015,-18.469,0.769
169,Margin on site 20,000_000,9/27/2021 22:29,25,0,Failed Sort COL1-001 OB 10-1631_PIK_SORT rev10  09/27/21 12:56,FALSE,,GD,,Not Done,Not Done,,Not Done,Not Done,,Not Done,100_LVL (old),,,,0,0,Fail,0,0,,2.151,2.298,0,3.078,0,3.319,3.423,3.935,4.221,4.301,4.359,-0.537,0,0.142,1.647,-7.01,0.105,1.127,-1.002,-0.027,-0.513,0,2.151,0.048,0.009,-47.487,0.23,2.298,0.024,0.01,-75.757,0.238,0,0,0,0,0,3.078,0.018,0.007,-12.096,0.42,0,0,0,0,0,3.319,0.013,0.007,-81.663,0.466,3.423,0.003,0.006,-22.219,0.62,3.935,0.01,0.007,-19.762,0.55,4.221,0.053,0.007,-140.736,0.634,4.301,0.058,0.008,-66.203,0.537,4.359,0.077,0.009,-43.177,0.466,4.725,0.03,0.008,-38.518,0.579,5.075,0.138,0.009,-60.813,0.575,5.223,0.041,0.01,-28.207,0.534,5.51,0.034,0.006,-42.039,0.855,6,0.007,0.011,-30.098,0.547,6.064,0.043,0.009,-50.152,0.65,6.258,0.031,0.008,-54.688,0.776,6.656,0.017,0.012,-16.382,0.533,7,0.02,0.011,-39.541,0.62,7.155,0.048,0.009,-33.541,0.787,8.291,0.01,0.014,-16.902,0.588,8.429,0.006,0.016,-13.139,0.514,5.136,0.018,0.005,-105.001,1.004,5.702,0.011,0.009,-67.406,0.615,0,0,0,0,0,6.166,0.025,0.009,-40.354,0.699,11.378,0.014,0.014,-16.452,0.824
170,Margin on site 21,000_000,9/27/2021 22:34,25,0,Failed Sort COL1-001 OB 10-1631_PIK_SORT rev10  09/27/21 13:01,FALSE,,GD,,Not Done,Not Done,,Not Done,Not Done,,Not Done,100_LVL (old),,,,0,0,Fail,0,0,,2.151,2.3,2.983,3.076,0,3.318,3.423,3.933,4.221,4.302,4.36,-0.368,-3.33,0.107,1.667,-7.096,0.185,1.096,-1.007,-0.006,-0.466,0,2.151,0.046,0.01,-61.986,0.219,2.3,0.03,0.009,-67.692,0.247,2.983,0.005,0.002,-20.967,1.57,3.076,0.016,0.006,-15.386,0.476,0,0,0,0,0,3.318,0.012,0.008,-74.827,0.423,3.423,0.038,0.016,-17.171,0.218,3.933,0.009,0.011,-19.632,0.365,4.221,0.06,0.007,-148.927,0.643,4.302,0.09,0.008,-78.697,0.548,4.36,0.106,0.01,-42.624,0.459,4.725,0.048,0.009,-41.702,0.531,5.077,0.194,0.008,-67.609,0.6,5.223,0.031,0.011,-12.398,0.472,5.51,0.053,0.008,-64.914,0.651,5.999,0.009,0.008,-29.19,0.796,6.064,0.008,0.009,-43.36,0.664,6.259,0.041,0.009,-62.729,0.723,6.656,0.017,0.012,-13.814,0.552,7,0.019,0.011,-38.963,0.629,7.156,0.058,0.01,-31.842,0.703,8.29,0.01,0.015,-14.201,0.537,8.429,0.006,0.014,-14.532,0.617,5.136,0.016,0.005,-46.501,0.973,5.702,0.011,0.009,-69.505,0.647,0,0,0,0,0,6.166,0.019,0.01,-22.9,0.627,11.373,0.028,0.02,-9.422,0.582
171,Margin on site 22,000_000,9/27/2021 22:38,25,0,Passed Sort COL1-001 OB 10-1631_PIK_SORT rev10  09/27/21 13:05,FALSE,,GD,,Not Done,Not Done,,Not Done,Not Done,,Not Done,100_LVL (old),,,,0,0,Fail,0,0,,2.15,2.298,0,3.078,0,3.319,3.426,3.933,4.222,4.301,4.358,-0.537,0,0.176,1.81,-7.085,0.087,1.077,-1.029,-0.027,-0.515,0.483,2.15,0.05,0.013,-38.269,0.162,2.298,0.024,0.009,-67.617,0.246,0,0,0,0,0,3.078,0.019,0.005,-19.34,0.661,0,0,0,0,0,3.319,0.013,0.007,-76.634,0.462,3.426,0.003,0.002,-22.237,2.185,3.933,0.011,0.015,-21.482,0.266,4.222,0.055,0.006,-146.59,0.654,4.301,0.056,0.008,-62.459,0.549,4.358,0.075,0.009,-39.862,0.467,4.724,0.029,0.008,-37.853,0.574,5.074,0.135,0.008,-65.111,0.597,5.222,0.043,0.011,-29.55,0.493,5.51,0.035,0.007,-54.524,0.754,6,0.008,0.011,-33.678,0.556,6.063,0.042,0.009,-52.695,0.667,6.258,0.03,0.009,-55.588,0.705,6.656,0.017,0.014,-15.583,0.47,7,0.019,0.011,-42.848,0.644,7.155,0.047,0.009,-34.906,0.796,8.291,0.01,0.015,-17.384,0.566,8.429,0.005,0.015,-13.524,0.578,5.136,0.018,0.005,-114.948,0.941,5.702,0.011,0.008,-70.923,0.681,3.762,0.008,0.013,-16.639,0.294,6.167,0.026,0.009,-39.916,0.662,11.38,0.013,0.014,-17.181,0.786
172,Margin on site 23,000_000,9/27/2021 22:42,25,0,Passed Sort COL1-001 OB 10-1631_PIK_SORT rev10  09/27/21 13:09,FALSE,,GD,,Not Done,Not Done,,Not Done,Not Done,,Not Done,100_LVL (old),,,,0,0,Fail,0,0,,2.151,2.297,0,3.079,0,3.319,3.42,3.932,4.221,4.301,4.359,-0.599,0,0.142,1.485,-7.175,0.105,1.077,-1.061,-0.05,-0.489,0.395,2.151,0.049,0.01,-47.881,0.216,2.297,0.025,0.01,-73.016,0.233,0,0,0,0,0,3.079,0.018,0.005,-15.078,0.606,0,0,0,0,0,3.319,0.013,0.007,-70.576,0.448,3.42,0.003,0.008,-21.255,0.416,3.932,0.01,0.012,-17.821,0.32,4.221,0.055,0.007,-149.167,0.647,4.301,0.062,0.008,-64.698,0.539,4.359,0.079,0.01,-40.298,0.442,4.724,0.032,0.008,-37.917,0.569,5.075,0.146,0.009,-64.714,0.58,5.222,0.04,0.011,-24.047,0.496,5.509,0.035,0.008,-50.329,0.664,6,0.008,0.009,-34.639,0.633,6.063,0.046,0.009,-54.054,0.676,6.258,0.032,0.009,-56.137,0.708,6.655,0.017,0.014,-14.49,0.459,7,0.019,0.01,-43.69,0.669,7.155,0.05,0.009,-35.837,0.78,8.291,0.01,0.014,-17.513,0.576,8.429,0.006,0.016,-13.658,0.531,5.136,0.017,0.005,-101.509,0.944,5.702,0.011,0.009,-72.79,0.639,3.761,0.001,0.003,-23.215,1.378,6.166,0.025,0.009,-42.185,0.72,11.378,0.017,0.015,-15.612,0.745
173,Margin on site 24,000_000,9/27/2021 22:47,25,0,Failed Sort COL1-001 OB 10-1631_PIK_SORT rev10  09/27/21 13:14,FALSE,,GD,,Not Done,Not Done,,Not Done,Not Done,,Not Done,100_LVL (old),,,,0,0,Fail,0,0,,2.152,2.296,2.982,3.079,0,3.318,3.424,3.934,4.221,4.3,4.358,-0.706,-3.392,0.073,1.711,-7.066,0.041,1.099,-1.034,-0.05,-0.513,0,2.152,0.049,0.012,-35.827,0.176,2.296,0.025,0.009,-68.467,0.242,2.982,0.005,0.003,-17.047,1.147,3.079,0.019,0.009,-11.632,0.328,0,0,0,0,0,3.318,0.014,0.007,-75.789,0.456,3.424,0.024,0.015,-17.886,0.231,3.934,0.011,0.014,-18.356,0.286,4.221,0.053,0.007,-137.147,0.625,4.3,0.057,0.008,-67.689,0.533,4.358,0.075,0.009,-41.765,0.459,4.724,0.004,0.006,-30.49,0.84,5.074,0.135,0.008,-65.981,0.617,5.223,0.041,0.011,-24.795,0.484,5.51,0.033,0.007,-52.653,0.812,6,0.008,0.01,-32.149,0.578,6.063,0.043,0.009,-53.315,0.673,6.258,0.03,0.009,-54.617,0.702,6.655,0.017,0.015,-14.532,0.453,7,0.019,0.01,-43.275,0.677,7.155,0.047,0.009,-35.978,0.796,8.289,0.009,0.015,-16.996,0.564,8.429,0.005,0.016,-12.661,0.54,5.136,0.018,0.005,-115.469,0.953,5.702,0.011,0.008,-70.932,0.675,0,0,0,0,0,6.166,0.025,0.009,-40.433,0.681,11.378,0.013,0.014,-16.494,0.799
174,Margin on site 25,000_000,9/27/2021 22:51,25,0,Failed Sort COL1-001 OB 10-1631_PIK_SORT rev10  09/27/21 13:18,FALSE,,GD,,Not Done,Not Done,,Not Done,Not Done,,Not Done,100_LVL (old),,,,0,0,Fail,0,0,,2.149,2.298,2.986,3.08,0,3.318,3.423,3.932,4.221,4.301,4.359,-0.537,-3.024,0.073,1.667,-7.173,0.128,1.077,-1.061,-0.027,-0.466,0.588,2.149,0.048,0.01,-44.518,0.205,2.298,0.028,0.009,-74.435,0.247,2.986,0.005,0.003,-13.831,1.15,3.08,0.017,0.018,-11.067,0.175,0,0,0,0,0,3.318,0.012,0.008,-66.097,0.419,3.423,0.03,0.015,-17.647,0.234,3.932,0.01,0.014,-17.045,0.28,4.221,0.058,0.007,-144.659,0.628,4.301,0.074,0.008,-79.23,0.539,4.359,0.09,0.009,-46.594,0.484,4.724,0.038,0.01,-40.695,0.45,5.075,0.168,0.008,-66.57,0.613,5.222,0.041,0.01,-25.76,0.522,5.509,0.043,0.008,-69.422,0.653,6,0.009,0.009,-36.738,0.651,6.063,0.056,0.009,-60.398,0.696,6.258,0.037,0.008,-65.152,0.742,6.656,0.017,0.011,-15.671,0.617,7,0.02,0.01,-43.931,0.669,7.156,0.058,0.009,-38.354,0.763,8.29,0.011,0.015,-16.633,0.565,8.431,0.006,0.014,-15.228,0.605,5.136,0.017,0.005,-80.166,0.951,5.702,0.012,0.009,-82.388,0.613,3.763,0.009,0.012,-16.944,0.317,6.167,0.024,0.008,-42.035,0.749,11.377,0.022,0.016,-14.691,0.734
175,Margin on site 26,000_000,9/27/2021 22:55,25,0,Failed Sort COL1-001 OB 10-1631_PIK_SORT rev10  09/27/21 13:22,FALSE,,GD,,Not Done,Not Done,,Not Done,Not Done,,Not Done,100_LVL (old),,,,0,0,Fail,0,0,,2.149,2.297,2.983,3.078,0,3.319,3.425,3.932,4.221,4.301,4.358,-0.661,-3.302,0.176,1.729,-7.153,0.082,1.077,-1.038,-0.049,-0.516,0.381,2.149,0.047,0.01,-49.484,0.221,2.297,0.026,0.01,-69.434,0.231,2.983,0.005,0.002,-13.107,1.222,3.078,0.017,0.014,-14.656,0.213,0,0,0,0,0,3.319,0.012,0.008,-65.134,0.425,3.425,0.027,0.015,-19.506,0.232,3.932,0.009,0.012,-22.084,0.324,4.221,0.055,0.007,-145.926,0.644,4.301,0.066,0.008,-71.519,0.559,4.358,0.081,0.009,-41.81,0.471,4.724,0.034,0.008,-41.94,0.583,5.075,0.155,0.008,-69.47,0.608,5.222,0.039,0.009,-26.761,0.561,5.51,0.039,0.008,-67.055,0.656,6,0.008,0.01,-37.402,0.632,6.063,0.049,0.009,-54.035,0.673,6.258,0.034,0.009,-59.309,0.715,6.655,0.016,0.013,-15.456,0.501,7,0.019,0.011,-40.76,0.644,7.155,0.053,0.009,-36.94,0.776,8.29,0.01,0.015,-16.819,0.547,8.429,0.006,0.015,-14.16,0.577,5.136,0.016,0.005,-100.578,0.986,5.702,0.011,0.009,-75.625,0.656,3.761,0.001,0.003,-18.101,1.41,6.166,0.023,0.008,-42.468,0.73,11.377,0.021,0.016,-15.382,0.707
176,Margin on site 27,000_000,9/27/2021 23:00,25,0,Failed Sort COL1-001 OB 10-1631_PIK_SORT rev10  09/27/21 13:26,FALSE,,GD,,Not Done,Not Done,,Not Done,Not Done,,Not Done,100_LVL (old),,,,0,0,Fail,0,0,,2.15,2.297,2.979,3.079,0,3.317,3.423,3.931,4.221,4.301,4.359,-0.599,-3.654,0.004,1.667,-7.192,0.105,1.077,-1.061,-0.049,-0.49,0.648,2.15,0.048,0.009,-55.537,0.248,2.297,0.027,0.01,-66.668,0.229,2.979,0.005,0.005,-11.893,0.606,3.079,0.017,0.015,-12.27,0.201,0,0,0,0,0,3.317,0.012,0.007,-68.827,0.453,3.423,0.03,0.015,-19.835,0.228,3.931,0.009,0.014,-22.688,0.28,4.221,0.057,0.007,-148.05,0.64,4.301,0.075,0.008,-75.184,0.541,4.359,0.091,0.009,-46.196,0.483,4.724,0.005,0.007,-32.206,0.639,5.075,0.171,0.008,-70.298,0.62,5.222,0.039,0.009,-18.269,0.591,5.509,0.044,0.009,-69.525,0.642,6,0.009,0.009,-35.867,0.66,6.063,0.008,0.009,-49.99,0.702,6.258,0.037,0.009,-62.83,0.728,6.656,0.016,0.012,-16.109,0.553,6.999,0.02,0.01,-45.154,0.673,7.155,0.057,0.01,-36.691,0.753,8.291,0.011,0.014,-17.719,0.585,8.428,0.006,0.015,-15.961,0.55,5.136,0.016,0.005,-72.666,0.961,5.702,0.011,0.009,-78.219,0.642,3.763,0.009,0.012,-13.144,0.322,6.166,0.023,0.008,-39.059,0.762,11.375,0.024,0.017,-14.457,0.682
177,Margin on site 28,000_000,9/27/2021 23:04,24.9,0,Failed Sort COL1-001 OB 10-1631_PIK_SORT rev10  09/27/21 13:31,FALSE,,GD,,Not Done,Not Done,,Not Done,Not Done,,Not Done,100_LVL (old),,,,0,0,Fail,0,0,,2.149,2.299,2.982,3.077,0,3.318,3.424,3.931,4.221,4.301,4.36,-0.429,-3.392,0.039,1.689,-7.186,0.162,1.096,-1.034,-0.091,-0.516,0.685,2.149,0.046,0.009,-49.675,0.245,2.299,0.029,0.009,-66.036,0.246,2.982,0.005,0.003,-10.77,0.957,3.077,0.016,0.014,-10.682,0.219,0,0,0,0,0,3.318,0.012,0.008,-68.481,0.415,3.424,0.035,0.015,-16.186,0.224,3.931,0.009,0.014,-17.37,0.285,4.221,0.058,0.007,-142.475,0.639,4.301,0.082,0.008,-74.24,0.528,4.36,0.099,0.009,-43.054,0.465,4.724,0.043,0.01,-39.327,0.489,5.076,0.18,0.008,-65.06,0.611,5.223,0.029,0.014,-8.685,0.365,5.51,0.048,0.009,-65.043,0.642,6,0.008,0.009,-30.928,0.674,6.064,0.007,0.009,-39.45,0.654,6.257,0.037,0.009,-56.408,0.697,6.655,0.016,0.013,-9.191,0.519,7,0.019,0.011,-37.479,0.627,7.155,0.054,0.01,-32.196,0.723,8.29,0.01,0.016,-15.28,0.518,8.429,0.006,0.017,-13.233,0.496,5.136,0.016,0.005,-49.896,0.937,5.701,0.011,0.009,-66.853,0.623,3.764,0.001,0.003,-19.79,1.336,6.165,0.02,0.009,-28.697,0.713,11.372,0.027,0.018,-10.695,0.617
178,Margin on site 29,000_000,9/27/2021 23:08,24.9,0,Failed Sort COL1-001 OB 10-1631_PIK_SORT rev10  09/27/21 13:35,FALSE,,GD,,Not Done,Not Done,,Not Done,Not Done,,Not Done,100_LVL (old),,,,0,0,Fail,0,0,,2.15,2.298,0,3.08,0,3.318,3.421,3.931,4.221,4.301,4.359,-0.537,0,0.073,1.527,-7.194,0.11,1.093,-1.065,-0.07,-0.515,0,2.15,0.048,0.014,-44.379,0.149,2.298,0.028,0.01,-75.361,0.229,0,0,0,0,0,3.08,0.018,0.013,-14.521,0.232,0,0,0,0,0,3.318,0.013,0.008,-69.338,0.419,3.421,0.004,0.012,-18.185,0.292,3.931,0.01,0.012,-21.641,0.317,4.221,0.057,0.006,-154.731,0.654,4.301,0.068,0.008,-73.463,0.565,4.359,0.085,0.01,-41.706,0.456,4.725,0.005,0.005,-47.333,0.88,5.075,0.158,0.009,-64.199,0.573,5.222,0.041,0.01,-26.089,0.516,5.509,0.04,0.009,-63.51,0.647,6,0.008,0.01,-34.267,0.631,6.063,0.052,0.009,-56.926,0.68,6.257,0.035,0.009,-59.151,0.722,6.655,0.017,0.014,-14.443,0.469,7,0.02,0.011,-40.809,0.639,7.155,0.055,0.009,-35.186,0.759,8.289,0.011,0.015,-16.874,0.556,8.43,0.006,0.016,-15.012,0.542,5.136,0.017,0.005,-101.486,1.013,5.702,0.012,0.009,-74.635,0.651,0,0,0,0,0,6.166,0.024,0.009,-40.432,0.699,11.377,0.018,0.015,-15.609,0.757
179,Margin on site 30,000_000,9/27/2021 23:12,25,0,Failed Sort COL1-001 OB 10-1631_PIK_SORT rev10  09/27/21 13:39,FALSE,,GD,,Not Done,Not Done,,Not Done,Not Done,,Not Done,100_LVL (old),,,,0,0,Fail,0,0,,2.149,2.298,2.98,3.076,0,3.317,3.424,3.934,4.221,4.301,4.359,-0.553,-3.575,0.004,1.708,-7.077,0.105,1.049,-1.038,-0.049,-0.516,0.917,2.149,0.044,0.009,-40.443,0.229,2.298,0.026,0.009,-66.092,0.243,2.98,0.005,0.002,-20.521,1.328,3.076,0.016,0.009,-15.011,0.33,0,0,0,0,0,3.317,0.012,0.008,-69.564,0.442,3.424,0.03,0.016,-20.114,0.212,3.934,0.009,0.01,-21.694,0.412,4.221,0.056,0.007,-146.943,0.643,4.301,0.073,0.008,-72.187,0.553,4.359,0.09,0.009,-44.876,0.482,4.724,0.038,0.009,-42.092,0.544,5.076,0.165,0.009,-64.809,0.576,5.222,0.037,0.012,-16.768,0.449,5.51,0.043,0.009,-65.889,0.638,6,0.008,0.009,-32.006,0.633,6.063,0.051,0.009,-50.523,0.653,6.258,0.034,0.009,-56.201,0.707,6.655,0.016,0.014,-10.771,0.485,6.999,0.019,0.011,-40.13,0.628,7.155,0.053,0.01,-32.518,0.728,8.289,0.01,0.016,-15.861,0.527,8.428,0.006,0.015,-12.923,0.55,5.136,0.016,0.005,-63.985,0.937,5.702,0.01,0.009,-70.203,0.658,3.766,0.001,0.002,-18.913,1.607,6.166,0.022,0.008,-35.831,0.732,11.374,0.024,0.017,-12.112,0.673
180,Margin on site,000_000,9/27/2021 22:20,25.2,0,Failed Sort COL1-001 OB 10-1631_PIK_SORT rev10  09/27/21 12:47,FALSE,,GD,,Not Done,Not Done,,Not Done,Not Done,,Not Done,100_LVL (old),,,,0,0,Fail,0,0,,2.15,2.299,2.982,3.08,0,3.32,3.424,3.933,4.222,4.302,4.359,-0.475,-3.383,0.279,1.727,-7.125,0.128,1.155,-0.946,0.017,-0.391,0.493,2.15,0.049,0.009,-67.58,0.237,2.299,0.028,0.009,-64.593,0.247,2.982,0.005,0.002,-30.615,1.517,3.08,0.018,0.006,-15.68,0.485,0,0,0,0,0,3.32,0.013,0.008,-72.878,0.435,3.424,0.032,0.013,-24.199,0.271,3.933,0.01,0.012,-16.956,0.32,4.222,0.058,0.007,-136.117,0.615,4.302,0.075,0.008,-78.68,0.553,4.359,0.092,0.009,-43.569,0.477,4.726,0.039,0.009,-44.692,0.544,5.076,0.171,0.008,-64.476,0.601,5.224,0.042,0.008,-24.787,0.639,5.511,0.044,0.008,-64.036,0.673,6.001,0.009,0.009,-34.919,0.663,6.066,0.007,0.01,-44.379,0.581,6.259,0.037,0.009,-58.702,0.705,6.656,0.017,0.011,-13.34,0.596,7.001,0.021,0.011,-42.343,0.666,7.157,0.058,0.01,-35.87,0.746,8.292,0.011,0.016,-15.772,0.518,8.431,0.007,0.016,-14.26,0.518,5.137,0.017,0.005,-73.905,0.948,0,0,0,0,0,3.762,0.01,0.01,-16.829,0.371,6.168,0.024,0.008,-42.194,0.747,11.378,0.019,0.016,-14.179,0.695
181,Margin on site,000_000,9/27/2021 18:27,24.8,0,Failed Sort COL1-001 OB 10-1631_PIK_SORT rev10  09/27/21 08:54,FALSE,,GD,,Not Done,Not Done,,Not Done,Not Done,,Not Done,100_LVL (old),,,,0,0,Fail,0,0,,2.152,2.298,2.982,3.079,0,3.318,3.425,3.931,4.221,4.301,4.358,-0.537,-3.459,0.073,1.749,-7.198,0.082,1.127,-1.029,-0.049,-0.516,0,2.152,0.048,0.012,-37.823,0.181,2.298,0.024,0.011,-72.782,0.214,2.982,0.005,0.002,-18.509,1.736,3.079,0.018,0.004,-12.037,0.777,0,0,0,0,0,3.318,0.013,0.007,-70.97,0.45,3.425,0.025,0.018,-20.156,0.195,3.931,0.01,0.015,-16.948,0.265,4.221,0.054,0.007,-139.376,0.625,4.301,0.062,0.008,-66.993,0.527,4.358,0.079,0.01,-41.525,0.458,4.725,0.031,0.008,-42.633,0.593,5.075,0.143,0.009,-60.725,0.576,5.223,0.04,0.009,-29.045,0.552,5.51,0.035,0.008,-51.144,0.699,6,0.008,0.01,-30.405,0.63,6.063,0.045,0.009,-52.052,0.657,6.258,0.032,0.009,-57.574,0.7,6.655,0.017,0.014,-15.334,0.489,7,0.019,0.011,-42.274,0.659,7.155,0.049,0.009,-34.236,0.766,8.29,0.01,0.015,-16.764,0.556,8.429,0.006,0.017,-14.395,0.506,5.137,0.017,0.005,-105.712,0.971,5.702,0.011,0.009,-70.227,0.625,0,0,0,0,0,6.166,0.024,0.009,-41.163,0.697,11.378,0.018,0.015,-15.494,0.737
182,E0402P_11,0_0,3/29/2022 19:59,21.4,0,QPLog 10-1631 (16) rev8,FALSE,,GD,,,,,,,,,,,,,,,Fail,0,0,,2.159,2.307,2.978,3.075,0,3.318,3.421,3.92,4.22,4.3,4.358,0.384,-3.785,0.039,1.51,-7.814,0.056,0.932,-1.081,-0.175,-0.462,0,2.159,0.074,0.014,-29.671,0.155,2.307,0.062,0.01,-56.637,0.233,2.978,0.004,0.008,-17.883,0.385,3.075,0.013,0.013,-19.184,0.242,0,0,0,0,0,3.318,0.014,0.006,-128.248,0.565,3.421,0.005,0.011,-23.886,0.3,3.92,0.005,0.007,-21.753,0.537,4.22,0.008,0.006,-166.45,0.699,4.3,0.014,0.006,-122.736,0.664,4.358,0.127,0.01,-43.26,0.428,4.721,0.009,0.008,-48.288,0.58,5.077,0.024,0.01,-37.503,0.515,5.219,0.081,0.01,-39.603,0.509,5.509,0.099,0.008,-72.571,0.694,6.009,0.018,0.005,-111.13,1.141,6.064,0.023,0.006,-132.78,1.044,6.255,0.007,0.008,-45.771,0.796,6.653,0.003,0.012,-8.689,0.548,6.994,0.003,0.009,-31.759,0.759,7.156,0.022,0.008,-66.962,0.898,8.293,0.041,0.009,-37.431,0.891,8.428,0.026,0.01,-39.022,0.812,5.134,0.002,0.003,-55.562,1.597,5.698,0.015,0.007,-78.666,0.807,0,0,0,0,0,6.16,0.006,0.006,-29.072,1.081,11.367,0.002,0.006,-9.993,1.882
183,e0402p,0_0,3/29/2022 19:13,21.1,0,QPLog 10-1631 (16) rev8,FALSE,,GD,,,,,,,,,,,,,,,Fail,0,0,,2.154,2.303,2.975,3.075,0,3.318,3.421,3.92,4.219,4.299,4.357,0,-4.017,0.073,1.531,-7.809,-0.022,1.021,-1.113,-0.153,-0.482,0.292,2.154,0.043,0.012,-41.083,0.174,2.303,0.04,0.009,-73.676,0.261,2.975,0.003,0.009,-11.788,0.327,3.075,0.012,0.013,-17.342,0.241,0,0,0,0,0,3.318,0.012,0.006,-121.176,0.547,3.421,0.004,0.011,-21.54,0.306,3.92,0.004,0.009,-20.627,0.453,4.219,0.007,0.006,-164.988,0.703,4.299,0.093,0.007,-131.872,0.64,4.357,0.106,0.01,-37.696,0.432,4.721,0.006,0.008,-47.881,0.584,5.077,0.018,0.014,-18.843,0.367,5.221,0.012,0.009,-31.872,0.568,5.508,0.011,0.006,-65.779,0.881,6.009,0.016,0.005,-104.698,1.18,6.063,0.02,0.006,-124.6,1.078,6.255,0.007,0.008,-49.874,0.788,6.651,0.005,0.009,-16.658,0.72,6.995,0.003,0.01,-24.684,0.716,7.156,0.172,0.008,-76.633,0.934,8.294,0.036,0.01,-35.786,0.865,8.428,0.022,0.01,-36.381,0.846,5.133,0.002,0.004,-85.862,1.339,5.698,0.014,0.006,-82.394,0.904,3.76,0.011,0.008,-38.252,0.483,6.16,0.006,0.008,-24.064,0.796,11.367,0.037,0.017,-9.175,0.666
184,e0402p,0_0,3/29/2022 18:54,20.8,0,QPLog 10-1631 (16) rev8,FALSE,,GD,,,,,,,,,,,,,,,Fail,0,0,,2.159,2.298,2.978,3.081,0,3.319,3.421,3.931,4.22,4.299,4.354,-0.483,-3.812,0.142,1.51,-7.233,-0.157,0.993,-1.221,-0.189,-0.648,0.082,2.159,0.061,0.004,-41.097,0.538,2.298,0.026,0.006,-99.674,0.416,2.978,0.003,0.008,-19.658,0.352,3.081,0.018,0.016,-16.427,0.197,0,0,0,0,0,3.319,0.011,0.006,-129.388,0.571,3.421,0.001,0.009,-12.523,0.392,3.931,0.008,0.002,-11.653,2.208,4.22,0.005,0.006,-148.198,0.697,4.299,0.036,0.005,-58.759,0.829,4.354,0.032,0.006,-70.565,0.711,4.72,0.003,0.006,-26.624,0.846,5.07,0.009,0.009,-59.273,0.579,5.22,0.011,0.009,-46.824,0.596,5.506,0.005,0.006,-52.171,0.857,5.999,0.012,0.006,-99.653,0.936,6.061,0.006,0.005,-159.729,1.223,6.254,0.004,0.007,-46.562,0.875,6.653,0.002,0.01,-14.078,0.682,6.995,0.017,0.009,-46.634,0.754,7.152,0.062,0.006,-80.097,1.157,8.292,0.01,0.012,-18.334,0.702,8.427,0.016,0.009,-51.923,0.965,5.134,0.006,0.004,-173.624,1.159,5.699,0.013,0.007,-98.472,0.787,3.758,0.004,0.008,-16.984,0.475,6.163,0.006,0.008,-39.601,0.73,11.368,0.004,0.003,-6.195,3.538
185,e0402p,0_0,3/29/2022 19:38,21.3,0,QPLog 10-1631 (16) rev8,FALSE,,GD,,,,,,,,,,,,,,,Fail,0,0,,2.156,2.307,2.978,3.073,0,3.318,3.421,3.918,4.219,4.3,4.359,0.384,-3.756,0.039,1.529,-7.887,0.114,0.869,-1.039,-0.181,-0.426,0,2.156,0.048,0.011,-39.903,0.191,2.307,0.055,0.01,-51.586,0.24,2.978,0.004,0.006,-17.19,0.5,3.073,0.011,0.013,-17.852,0.238,0,0,0,0,0,3.318,0.013,0.006,-125.297,0.535,3.421,0.006,0.011,-22.924,0.319,3.918,0.004,0.007,-25.73,0.557,4.219,0.008,0.006,-178.963,0.766,4.3,0.015,0.007,-114.65,0.626,4.359,0.163,0.01,-49.371,0.452,4.722,0.011,0.008,-60.669,0.609,5.076,0.015,0.011,-32.361,0.465,5.218,0.005,0.009,-32.298,0.585,5.51,0.117,0.009,-48.71,0.625,6.009,0.02,0.006,-95.741,1.034,6.064,0.028,0.006,-118.27,1.012,6.255,0.01,0.008,-54.953,0.813,6.675,0.005,0.009,-23.987,0.736,6.996,0.002,0.009,-22.422,0.801,7.157,0.172,0.008,-64.277,0.858,8.293,0.037,0.009,-42.312,0.973,8.428,0.025,0.011,-34.859,0.752,5.139,0.002,0.003,-40.071,1.914,5.7,0.017,0.006,-62.252,0.927,0,0,0,0,0,6.16,0.005,0.006,-52.107,1.079,11.368,0.003,0.004,-6.717,2.845
186,e0402p,0_0,3/29/2022 19:01,20.9,0,QPLog 10-1631 (16) rev8,FALSE,,GD,,,,,,,,,,,,,,,Fail,0,0,,2.157,2.304,2.979,3.075,0,3.318,3.422,3.92,4.22,4.299,4.357,0.124,-3.694,0.107,1.552,-7.782,-0.002,0.867,-1.15,-0.134,-0.446,0,2.157,0.053,0.015,-21.655,0.146,2.304,0.044,0.009,-47.929,0.254,2.979,0.004,0.007,-12.713,0.4,3.075,0.013,0.014,-16.062,0.219,0,0,0,0,0,3.318,0.014,0.006,-125.43,0.557,3.422,0.004,0.013,-20.205,0.27,3.92,0.005,0.011,-22.086,0.346,4.22,0.007,0.006,-165.583,0.755,4.299,0.097,0.007,-131.51,0.636,4.357,0.111,0.01,-43.038,0.456,4.721,0.007,0.007,-53.731,0.635,5.075,0.013,0.009,-30.087,0.545,5.218,0.005,0.01,-26.376,0.54,5.508,0.071,0.008,-63.425,0.68,6,0.017,0.006,-64.866,0.936,6.064,0.022,0.006,-119.424,1.042,6.256,0.009,0.008,-53.894,0.801,6.652,0.002,0.012,-9.452,0.542,6.995,0.003,0.009,-25.485,0.794,7.156,0.187,0.007,-79.892,0.958,8.294,0.037,0.01,-31.711,0.827,8.428,0.024,0.01,-38.179,0.809,5.135,0.002,0.003,-89.326,1.555,5.699,0.019,0.007,-62.612,0.796,0,0,0,0,0,6.162,0.005,0.007,-31.141,0.845,11.37,0.003,0.013,-8.805,0.902
187,e0402p,0_0,3/29/2022 19:33,21.2,0,QPLog 10-1631 (16) rev8,FALSE,,GD,,,,,,,,,,,,,,,Fail,0,0,,2.164,2.307,2.974,3.076,0,3.318,3.421,3.92,4.219,4.299,4.356,0.479,-4.148,0.073,1.49,-7.793,-0.041,0.934,-1.15,-0.167,-0.446,0,2.164,0.057,0.017,-8.465,0.13,2.307,0.051,0.013,-28.85,0.177,2.974,0.005,0.003,-6.861,1.084,3.076,0.014,0.016,-18.002,0.19,0,0,0,0,0,3.318,0.014,0.006,-129.476,0.571,3.421,0.004,0.012,-22.586,0.292,3.92,0.005,0.003,-24.66,1.317,4.219,0.007,0.006,-162.621,0.688,4.299,0.011,0.007,-100.182,0.634,4.356,0.102,0.01,-42.063,0.42,4.72,0.006,0.008,-41.743,0.587,5.077,0.019,0.01,-31.68,0.493,5.219,0.052,0.01,-45.548,0.518,5.508,0.056,0.008,-71.136,0.712,5.998,0.016,0.005,-63.381,1.15,6.063,0.021,0.007,-95.786,0.922,6.255,0.008,0.008,-44.092,0.757,6.654,0.003,0.011,-11.634,0.599,6.995,0.002,0.009,-24.347,0.771,7.156,0.181,0.008,-76.538,0.934,8.294,0.036,0.01,-32.714,0.825,8.428,0.022,0.01,-36.728,0.865,5.134,0.002,0.003,-84.916,1.476,5.698,0.016,0.006,-50.789,0.907,0,0,0,0,0,6.162,0.005,0.007,-38.484,0.875,11.368,0.004,0.011,-9.486,1.046
188,e0402p,0_0,3/29/2022 19:23,21.2,0,QPLog 10-1631 (16) rev8,FALSE,,GD,,,,,,,,,,,,,,,Fail,0,0,,2.156,2.306,2.978,3.075,0,3.318,3.421,3.92,4.219,4.299,4.358,0.322,-3.764,0.073,1.531,-7.814,0.056,0.949,-1.022,-0.181,-0.428,0,2.156,0.055,0.012,-39.696,0.182,2.306,0.055,0.009,-62.761,0.247,2.978,0.004,0.008,-15.452,0.379,3.075,0.012,0.012,-18.057,0.247,0,0,0,0,0,3.318,0.013,0.006,-125.15,0.551,3.421,0.005,0.011,-23.972,0.318,3.92,0.005,0.004,-26.298,0.901,4.219,0.008,0.006,-175.224,0.661,4.299,0.014,0.006,-119.312,0.68,4.358,0.141,0.01,-45.672,0.448,4.721,0.009,0.009,-57.217,0.543,5.077,0.015,0.013,-27.272,0.381,5.22,0.009,0.004,-36.961,1.29,5.51,0.117,0.008,-68.97,0.69,6.008,0.019,0.006,-105.067,1.085,6.064,0.025,0.006,-133.038,1.095,6.255,0.009,0.006,-58.866,0.986,6.654,0.003,0.01,-9.432,0.647,6.996,0.003,0.01,-27.333,0.703,7.157,0.181,0.008,-70.386,0.9,8.294,0.039,0.01,-40.98,0.856,8.428,0.025,0.01,-34.08,0.845,5.136,0.002,0.003,-70.039,1.865,5.698,0.016,0.007,-75.301,0.859,0,0,0,0,0,6.16,0.005,0.006,-37.399,1.096,11.366,0.003,0.003,-5.961,3.277
189,e0402p,0_0,3/29/2022 19:28,21.2,0,QPLog 10-1631 (16) rev8,FALSE,,GD,,,,,,,,,,,,,,,Fail,0,0,,2.152,2.306,2.979,3.072,0,3.317,3.421,3.918,4.219,4.3,4.359,0.322,-3.668,0.004,1.549,-7.887,0.133,0.908,-0.99,-0.175,-0.462,0,2.152,0.042,0.013,-40.656,0.169,2.306,0.055,0.01,-62.52,0.24,2.979,0.003,0.005,-17.331,0.564,3.072,0.01,0.015,-17.204,0.198,0,0,0,0,0,3.317,0.011,0.006,-118.868,0.526,3.421,0.006,0.012,-24.83,0.289,3.918,0.003,0.004,-32.646,0.925,4.219,0.007,0.005,-177.045,0.774,4.3,0.014,0.006,-112.478,0.665,4.359,0.148,0.01,-48.84,0.436,4.722,0.009,0.009,-53.143,0.553,5.075,0.016,0.006,-22.344,0.883,5.219,0.009,0.009,-42.934,0.601,5.51,0.137,0.007,-69.193,0.735,6.009,0.019,0.006,-102.793,1.007,6.064,0.025,0.006,-131.807,1.094,6.255,0.009,0.008,-60.39,0.807,6.676,0.005,0.009,-24.873,0.743,6.995,0.002,0.01,-19.996,0.685,7.156,0.153,0.008,-62.782,0.856,8.293,0.031,0.008,-37.78,1.008,8.428,0.023,0.012,-31.048,0.711,5.149,0.004,0.005,-82.028,0.989,5.698,0.014,0.006,-69.46,0.891,0,0,0,0,0,6.16,0.003,0.005,-55.183,1.166,11.358,0.037,0.009,-7.765,1.252
190,e0402p,0_0,3/29/2022 19:18,21.1,0,QPLog 10-1631 (16) rev8,FALSE,,GD,,,,,,,,,,,,,,,Fail,0,0,,2.161,2.306,2.978,3.074,0,3.318,3.421,3.922,4.247,4.3,4.358,0.322,-3.733,0.073,1.49,-7.703,0.056,0.884,-1.13,-0.175,-0.464,0,2.161,0.069,0.012,-22.136,0.186,2.306,0.066,0.01,-54.427,0.226,2.978,0.004,0.005,-15.988,0.553,3.074,0.013,0.015,-18.814,0.208,0,0,0,0,0,3.318,0.014,0.006,-129.702,0.568,3.421,0.005,0.011,-23.998,0.31,3.922,0.005,0.004,-44.954,0.952,4.247,0.003,0.006,-37.883,0.672,4.3,0.014,0.007,-114.24,0.61,4.358,0.131,0.01,-46.908,0.449,4.721,0.008,0.008,-50.505,0.593,5.076,0.014,0.011,-31.881,0.441,5.218,0.049,0.012,-41.039,0.445,5.508,0.105,0.008,-64.428,0.694,6.009,0.019,0.006,-110.257,1.059,6.064,0.025,0.006,-130.28,1.094,6.255,0.009,0.007,-63.958,0.958,6.653,0.003,0.014,-7.994,0.486,6.993,0.003,0.01,-26.051,0.721,7.156,0.186,0.008,-73.94,0.921,8.294,0.04,0.01,-35.719,0.855,8.428,0.026,0.01,-37.11,0.864,5.142,0.001,0.002,-88.685,3.138,5.699,0.019,0.007,-81.061,0.765,0,0,0,0,0,6.16,0.006,0.006,-25.694,1.056,11.367,0.003,0.008,-9.592,1.435
191,e0402p,0_0,3/29/2022 19:42,21.3,0,QPLog 10-1631 (16) rev8,FALSE,,GD,,,,,,,,,,,,,,,Fail,0,0,,2.159,2.303,2.977,3.077,0,3.318,3.421,3.923,4.219,4.298,4.354,0.016,-3.825,0.073,1.531,-7.656,-0.138,0.956,-1.182,-0.202,-0.512,0,2.159,0.069,0.01,-36.682,0.208,2.303,0.045,0.01,-78.084,0.233,2.977,0.003,0.008,-19.993,0.379,3.077,0.016,0.014,-18.348,0.226,0,0,0,0,0,3.318,0.015,0.006,-133.431,0.566,3.421,0.003,0.011,-19.789,0.301,3.923,0.006,0.003,-25.27,1.278,4.219,0.007,0.006,-171.046,0.712,4.298,0.01,0.006,-93.326,0.69,4.354,0.082,0.011,-45.859,0.413,4.719,0.005,0.008,-51.523,0.568,5.075,0.018,0.01,-44.97,0.522,5.22,0.01,0.005,-41.826,0.981,5.507,0.044,0.008,-75.28,0.711,5.998,0.018,0.007,-86.43,0.873,6.061,0.017,0.005,-135.06,1.184,6.254,0.006,0.008,-52.165,0.76,0,0,0,0,0,6.993,0.003,0.01,-27.072,0.725,7.155,0.179,0.007,-89.491,0.994,8.293,0.034,0.014,-24.349,0.6,8.427,0.026,0.009,-42.221,0.907,5.134,0.002,0.005,-126.756,1.112,5.699,0.017,0.007,-97.379,0.849,0,0,0,0,0,6.162,0.006,0.006,-48.315,1.011,11.374,0.01,0.013,-19.281,0.895
192,E0402P,,3/30/2022 22:20,22.7,0,,FALSE,,GD,,,,,,,,,,,,,,,Fail,0,0,,2.16,2.304,2.977,3.079,0,3.319,3.421,3.92,4.22,4.3,4.359,0.169,-3.842,0.142,1.51,-7.766,0.094,1.006,-1.182,-0.147,-0.414,0.019,2.16,0.104,0.011,-44.932,0.191,2.304,0.101,0.009,-75.668,0.261,2.977,0.007,0.009,-16.733,0.345,3.079,0.033,0.017,-18.464,0.184,0,0,0,0,0,3.319,0.03,0.006,-124.351,0.543,3.421,0.008,0.011,-26.211,0.298,3.92,0.013,0.012,-14.292,0.316,4.22,0.015,0.006,-197.638,0.712,4.3,0.027,0.006,-140.628,0.68,4.359,0.024,0.009,-50.229,0.468,4.721,0.014,0.008,-63.693,0.586,5.078,0.05,0.008,-78.228,0.65,5.221,0.014,0.007,-44.84,0.769,5.507,0.01,0.007,-65.6,0.747,5.999,0.022,0.007,-48.042,0.804,6.064,0.032,0.006,-113.808,1.019,6.255,0.01,0.011,-24.226,0.574,6.652,0.005,0.012,-13.631,0.535,6.994,0.005,0.01,-31.94,0.688,7.157,0.042,0.008,-74.877,0.948,8.296,0.011,0.01,-36.842,0.794,8.427,0.005,0.011,-23.728,0.768,5.135,0.005,0.003,-174.411,1.598,5.7,0.005,0.006,-71.869,0.985,3.757,0.019,0.007,-60.353,0.51,6.164,0.011,0.007,-45.566,0.849,11.372,0.003,0.017,-8.777,0.683
193,HVT 7,,3/30/2022 22:57,23,0,"System 500, 3.30.22",FALSE,,GD,,,,,,,,,,,,,,,Fail,0,0,,2.158,2.304,2.979,3.079,0,3.319,3.422,3.92,4.219,4.3,4.358,0.124,-3.65,0.176,1.551,-7.782,0.075,0.943,-1.198,-0.309,-0.414,-0.051,2.158,0.091,0.011,-42.148,0.189,2.304,0.089,0.009,-76.979,0.268,2.979,0.006,0.009,-17.942,0.318,3.079,0.03,0.015,-16.712,0.2,0,0,0,0,0,3.319,0.028,0.006,-120.031,0.534,3.422,0.007,0.013,-28.158,0.266,3.92,0.012,0.012,-18.049,0.337,4.219,0.014,0.006,-200.535,0.764,4.3,0.026,0.006,-136.612,0.698,4.358,0.023,0.009,-50.205,0.462,4.721,0.014,0.007,-66.895,0.632,5.077,0.048,0.008,-78.34,0.661,5.219,0.013,0.007,-56.63,0.803,5.507,0.01,0.007,-65.893,0.778,5.998,0.023,0.006,-55.626,0.975,6.063,0.032,0.006,-132.204,1.028,6.252,0.009,0.011,-32.696,0.586,6.652,0.005,0.012,-11.535,0.55,6.994,0.005,0.01,-31.557,0.685,7.157,0.041,0.007,-81.142,0.98,8.296,0.009,0.01,-31.058,0.87,8.428,0.005,0.013,-25.062,0.663,5.134,0.004,0.003,-158.523,1.516,5.7,0.004,0.006,-75.715,1.034,3.757,0.018,0.007,-61.594,0.515,6.163,0.009,0.008,-42.65,0.81,11.373,0.005,0.014,-13.077,0.834
194,HVT 8,,3/30/2022 23:10,23.3,0,"System 500, 3.30.22",FALSE,,GD,,,,,,,,,,,,,,,Fail,0,0,,2.16,2.306,2.978,3.08,0,3.319,3.422,3.921,4.22,4.301,4.36,0.322,-3.733,0.21,1.59,-7.753,0.152,1.006,-1.156,-0.218,-0.349,0.019,2.16,0.111,0.012,-42.876,0.181,2.306,0.11,0.009,-72.635,0.255,2.978,0.007,0.012,-19.935,0.251,3.08,0.034,0.016,-17.416,0.189,0,0,0,0,0,3.319,0.032,0.006,-120.619,0.535,3.422,0.008,0.013,-25.275,0.263,3.921,0.013,0.016,-14.202,0.25,4.22,0.016,0.006,-200.164,0.728,4.301,0.028,0.006,-136.64,0.68,4.36,0.025,0.01,-52.237,0.434,4.722,0.015,0.008,-66.928,0.591,5.079,0.053,0.008,-79.536,0.65,5.221,0.015,0.006,-50.702,0.854,5.508,0.01,0.008,-70.014,0.73,5.999,0.023,0.007,-56.623,0.842,6.064,0.032,0.006,-115.703,0.999,6.254,0.01,0.012,-26.03,0.503,6.653,0.005,0.012,-12.188,0.541,6.996,0.005,0.01,-30.035,0.687,7.158,0.045,0.007,-77.246,0.961,8.297,0.01,0.009,-33.129,0.878,8.429,0.005,0.011,-29.324,0.735,5.135,0.005,0.003,-142.56,1.511,5.7,0.005,0.007,-77.332,0.856,3.757,0.02,0.008,-59.413,0.45,6.164,0.011,0.008,-41.854,0.791,11.374,0.004,0.014,-12.265,0.817
195,HVT 9,,3/30/2022 23:23,23.1,0,"System 500, 3.30.22",FALSE,,GD,,,,,,,,,,,,,,,Fail,0,0,,2.159,2.305,2.978,3.08,0,3.319,3.421,3.921,4.22,4.3,4.359,0.248,-3.755,0.21,1.51,-7.729,0.094,0.969,-1.215,-0.281,-0.396,0.071,2.159,0.105,0.012,-33.41,0.175,2.305,0.106,0.01,-67.284,0.235,2.978,0.007,0.01,-18.994,0.298,3.08,0.034,0.014,-18.622,0.218,0,0,0,0,0,3.319,0.03,0.006,-116.941,0.525,3.421,0.008,0.01,-25.889,0.339,3.921,0.013,0.013,-17.302,0.313,4.22,0.015,0.006,-201.722,0.713,4.3,0.027,0.006,-135.424,0.698,4.359,0.024,0.009,-47.24,0.479,4.721,0.015,0.008,-62.79,0.569,5.078,0.052,0.008,-77.887,0.641,5.22,0.015,0.008,-57.118,0.646,5.507,0.01,0.008,-64.779,0.705,5.998,0.022,0.007,-62.641,0.832,6.063,0.031,0.006,-108.91,0.959,6.252,0.011,0.012,-31.419,0.539,6.652,0.005,0.013,-12.704,0.495,6.994,0.005,0.011,-31.606,0.644,7.157,0.045,0.007,-80.307,0.971,8.296,0.01,0.01,-29.774,0.852,8.428,0.005,0.01,-26.917,0.812,5.134,0.005,0.003,-163.823,1.491,5.699,0.005,0.006,-77.535,0.98,3.758,0.02,0.008,-59.556,0.464,6.163,0.011,0.007,-42.216,0.844,11.374,0.003,0.013,-10.224,0.874
196,HVT_10,,3/30/2022 23:36,23.2,0,"System 500, 3.30.22",FALSE,,GD,,,,,,,,,,,,,,,Fail,0,0,,2.16,2.304,2.979,3.08,0,3.319,3.422,3.928,4.22,4.301,4.359,0.124,-3.707,0.21,1.551,-7.369,0.094,0.995,-1.156,-0.32,-0.414,0.029,2.16,0.081,0.01,-43.243,0.223,2.304,0.093,0.009,-77.458,0.252,2.979,0.006,0.008,-17.576,0.359,3.08,0.03,0.016,-17.615,0.197,0,0,0,0,0,3.319,0.027,0.006,-114.775,0.518,3.422,0.007,0.013,-25.954,0.263,3.928,0.01,0.005,-10.874,0.852,4.22,0.014,0.006,-202.416,0.716,4.301,0.026,0.006,-139.904,0.674,4.359,0.022,0.009,-49.807,0.471,4.722,0.014,0.008,-63.555,0.591,5.078,0.047,0.008,-78.754,0.644,5.22,0.013,0.007,-47.12,0.7,5.508,0.01,0.007,-67.35,0.749,5.999,0.024,0.007,-64.458,0.891,6.064,0.035,0.006,-129.876,1.051,6.251,0.011,0.009,-40.117,0.682,6.65,0.005,0.012,-11.165,0.552,6.994,0.005,0.01,-34.907,0.69,7.157,0.042,0.008,-76.544,0.953,8.293,0.006,0.011,-16.904,0.733,8.429,0.005,0.01,-29.096,0.88,5.135,0.004,0.003,-124.401,1.474,5.7,0.005,0.007,-78.634,0.847,3.758,0.017,0.01,-41.079,0.372,6.164,0.009,0.007,-37.981,0.823,11.374,0.005,0.014,-15.421,0.82
197,SN E0402P_1,,3/26/2022 0:10,23.1,0,DFW300,FALSE,,GD,,,,,,,,,,,,,,,Fail,0,0,,2.155,2.302,2.98,3.078,0,3.319,3.421,3.938,4.22,4.3,4.358,-0.107,-3.598,0.142,1.511,-6.859,0.056,0.919,-1.162,0.137,-0.53,-0.01,2.155,0.052,0.01,-55.716,0.224,2.302,0.045,0.01,-81.704,0.234,2.98,0.004,0.005,-34.795,0.61,3.078,0.016,0.013,-16.649,0.24,0,0,0,0,0,3.319,0.015,0.006,-111.974,0.542,3.421,0.003,0.011,-24.925,0.306,3.938,0.008,0.013,-38.938,0.298,4.22,0.008,0.006,-167.069,0.766,4.3,0.014,0.006,-136.458,0.727,4.358,0.011,0.009,-37.192,0.466,4.721,0.006,0.006,-46.677,0.732,5.076,0.027,0.008,-65.818,0.609,5.219,0.011,0.006,-62.758,0.855,5.507,0.009,0.006,-57.396,0.936,5.999,0.02,0.006,-76.565,0.94,6.062,0.021,0.005,-192.04,1.227,6.262,0.003,0.002,-21.198,3.718,6.647,0.003,0.004,-17.902,1.801,6.994,0.02,0.01,-43.048,0.695,7.155,0.024,0.007,-81.081,0.997,8.293,0.004,0.009,-16.667,0.921,8.427,0.003,0.008,-37.748,1.005,5.133,0.021,0.003,-211.726,1.633,5.7,0.003,0.006,-84.086,0.89,3.757,0.01,0.009,-31.882,0.433,6.162,0.005,0.006,-41.53,0.951,11.373,0.014,0.013,-24.092,0.851
198,SN E0402P_2,,3/26/2022 1:11,23.4,0,DFW300,FALSE,,GD,,,,,,,,,,,,,,,Fail,0,0,,2.156,2.302,2.98,3.077,0,3.318,3.42,3.937,4.22,4.299,4.355,-0.107,-3.581,0.107,1.474,-6.879,-0.099,0.969,-1.103,0.103,-0.512,-0.143,2.156,0.054,0.011,-50.086,0.199,2.302,0.044,0.01,-67.466,0.228,2.98,0.003,0.006,-25.495,0.492,3.077,0.015,0.013,-18.072,0.23,0,0,0,0,0,3.318,0.014,0.006,-99.823,0.512,3.42,0.003,0.013,-16.747,0.27,3.937,0.008,0.008,-30.847,0.518,4.22,0.008,0.005,-175.897,0.784,4.299,0.013,0.006,-139.405,0.769,4.355,0.011,0.01,-37.154,0.431,4.723,0.006,0.007,-52.036,0.682,5.076,0.024,0.008,-61.78,0.623,5.22,0.011,0.006,-57.204,0.82,5.508,0.01,0.006,-88.986,0.859,6,0.018,0.006,-78.329,1.021,6.062,0.018,0.005,-166.215,1.194,6.261,0.009,0.006,-58.197,1.074,6.649,0.019,0.013,-18.646,0.494,6.993,0.02,0.01,-42.241,0.687,7.155,0.023,0.007,-80.454,0.997,8.295,0.006,0.009,-32.549,0.897,8.429,0.003,0.009,-38.182,0.957,5.134,0.022,0.003,-252.76,1.517,5.7,0.022,0.007,-110.077,0.877,3.756,0.011,0.007,-47.858,0.553,6.16,0.005,0.006,-46.9,1.044,11.372,0.011,0.014,-17.307,0.821
199,SN E0402P_3,,3/26/2022 1:18,23.4,0,DFW300,FALSE,,GD,,,,,,,,,,,,,,,Fail,0,0,,2.157,2.302,2.981,3.079,0,3.318,3.418,3.936,4.22,4.299,4.355,-0.107,-3.476,0.107,1.328,-6.923,-0.119,0.943,-1.12,0.074,-0.512,-0.048,2.157,0.056,0.01,-47.909,0.214,2.302,0.043,0.011,-68.807,0.217,2.981,0.003,0.005,-29.497,0.587,3.079,0.016,0.015,-15.92,0.206,0,0,0,0,0,3.318,0.014,0.006,-102.425,0.522,3.418,0.003,0.012,-17.331,0.278,3.936,0.008,0.009,-33.495,0.425,4.22,0.008,0.006,-191.764,0.744,4.299,0.014,0.006,-124.338,0.698,4.355,0.011,0.01,-38.797,0.427,4.722,0.006,0.007,-46.777,0.68,5.076,0.026,0.008,-62.02,0.617,5.219,0.011,0.006,-49.933,0.878,5.508,0.01,0.007,-60.377,0.824,6,0.019,0.006,-81.453,0.961,6.062,0.019,0.005,-165.369,1.111,6.26,0.009,0.006,-60.066,1.076,6.65,0.02,0.013,-18.445,0.498,6.993,0.021,0.01,-40.883,0.692,7.155,0.024,0.007,-83.152,1.007,8.294,0.006,0.011,-27.271,0.731,8.428,0.003,0.007,-38.276,1.259,5.134,0.022,0.003,-246.17,1.492,5.7,0.024,0.006,-113.992,0.878,3.757,0.011,0.008,-60.352,0.479,6.161,0.005,0.009,-50.8,0.701,11.371,0.009,0.014,-16.787,0.821
200,SN E0402P_4,,3/26/2022 1:25,23.6,0,DFW300,FALSE,,GD,,,,,,,,,,,,,,,Fail,0,0,,2.155,2.303,2.981,3.079,0,3.318,3.419,3.937,4.22,4.299,4.358,-0.045,-3.485,0.073,1.41,-6.895,0.056,0.959,-1.103,0.074,-0.548,-0.129,2.155,0.056,0.011,-42.908,0.196,2.303,0.048,0.01,-73.291,0.227,2.981,0.004,0.009,-23.994,0.318,3.079,0.016,0.015,-15.354,0.208,0,0,0,0,0,3.318,0.015,0.006,-109.805,0.534,3.419,0.003,0.008,-22.143,0.434,3.937,0.009,0.009,-38.296,0.453,4.22,0.008,0.006,-191.113,0.746,4.299,0.014,0.006,-134.935,0.703,4.358,0.011,0.008,-42.595,0.556,4.722,0.006,0.008,-46.567,0.594,5.076,0.027,0.009,-63.938,0.58,5.22,0.011,0.006,-49.106,0.826,5.508,0.01,0.006,-68.017,0.982,6,0.019,0.006,-85.63,1.018,6.062,0.019,0.005,-160.16,1.112,6.26,0.01,0.006,-57.794,1.068,6.65,0.02,0.013,-21.746,0.51,6.994,0.021,0.011,-41.038,0.642,7.154,0.025,0.007,-81.3,1.003,8.294,0.006,0.01,-26.931,0.84,8.428,0.003,0.007,-38.539,1.168,5.134,0.023,0.004,-230.776,1.467,5.7,0.003,0.006,-87.779,0.878,3.756,0.011,0.01,-32.527,0.387,6.161,0.006,0.007,-49.42,0.896,11.372,0.009,0.014,-16.755,0.812
201,SN E0402P_5,,3/26/2022 1:37,23.7,0,DFW300,FALSE,,GD,,,,,,,,,,,,,,,Fail,0,0,,2.156,2.303,2.979,3.078,0,3.318,3.419,3.936,4.22,4.299,4.357,-0.045,-3.703,0.073,1.429,-6.923,0.017,0.945,-1.136,0.074,-0.53,-0.055,2.156,0.058,0.011,-43.112,0.202,2.303,0.05,0.01,-71.039,0.23,2.979,0.004,0.006,-24.605,0.504,3.078,0.016,0.014,-14.799,0.217,0,0,0,0,0,3.318,0.015,0.006,-107.967,0.539,3.419,0.003,0.014,-20.218,0.252,3.936,0.009,0.009,-38.187,0.453,4.22,0.008,0.005,-170.929,0.78,4.299,0.014,0.006,-132.932,0.734,4.357,0.012,0.01,-36.308,0.432,4.722,0.006,0.007,-48.732,0.683,5.076,0.027,0.008,-64.101,0.622,5.219,0.011,0.008,-53.662,0.624,5.508,0.01,0.007,-64.772,0.814,6,0.019,0.006,-79.614,0.943,6.062,0.019,0.005,-164.524,1.138,6.26,0.01,0.006,-54.895,1.047,6.652,0.003,0.004,-21.78,1.831,6.994,0.021,0.011,-41.432,0.663,7.155,0.025,0.007,-82.061,1.005,8.294,0.007,0.01,-33.682,0.793,8.426,0.003,0.011,-30.898,0.794,5.133,0.024,0.003,-231.338,1.494,5.699,0.003,0.006,-63.029,0.881,3.757,0.012,0.005,-45.449,0.687,6.162,0.006,0.006,-47.586,1.1,11.373,0.008,0.013,-15.987,0.847
202,SN E0402P,,3/30/2022 21:32,22.6,0,,FALSE,,GD,,,,,,,,,,,,,,,Fail,0,0,,2.158,2.304,2.979,3.079,0,3.32,3.42,3.922,4.22,4.301,4.359,0.124,-3.707,0.245,1.447,-7.702,0.114,1.042,-1.14,-0.19,-0.364,0.071,2.158,0.098,0.012,-35.435,0.176,2.304,0.092,0.009,-72.247,0.255,2.979,0.007,0.011,-17.375,0.266,3.079,0.032,0.014,-18.89,0.221,0,0,0,0,0,3.32,0.029,0.006,-125.561,0.543,3.42,0.007,0.012,-18.877,0.283,3.922,0.012,0.011,-17.218,0.348,4.22,0.014,0.006,-204.642,0.724,4.301,0.025,0.006,-128.285,0.684,4.359,0.023,0.009,-50.941,0.463,4.722,0.014,0.008,-65.936,0.59,5.079,0.048,0.008,-74.399,0.628,5.221,0.014,0.006,-49.956,0.891,5.508,0.01,0.007,-59.495,0.741,6,0.023,0.007,-52.543,0.901,6.065,0.031,0.006,-118.065,1.021,6.254,0.01,0.016,-21.263,0.397,6.652,0.005,0.012,-12.872,0.576,6.996,0.005,0.01,-33.037,0.674,7.158,0.043,0.007,-80.997,0.967,8.297,0.01,0.01,-33.27,0.796,8.429,0.005,0.011,-26.336,0.76,5.136,0.004,0.003,-170.805,1.628,5.701,0.005,0.006,-79.779,0.912,3.758,0.018,0.008,-61.195,0.466,6.164,0.011,0.008,-41.504,0.792,11.374,0.004,0.011,-13.532,1.072
203,SN E0402P,,3/30/2022 22:03,22.7,0,,FALSE,,GD,,,,,,,,,,,,,,,Fail,0,0,,2.16,2.305,2.977,3.079,0,3.319,3.421,3.92,4.22,4.3,4.359,0.248,-3.816,0.176,1.49,-7.782,0.094,1.019,-1.156,-0.229,-0.4,-0.065,2.16,0.096,0.012,-30.334,0.174,2.305,0.112,0.009,-69.19,0.255,2.977,0.007,0.008,-16.926,0.353,3.079,0.033,0.016,-16.83,0.197,0,0,0,0,0,3.319,0.031,0.006,-125.965,0.546,3.421,0.008,0.012,-21.891,0.281,3.92,0.013,0.015,-16.867,0.257,4.22,0.015,0.006,-204.933,0.718,4.3,0.027,0.006,-125.195,0.683,4.359,0.024,0.01,-44.461,0.445,4.722,0.015,0.007,-66.369,0.65,5.078,0.051,0.008,-76.125,0.632,5.221,0.014,0.006,-54.534,0.854,5.508,0.01,0.008,-61.914,0.724,5.999,0.023,0.007,-59.752,0.864,6.064,0.034,0.006,-132.941,1.05,6.253,0.01,0.012,-28.549,0.534,6.653,0.005,0.013,-13.626,0.497,6.995,0.006,0.01,-35.424,0.718,7.157,0.045,0.007,-81.059,0.977,8.295,0.007,0.012,-15.224,0.719,8.429,0.006,0.012,-32.472,0.726,5.135,0.005,0.003,-153.642,1.529,5.7,0.005,0.006,-84.297,0.881,3.757,0.019,0.01,-64.803,0.393,6.164,0.01,0.009,-38.312,0.722,11.374,0.005,0.013,-16.387,0.896
204,SN E0402P,,3/30/2022 21:27,22,0,,FALSE,,GD,,,,,,,,,,,,,,,Fail,0,0,,2.159,2.304,2.979,3.079,0,3.32,3.421,3.921,4.22,4.3,4.359,0.169,-3.685,0.245,1.509,-7.75,0.114,0.993,-1.182,-0.131,-0.396,-0.029,2.159,0.102,0.012,-31.68,0.175,2.304,0.098,0.01,-67.781,0.242,2.979,0.007,0.01,-16.189,0.311,3.079,0.033,0.014,-19.386,0.22,0,0,0,0,0,3.32,0.03,0.006,-129.104,0.545,3.421,0.007,0.013,-22.486,0.266,3.921,0.013,0.013,-15.938,0.312,4.22,0.015,0.006,-202.762,0.737,4.3,0.026,0.006,-134.138,0.701,4.359,0.024,0.009,-52.831,0.477,4.722,0.014,0.007,-67.699,0.659,5.078,0.049,0.008,-76.021,0.642,5.22,0.014,0.007,-53.387,0.74,5.507,0.01,0.007,-65.94,0.761,6,0.023,0.006,-54.863,0.934,6.064,0.031,0.006,-111.767,1.027,6.256,0.01,0.016,-20.363,0.381,6.651,0.005,0.013,-14.356,0.52,6.994,0.005,0.011,-30.052,0.65,7.157,0.043,0.007,-80.782,0.979,8.296,0.01,0.011,-35.434,0.731,8.428,0.005,0.012,-28.779,0.707,5.135,0.005,0.003,-156.245,1.519,5.7,0.005,0.008,-83.558,0.752,3.757,0.019,0.007,-61.289,0.501,6.163,0.011,0.008,-46.782,0.751,11.373,0.004,0.013,-13.339,0.896
205,SN E0402P,,3/30/2022 21:19,21.9,0,,FALSE,,GD,,,,,,,,,,,,,,,Fail,0,0,,2.127,2.304,2.978,3.079,0,3.319,3.422,3.921,4.22,4.3,4.358,0.14,-3.759,0.21,1.592,-7.75,0.036,1.006,-1.172,-0.19,-0.396,-0.021,2.127,0.05,0.008,-17.455,0.262,2.304,0.098,0.009,-68.321,0.259,2.978,0.006,0.01,-17.464,0.301,3.079,0.03,0.014,-18.787,0.22,0,0,0,0,0,3.319,0.027,0.006,-126.46,0.543,3.422,0.007,0.014,-21.554,0.253,3.921,0.012,0.011,-16.396,0.359,4.22,0.014,0.005,-194.811,0.778,4.3,0.024,0.006,-123.967,0.668,4.358,0.022,0.009,-45.633,0.495,4.722,0.1,0.004,-77.28,1.191,5.078,0.045,0.008,-74.145,0.605,5.221,0.013,0.007,-55.855,0.723,5.507,0.009,0.008,-59.515,0.714,5.999,0.024,0.007,-58.48,0.881,6.063,0.032,0.005,-147.778,1.116,6.254,0.009,0.016,-19.967,0.399,6.651,0.005,0.013,-12.007,0.503,6.995,0.005,0.011,-33.285,0.64,7.157,0.042,0.007,-86.866,1.013,8.295,0.007,0.012,-19.143,0.676,8.428,0.005,0.008,-26.338,1.014,5.134,0.004,0.003,-158.249,1.478,5.7,0.004,0.007,-63.381,0.845,3.757,0.017,0.009,-59.391,0.434,6.163,0.009,0.008,-41.505,0.807,11.374,0.006,0.013,-15.381,0.856
206,8645,000_000,3/9/2022 5:04,25.4,0,QPLog 10-1631 (16) rev3,FALSE,,GD,,,,,,,,,,,,,,,Fail,0,0,,2.145,2.301,0,3.078,3.132,3.318,3.422,3.916,4.219,4.3,4.359,-0.169,0,0.107,1.592,-7.997,0.094,0,-1.156,-0.153,-0.375,0.098,2.145,0.077,0.009,-49.903,0.24,2.301,0.075,0.01,-78.473,0.23,0,0,0,0,0,3.078,0.026,0.018,-16.431,0.175,3.132,0.004,0.003,-20.227,0.945,3.318,0.019,0.007,-85.35,0.477,3.422,0.006,0.013,-26.203,0.256,3.916,0.01,0.007,-25.934,0.56,4.219,0.012,0.006,-204.159,0.756,4.3,0.022,0.006,-123.909,0.671,4.359,0.152,0.009,-51.707,0.489,4.722,0.011,0.007,-69.217,0.703,5.076,0.038,0.007,-73.594,0.692,0,0,0,0,0,5.508,0.095,0.007,-94.265,0.81,5.999,0.027,0.006,-96.58,1.061,6.062,0.032,0.005,-190.01,1.21,6.255,0.013,0.006,-97.344,0.968,6.649,0.005,0.009,-14.088,0.778,6.997,0.006,0.009,-41.099,0.743,7.158,0.022,0.011,-29.609,0.638,8.292,0.034,0.017,-9.339,0.483,8.431,0.049,0.009,-42.454,0.906,5.134,0.003,0.004,-109.363,1.43,5.699,0.024,0.005,-163.503,1.038,3.758,0.002,0.003,-31.969,1.154,6.163,0.006,0.012,-14.689,0.525,11.37,0.002,0.002,-7.035,7.039
207,8645,000_000,3/30/2022 20:13,21.8,0,QPLog 10-1631 (16) rev10,FALSE,,GD,,,,,,,,,,,,,,,Fail,0,0,,2.156,2.303,0,3.08,0,3.319,3.423,3.928,4.22,4.3,4.357,0,0,0.176,1.616,-7.391,0.016,0,-1.136,-0.169,-0.393,0,2.156,0.061,0.011,-47.662,0.2,2.303,0.05,0.009,-75.738,0.257,0,0,0,0,0,3.08,0.011,0.012,-17.307,0.257,0,0,0,0,0,3.319,0.01,0.006,-115.728,0.542,3.423,0.002,0.004,-20.462,0.842,3.928,0.004,0.002,-35.347,2.16,4.22,0.005,0.005,-156.88,0.79,4.3,0.009,0.006,-103.008,0.694,4.357,0.008,0.008,-39.059,0.515,4.722,0.004,0.007,-52.016,0.651,5.077,0.018,0.009,-55.932,0.585,0,0,0,0,0,5.508,0.007,0.004,-55.808,1.247,6,0.014,0.006,-75.552,1.018,6.063,0.013,0.005,-153.576,1.133,6.255,0.003,0.002,-51.175,2.598,0,0,0,0,0,6.994,0,0.003,-35.971,2.085,7.157,0.018,0.007,-71.183,0.962,8.297,0.005,0.011,-32.13,0.749,8.429,0.002,0.005,-27.686,1.617,5.135,0.002,0.003,-140.01,1.666,5.701,0.003,0.005,-82.632,1.065,0,0,0,0,0,6.163,0.004,0.007,-53.312,0.888,11.37,0.001,0.004,-11.044,3.237
208,8645,000_000,3/29/2022 5:09,23.7,0,QPLog 10-1631 (16) rev8,FALSE,,GD,,,,,,,,,,,,,,,Fail,0,0,,2.155,2.3,0,3.076,3.136,3.317,3.421,3.922,4.219,4.298,4.356,-0.277,0,0.004,1.529,-7.687,-0.059,0,-1.215,-0.306,-0.582,-0.029,2.155,0.045,0.01,-48.175,0.217,2.3,0.031,0.009,-82.304,0.263,0,0,0,0,0,3.076,0.012,0.015,-14.777,0.21,3.136,0.002,0.003,-8.771,1.134,3.317,0.07,0.006,-112.035,0.514,3.421,0.017,0.013,-24.041,0.26,3.922,0.008,0.002,-18.166,2.331,4.219,0.008,0.005,-172.771,0.879,4.298,0.011,0.007,-80.359,0.597,4.356,0.104,0.011,-40.365,0.384,4.719,0.006,0.007,-51.845,0.668,5.073,0.018,0.009,-56.804,0.543,0,0,0,0,0,5.507,0.039,0.007,-64.232,0.758,5.998,0.015,0.006,-89.227,0.947,6.061,0.014,0.005,-164.577,1.152,6.252,0.004,0.008,-34.091,0.757,6.652,0.002,0.004,-15.811,1.672,6.994,0.003,0.01,-30.075,0.679,7.154,0.15,0.007,-87.302,0.986,8.292,0.029,0.01,-26.105,0.835,8.426,0.022,0.01,-41.901,0.838,5.134,0.003,0.004,-152.413,1.18,5.699,0.008,0.007,-71.487,0.832,3.757,0.012,0.009,-26.673,0.434,6.163,0.005,0.008,-37.519,0.798,11.373,0.015,0.012,-19.752,0.928
209,8645,000_000,3/30/2022 20:00,21.6,0,QPLog 10-1631 (16) rev10,FALSE,,GD,,,,,,,,,,,,,,,Fail,0,0,,2.158,2.304,2.977,3.079,3.137,3.319,3.419,3.921,4.221,4.3,4.358,0.062,-3.833,0.176,1.428,-7.756,0.056,0,-1.103,0.186,-0.414,0.029,2.158,0.062,0.01,-51.611,0.225,2.304,0.049,0.01,-73.681,0.234,2.977,0.004,0.009,-15.307,0.327,3.079,0.018,0.015,-16.657,0.205,3.137,0.002,0.003,-18.441,1.006,3.319,0.017,0.006,-123.157,0.541,3.419,0.003,0.006,-25.593,0.603,3.921,0.007,0.002,-40.129,2.247,4.221,0.009,0.007,-151.961,0.64,4.3,0.125,0.006,-139.349,0.698,4.358,0.116,0.009,-53.869,0.51,4.723,0.055,0.003,-92.407,1.399,5.077,0.028,0.008,-65.487,0.647,0,0,0,0,0,5.508,0.091,0.008,-60.579,0.707,6,0.02,0.006,-86.192,1.009,6.064,0.02,0.005,-150.353,1.135,6.263,0.003,0.002,-24.046,4.002,6.653,0.003,0.005,-23.312,1.232,6.995,0.003,0.012,-18.914,0.57,7.157,0.025,0.008,-64.394,0.921,8.298,0.069,0.01,-45.454,0.866,8.43,0.024,0.011,-29.64,0.739,5.135,0.003,0.004,-164.78,1.45,5.701,0.024,0.007,-105.464,0.836,3.758,0.013,0.009,-38.603,0.441,6.163,0.007,0.006,-68.365,1.038,11.378,0.002,0.007,-5.88,1.548
210,8645,000_000,3/8/2022 21:58,25.4,0,QPLog 10-1631 (16) rev3,FALSE,,GD,,,,,,,,,,,,,,,Fail,0,0,,2.157,2.3,0,3.077,3.133,3.319,3.421,3.916,4.219,4.3,4.358,-0.277,0,0.142,1.507,-7.997,0.056,0,-1.172,-0.167,-0.409,0.2,2.157,0.053,0.009,-30.55,0.228,2.3,0.063,0.009,-88.706,0.268,0,0,0,0,0,3.077,0.025,0.016,-16.947,0.196,3.133,0.004,0.002,-12.614,1.39,3.319,0.017,0.009,-100.865,0.39,3.421,0.006,0.008,-32.168,0.417,3.916,0.009,0.006,-22.821,0.617,4.219,0.012,0.005,-228.493,0.814,4.3,0.02,0.008,-104.46,0.563,4.358,0.145,0.009,-43.664,0.476,4.723,0.081,0.004,-90.141,1.279,5.077,0.036,0.009,-55.745,0.567,0,0,0,0,0,5.507,0.093,0.006,-107.41,0.873,5.998,0.026,0.006,-88.78,1.022,6.062,0.03,0.005,-179.567,1.213,6.255,0.011,0.006,-87.994,1.007,6.649,0.005,0.01,-12.913,0.695,6.998,0.006,0.01,-36.663,0.711,7.157,0.024,0.011,-34.886,0.677,8.294,0.028,0.015,-8.587,0.542,8.43,0.048,0.009,-48.789,0.991,5.134,0.003,0.004,-85.685,1.195,5.699,0.019,0.005,-132.374,1.043,3.759,0.016,0.008,-41.794,0.466,6.164,0.007,0.009,-17.959,0.687,11.377,0.003,0.005,-6.242,2.196
211,8645,000_000,3/30/2022 19:55,21.6,0,QPLog 10-1631 (16) rev10,FALSE,,GD,,,,,,,,,,,,,,,Fail,0,0,,2.157,2.303,2.979,3.078,0,3.319,3.421,3.923,4.221,4.3,4.358,-0.045,-3.65,0.142,1.509,-7.656,0.036,0,-1.087,-0.255,-0.414,-0.029,2.157,0.053,0.012,-40.543,0.184,2.303,0.044,0.01,-69.907,0.233,2.979,0.003,0.003,-15.766,0.854,3.078,0.017,0.014,-19.367,0.224,0,0,0,0,0,3.319,0.016,0.006,-124.582,0.565,3.421,0.003,0.008,-17.073,0.449,3.923,0.007,0.002,-22.881,1.719,4.221,0.008,0.006,-160.657,0.731,4.3,0.115,0.006,-140.368,0.695,4.358,0.107,0.008,-51.641,0.526,4.724,0.051,0.003,-98.293,1.482,5.077,0.026,0.008,-59.078,0.619,0,0,0,0,0,5.509,0.082,0.007,-67.335,0.737,6.001,0.019,0.006,-91.487,1.058,6.064,0.019,0.005,-153.881,1.147,6.253,0.004,0.002,-29.739,3.187,6.653,0.003,0.006,-27.068,1.145,6.995,0.002,0.01,-20.766,0.703,7.157,0.192,0.008,-72.829,0.914,8.298,0.063,0.01,-43.138,0.848,8.43,0.023,0.011,-30.897,0.78,5.135,0.003,0.004,-148.171,1.361,5.701,0.021,0.006,-113.811,0.922,3.757,0.012,0.009,-35.392,0.411,6.164,0.007,0.006,-56.986,1.001,11.369,0.002,0.004,-9.614,3.009
212,8645,000_000,3/30/2022 20:06,21.5,0,QPLog 10-1631 (16) rev10,FALSE,,GD,,,,,,,,,,,,,,,Fail,0,0,,2.155,2.304,0,3.079,0,3.318,3.419,3.922,4.22,4.3,4.357,0.062,0,0.107,1.387,-7.666,-0.002,0,-1.13,-0.104,-0.48,-0.247,2.155,0.046,0.012,-27.995,0.174,2.304,0.044,0.01,-40.176,0.221,0,0,0,0,0,3.079,0.014,0.015,-12.733,0.202,0,0,0,0,0,3.318,0.014,0.006,-124.301,0.552,3.419,0.002,0.01,-17.033,0.333,3.922,0.005,0.005,-25.799,0.749,4.22,0.007,0.006,-152.952,0.747,4.3,0.101,0.006,-133.569,0.687,4.357,0.09,0.009,-47.252,0.501,0,0,0,0,0,5.076,0.022,0.008,-61.142,0.606,0,0,0,0,0,5.508,0.071,0.008,-68.303,0.728,6,0.016,0.006,-91.718,0.942,6.063,0.015,0.005,-149.445,1.152,6.256,0.004,0.018,-12.187,0.353,0,0,0,0,0,6.995,0.018,0.011,-32.764,0.615,7.156,0.14,0.008,-67.364,0.88,8.296,0.046,0.01,-44.451,0.863,8.429,0.016,0.012,-28.79,0.715,5.134,0.002,0.005,-144.29,1.138,5.701,0.016,0.006,-96.196,0.887,3.755,0.012,0.01,-30.352,0.384,6.163,0.005,0.006,-59.136,1.084,11.367,0.007,0.018,-11.69,0.629
213,8645,000_000,3/29/2022 5:03,23.6,0,QPLog 10-1631 (16) rev8,FALSE,,GD,,,,,,,,,,,,,,,Fail,0,0,,2.155,2.301,2.978,3.076,3.137,3.318,3.42,3.918,4.22,4.298,4.355,-0.231,-3.764,0.039,1.45,-7.871,-0.099,0,-1.247,-0.306,-0.582,0.292,2.155,0.052,0.01,-44.748,0.209,2.301,0.036,0.009,-81.891,0.258,2.978,0.003,0.008,-21.329,0.384,3.076,0.014,0.015,-14.45,0.201,3.137,0.002,0.003,-3.745,1.157,3.318,0.096,0.006,-118.156,0.521,3.42,0.019,0.012,-24.938,0.279,3.918,0.008,0.016,-12.057,0.241,4.22,0.007,0.006,-174.916,0.735,4.298,0.008,0.006,-93.201,0.697,4.355,0.073,0.011,-37.275,0.393,4.72,0.007,0.007,-79.977,0.698,5.073,0.018,0.008,-53.139,0.631,0,0,0,0,0,5.506,0.034,0.007,-61.745,0.759,5.998,0.014,0.007,-79.995,0.894,6.061,0.013,0.005,-154.823,1.152,6.252,0.004,0.008,-36.105,0.833,6.65,0.002,0.012,-11.656,0.538,6.993,0.022,0.01,-41.819,0.672,7.154,0.15,0.007,-88.224,0.991,8.292,0.029,0.012,-30.727,0.704,8.426,0.022,0.01,-41.576,0.871,5.133,0.003,0.003,-157.498,1.594,5.696,0.013,0.008,-56.388,0.728,3.76,0.006,0.009,-29.485,0.396,6.163,0.005,0.008,-38.394,0.768,11.373,0.012,0.013,-21.722,0.863
214,8645,000_000,3/29/2022 18:44,20.4,0,QPLog 10-1631 (16) rev8,FALSE,,GD,,,,,,,,,,,,,,,Fail,0,0,,2.155,2.302,0,3.074,0,3.318,3.422,3.923,4.219,4.298,4.357,-0.107,0,0.073,1.57,-7.624,0.017,0,-1.188,-0.164,-0.512,0,2.155,0.049,0.011,-38.356,0.198,2.302,0.038,0.01,-71.398,0.239,0,0,0,0,0,3.074,0.011,0.012,-15.852,0.253,0,0,0,0,0,3.318,0.009,0.006,-127.522,0.563,3.422,0.002,0.014,-16.765,0.251,3.923,0.007,0.01,-19.487,0.387,4.219,0.007,0.006,-168.263,0.72,4.298,0.109,0.007,-107.841,0.626,4.357,0.13,0.011,-44.854,0.408,4.721,0.008,0.007,-50.254,0.651,5.075,0.018,0.011,-37.924,0.481,0,0,0,0,0,5.507,0.059,0.008,-70.643,0.731,5.999,0.015,0.006,-91.903,1.015,6.063,0.017,0.005,-140.803,1.108,6.255,0.007,0.007,-66.961,0.913,6.651,0.002,0.011,-11.649,0.633,6.995,0.003,0.01,-27.242,0.696,7.155,0.17,0.007,-86.603,0.981,8.294,0.031,0.011,-27.92,0.759,8.428,0.022,0.01,-44.222,0.884,5.134,0.002,0.004,-113.418,1.228,5.698,0.008,0.007,-63.016,0.836,0,0,0,0,0,6.162,0.005,0.007,-43.854,0.888,11.371,0.037,0.015,-14.618,0.772
215,8645,000_000,3/8/2022 21:39,25.5,0,QPLog 10-1631 (16) rev3,FALSE,,GD,,,,,,,,,,,,,,,Fail,0,0,,2.147,2.3,2.979,3.078,3.126,3.319,3.418,3.915,4.219,4.3,4.359,-0.277,-3.712,0.142,1.369,-8.066,0.095,0,-1.172,-0.17,-0.396,0.121,2.147,0.078,0.007,-39.342,0.291,2.3,0.064,0.01,-79.166,0.232,2.979,0.006,0.008,-19.242,0.353,3.078,0.025,0.018,-21.947,0.171,3.126,0.004,0.003,-27.357,1.02,3.319,0.018,0.007,-110.819,0.451,3.418,0.006,0.011,-19.661,0.301,3.915,0.008,0.005,-19.756,0.868,4.219,0.012,0.006,-192.069,0.758,4.3,0.021,0.006,-125.503,0.679,4.359,0.14,0.009,-58.65,0.492,4.723,0.08,0.004,-84.8,1.211,5.076,0.036,0.009,-53.708,0.595,0,0,0,0,0,5.507,0.093,0.007,-111.137,0.836,5.999,0.026,0.006,-89.29,1.035,6.062,0.029,0.005,-182.925,1.193,6.255,0.011,0.006,-91.546,0.969,6.65,0.005,0.013,-12.611,0.502,6.998,0.006,0.01,-41.633,0.707,7.157,0.024,0.01,-34.841,0.714,8.293,0.028,0.011,-7.932,0.749,8.432,0.047,0.009,-45.794,0.944,5.134,0.003,0.004,-133.048,1.342,5.699,0.018,0.006,-127.685,0.964,3.758,0.015,0.009,-35.055,0.426,6.165,0.006,0.01,-15.078,0.64,11.375,0.003,0.005,-6.413,2.374
216,8645,000_000,3/29/2022 4:58,23.6,0,QPLog 10-1631 (16) rev8,FALSE,,GD,,,,,,,,,,,,,,,Fail,0,0,,2.153,2.302,0,3.062,3.074,3.318,3.42,3.919,4.219,4.299,4.357,-0.107,0,0.039,1.468,-7.839,0.018,0,-1.205,-0.306,-0.564,-0.089,2.153,0.041,0.011,-56.111,0.195,2.302,0.033,0.01,-90.71,0.223,0,0,0,0,0,3.062,0.008,0.002,-27.626,1.984,3.074,0.011,0.007,-17.041,0.47,3.318,0.008,0.007,-95.423,0.499,3.42,0.002,0.01,-18.201,0.342,3.919,0.007,0.013,-12.946,0.301,4.219,0.007,0.006,-172.868,0.703,4.299,0.111,0.007,-115.715,0.645,4.357,0.122,0.011,-46.262,0.394,4.72,0.008,0.007,-47.153,0.66,5.074,0.019,0.008,-53.663,0.601,0,0,0,0,0,5.507,0.051,0.008,-68.43,0.724,5.998,0.015,0.006,-83.755,0.924,6.062,0.016,0.005,-160.58,1.16,6.252,0.004,0.011,-31.255,0.579,6.652,0.002,0.006,-12.429,1.186,6.992,0.003,0.01,-24.365,0.698,7.154,0.162,0.007,-86.68,0.98,8.293,0.03,0.011,-26.658,0.766,8.426,0.023,0.01,-43.315,0.84,5.134,0.002,0.004,-116.699,1.279,5.698,0.008,0.009,-62.071,0.669,3.756,0.013,0.008,-37.314,0.452,6.162,0.004,0.007,-39.947,0.892,11.37,0.027,0.014,-19.077,0.795
217,8645,000_000,3/30/2022 19:50,22.2,0,QPLog 10-1631 (16) rev10,FALSE,,GD,,,,,,,,,,,,,,,Fail,0,0,,2.157,2.303,0,3.081,0,3.32,3.42,3.923,4.222,4.3,4.358,0.016,0,0.279,1.474,-7.634,0.055,0,-1.039,0.246,-0.349,0,2.157,0.036,0.013,-18.206,0.167,2.303,0.032,0.01,-37.078,0.234,0,0,0,0,0,3.081,0.008,0.012,-8.907,0.25,0,0,0,0,0,3.32,0.008,0.006,-62.167,0.559,3.42,0.002,0.003,-10.893,1.043,3.923,0.037,0.016,-7.961,0.244,4.222,0.051,0.006,-106.63,0.702,4.3,0.084,0.006,-69.117,0.67,4.358,0.091,0.01,-23.132,0.44,4.722,0.006,0.008,-33.114,0.6,5.078,0.023,0.008,-33.712,0.604,0,0,0,0,0,5.51,0.026,0.007,-31.703,0.744,6.002,0.014,0.006,-53.061,1.091,6.065,0.015,0.006,-79.388,1.088,6.264,0.006,0.006,-22.729,1.021,0,0,0,0,0,6.993,0.003,0.009,-28.996,0.748,7.158,0.162,0.008,-40.715,0.954,8.299,0.052,0.01,-21.793,0.844,8.432,0.014,0.01,-18.583,0.822,5.136,0.003,0.004,-122.749,1.22,5.702,0.009,0.006,-55.547,0.893,0,0,0,0,0,6.164,0.005,0.007,-35.923,0.86,11.372,0.001,0.003,-5.954,3.691
218,8645,000_000,3/8/2022 6:07,25.7,0,QPLog 10-1631 (16) rev3,FALSE,,GD,,,,,,,,,,,,,,,Fail,0,0,,2.148,2.3,0,3.076,0,3.317,3.42,3.914,4.219,4.301,4.357,-0.339,0,0.004,1.469,-8.124,0.017,0,-1.188,-0.145,-0.414,0.155,2.148,0.079,0.01,-59.921,0.205,2.3,0.059,0.01,-60.779,0.227,0,0,0,0,0,3.076,0.024,0.016,-16.427,0.195,0,0,0,0,0,3.317,0.016,0.009,-64.532,0.377,3.42,0.006,0.008,-30.954,0.44,3.914,0.008,0.002,-21.325,1.75,4.219,0.012,0.005,-236.054,0.81,4.301,0.021,0.006,-114.362,0.668,4.357,0.138,0.009,-70.088,0.504,4.723,0.078,0.004,-89.359,1.224,5.076,0.037,0.008,-72.547,0.65,0,0,0,0,0,5.507,0.09,0.006,-104.376,0.858,5.999,0.025,0.005,-101.909,1.12,6.063,0.029,0.005,-177.254,1.212,6.255,0.01,0.007,-82.412,0.878,6.649,0.005,0.005,-15.18,1.369,6.997,0.006,0.009,-41.219,0.754,7.157,0.024,0.01,-34.849,0.719,8.293,0.027,0.008,-10.447,1.097,8.431,0.046,0.009,-41.492,0.908,5.134,0.003,0.004,-106.038,1.323,5.699,0.016,0.006,-116.076,1.016,3.759,0.002,0.002,-38.286,1.728,6.165,0.006,0.007,-21.639,0.838,11.378,0.003,0.006,-7.339,1.916
